Wheel [2026-09-22 22:55:07] cfgWheel=0 odeWheel=0 origin=(2.800190,1.101436,0.478902) rotationVar=Wheel_Rotation_0_L suspensionVar=Axle_Suspension_0_L steeringVar=Axle_Steering_0_L pose=(2.800190,1.101400,0.508876)
Wheel [2026-09-22 22:55:07] cfgWheel=1 odeWheel=1 origin=(2.800190,-1.101436,0.478902) rotationVar=Wheel_Rotation_0_R suspensionVar=Axle_Suspension_0_R steeringVar=Axle_Steering_0_R pose=(2.800190,-1.101400,0.508876)
Wheel [2026-09-22 22:55:07] cfgWheel=2 odeWheel=2 origin=(-2.924410,0.966357,0.478902) rotationVar=Wheel_Rotation_1_L suspensionVar=Axle_Suspension_1_L steeringVar= pose=(-2.924410,0.966360,0.508876)
Wheel [2026-09-22 22:55:07] cfgWheel=3 odeWheel=3 origin=(-2.924410,-0.966357,0.478902) rotationVar=Wheel_Rotation_1_R suspensionVar=Axle_Suspension_1_R steeringVar= pose=(-2.924410,-0.966360,0.508876)
Wheel [2026-09-22 22:56:53] cfgWheel=0 odeWheel=0 origin=(2.800190,1.101436,0.478902) rotationVar=Wheel_Rotation_0_L suspensionVar=Axle_Suspension_0_L steeringVar=Axle_Steering_0_L pose=(2.800190,1.101400,0.508876)
Wheel [2026-09-22 22:56:53] cfgWheel=1 odeWheel=1 origin=(2.800190,-1.101436,0.478902) rotationVar=Wheel_Rotation_0_R suspensionVar=Axle_Suspension_0_R steeringVar=Axle_Steering_0_R pose=(2.800190,-1.101400,0.508876)
Wheel [2026-09-22 22:56:53] cfgWheel=2 odeWheel=2 origin=(-2.924410,0.966357,0.478902) rotationVar=Wheel_Rotation_1_L suspensionVar=Axle_Suspension_1_L steeringVar= pose=(-2.924410,0.966360,0.508876)
Wheel [2026-09-22 22:56:53] cfgWheel=3 odeWheel=3 origin=(-2.924410,-0.966357,0.478902) rotationVar=Wheel_Rotation_1_R suspensionVar=Axle_Suspension_1_R steeringVar= pose=(-2.924410,-0.966360,0.508876)
Wheel [2026-09-22 22:57:26] cfgWheel=0 odeWheel=0 origin=(2.800190,1.101436,0.478902) rotationVar=Wheel_Rotation_0_L suspensionVar=Axle_Suspension_0_L steeringVar=Axle_Steering_0_L pose=(2.800190,1.101400,0.508876)
Wheel [2026-09-22 22:57:26] cfgWheel=1 odeWheel=1 origin=(2.800190,-1.101436,0.478902) rotationVar=Wheel_Rotation_0_R suspensionVar=Axle_Suspension_0_R steeringVar=Axle_Steering_0_R pose=(2.800190,-1.101400,0.508876)
Wheel [2026-09-22 22:57:26] cfgWheel=2 odeWheel=2 origin=(-2.924410,0.966357,0.478902) rotationVar=Wheel_Rotation_1_L suspensionVar=Axle_Suspension_1_L steeringVar= pose=(-2.924410,0.966360,0.508876)
Wheel [2026-09-22 22:57:26] cfgWheel=3 odeWheel=3 origin=(-2.924410,-0.966357,0.478902) rotationVar=Wheel_Rotation_1_R suspensionVar=Axle_Suspension_1_R steeringVar= pose=(-2.924410,-0.966360,0.508876)
[2026-09-22 23:04:52] Application Starting OpenBus
[2026-09-22 23:04:52] Simulation Initialized ODE bus with 2 axles and 4 wheels
[2026-09-22 23:04:52] Simulation Bus simulation started at 60.000000 Hz
[2026-09-22 23:04:53] Game Loading bus model with config: SP_E400MMC\Model\Configuration Files\E400MMC_ADL_10.9m_Voith_LowHeight.cfg and model root: SP_E400MMC\Model\Converted\E400MMC_ADL_10.9m_Voith_LowHeight_obj
[2026-09-22 23:04:53] Game Finding texture with name: E4_Body_10.9_LowHeight.dds in root: SP_E400MMC/Model/Converted/E400MMC_ADL_10.9m_Voith_LowHeight_obj
[2026-09-22 23:04:53] Game Found texture at direct path: SP_E400MMC/Texture/E4_Body_10.9_LowHeight.dds
[2026-09-22 23:04:53] Game Finding texture with name: E4_Body_10.9_LowHeight.dds in root: SP_E400MMC/Model/Converted/E400MMC_ADL_10.9m_Voith_LowHeight_obj
[2026-09-22 23:04:53] Game Found texture at direct path: SP_E400MMC/Texture/E4_Body_10.9_LowHeight.dds
[2026-09-22 23:04:53] Game Finding texture with name: E4_Body_10.9_LowHeight.dds in root: SP_E400MMC/Model/Converted/E400MMC_ADL_10.9m_Voith_LowHeight_obj
[2026-09-22 23:04:53] Game Found texture at direct path: SP_E400MMC/Texture/E4_Body_10.9_LowHeight.dds
[2026-09-22 23:04:53] Game Finding texture with name: E4_Body_10.9_LowHeight.dds in root: SP_E400MMC/Model/Converted/E400MMC_ADL_10.9m_Voith_LowHeight_obj
[2026-09-22 23:04:53] Game Found texture at direct path: SP_E400MMC/Texture/E4_Body_10.9_LowHeight.dds
[2026-09-22 23:04:53] Game Finding texture with name: E4_Body_10.9_LowHeight.dds in root: SP_E400MMC/Model/Converted/E400MMC_ADL_10.9m_Voith_LowHeight_obj
[2026-09-22 23:04:53] Game Found texture at direct path: SP_E400MMC/Texture/E4_Body_10.9_LowHeight.dds
[2026-09-22 23:04:53] Game Finding texture with name: E4_Body_10.9_LowHeight.dds in root: SP_E400MMC/Model/Converted/E400MMC_ADL_10.9m_Voith_LowHeight_obj
[2026-09-22 23:04:53] Game Found texture at direct path: SP_E400MMC/Texture/E4_Body_10.9_LowHeight.dds
[2026-09-22 23:04:53] Game Finding texture with name: E4_Body_10.9_LowHeight.dds in root: SP_E400MMC/Model/Converted/E400MMC_ADL_10.9m_Voith_LowHeight_obj
[2026-09-22 23:04:53] Game Found texture at direct path: SP_E400MMC/Texture/E4_Body_10.9_LowHeight.dds
[2026-09-22 23:04:53] Game Finding texture with name: E4_Body_10.9_LowHeight.dds in root: SP_E400MMC/Model/Converted/E400MMC_ADL_10.9m_Voith_LowHeight_obj
[2026-09-22 23:04:53] Game Found texture at direct path: SP_E400MMC/Texture/E4_Body_10.9_LowHeight.dds
[2026-09-22 23:04:53] Game Finding texture with name: E4_Body_10.9_LowHeight.dds in root: SP_E400MMC/Model/Converted/E400MMC_ADL_10.9m_Voith_LowHeight_obj
[2026-09-22 23:04:53] Game Found texture at direct path: SP_E400MMC/Texture/E4_Body_10.9_LowHeight.dds
[2026-09-22 23:04:53] Game Finding texture with name: E4_Exterior_Adboards.dds in root: SP_E400MMC/Model/Converted/E400MMC_ADL_10.9m_Voith_LowHeight_obj
[2026-09-22 23:04:53] Game Found texture at direct path: SP_E400MMC/Texture/E4_Exterior_Adboards.dds
[2026-09-22 23:04:53] Game Finding texture with name: E4_Body_10.9_LowHeight.dds in root: SP_E400MMC/Model/Converted/E400MMC_ADL_10.9m_Voith_LowHeight_obj
[2026-09-22 23:04:53] Game Found texture at direct path: SP_E400MMC/Texture/E4_Body_10.9_LowHeight.dds
[2026-09-22 23:04:53] Game Finding texture with name: E4_Body_ExteriorDetail.dds in root: SP_E400MMC/Model/Converted/E400MMC_ADL_10.9m_Voith_LowHeight_obj
[2026-09-22 23:04:53] Game Found texture at direct path: SP_E400MMC/Texture/E4_Body_ExteriorDetail.dds
[2026-09-22 23:04:53] Game Finding texture with name: E4_Body_ExteriorDetail.dds in root: SP_E400MMC/Model/Converted/E400MMC_ADL_10.9m_Voith_LowHeight_obj
[2026-09-22 23:04:53] Game Found texture at direct path: SP_E400MMC/Texture/E4_Body_ExteriorDetail.dds
[2026-09-22 23:04:53] Game Finding texture with name: E4_Interior_Decals.dds in root: SP_E400MMC/Model/Converted/E400MMC_ADL_10.9m_Voith_LowHeight_obj
[2026-09-22 23:04:53] Game Found texture at direct path: SP_E400MMC/Texture/E4_Interior_Decals.dds
[2026-09-22 23:04:53] Game Finding texture with name: E4_Exterior_Adboards.dds in root: SP_E400MMC/Model/Converted/E400MMC_ADL_10.9m_Voith_LowHeight_obj
[2026-09-22 23:04:53] Game Found texture at direct path: SP_E400MMC/Texture/E4_Exterior_Adboards.dds
[2026-09-22 23:04:53] Game Finding texture with name: E4_Body_10.9_LowHeight.dds in root: SP_E400MMC/Model/Converted/E400MMC_ADL_10.9m_Voith_LowHeight_obj
[2026-09-22 23:04:53] Game Found texture at direct path: SP_E400MMC/Texture/E4_Body_10.9_LowHeight.dds
[2026-09-22 23:04:53] Game Finding texture with name: E4_Body_10.9_LowHeight.dds in root: SP_E400MMC/Model/Converted/E400MMC_ADL_10.9m_Voith_LowHeight_obj
[2026-09-22 23:04:53] Game Found texture at direct path: SP_E400MMC/Texture/E4_Body_10.9_LowHeight.dds
[2026-09-22 23:04:53] Game Finding texture with name: E4_Body_10.9_LowHeight.dds in root: SP_E400MMC/Model/Converted/E400MMC_ADL_10.9m_Voith_LowHeight_obj
[2026-09-22 23:04:53] Game Found texture at direct path: SP_E400MMC/Texture/E4_Body_10.9_LowHeight.dds
[2026-09-22 23:04:53] Game Finding texture with name: E4_Exterior_TreeBar.dds in root: SP_E400MMC/Model/Converted/E400MMC_ADL_10.9m_Voith_LowHeight_obj
[2026-09-22 23:04:53] Game Found texture at direct path: SP_E400MMC/Texture/E4_Exterior_TreeBar.dds
[2026-09-22 23:04:53] Game Finding texture with name: E4_ExteriorLights.dds in root: SP_E400MMC/Model/Converted/E400MMC_ADL_10.9m_Voith_LowHeight_obj
[2026-09-22 23:04:53] Game Found texture at direct path: SP_E400MMC/Texture/E4_ExteriorLights.dds
[2026-09-22 23:04:53] Game Finding texture with name: E4_ExteriorLights_Round.dds in root: SP_E400MMC/Model/Converted/E400MMC_ADL_10.9m_Voith_LowHeight_obj
[2026-09-22 23:04:53] Game Found texture at direct path: SP_E400MMC/Texture/E4_ExteriorLights_Round.dds
[2026-09-22 23:04:53] Game Finding texture with name: E4_Mirrors_Arms.dds in root: SP_E400MMC/Model/Converted/E400MMC_ADL_10.9m_Voith_LowHeight_obj
[2026-09-22 23:04:53] Game Found texture at direct path: SP_E400MMC/Texture/E4_Mirrors_Arms.dds
[2026-09-22 23:04:53] Game Finding texture with name: E4_Mirrors_Arms.dds in root: SP_E400MMC/Model/Converted/E400MMC_ADL_10.9m_Voith_LowHeight_obj
[2026-09-22 23:04:53] Game Found texture at direct path: SP_E400MMC/Texture/E4_Mirrors_Arms.dds
[2026-09-22 23:04:53] Game Finding texture with name: E4_Mirrors_Arms.dds in root: SP_E400MMC/Model/Converted/E400MMC_ADL_10.9m_Voith_LowHeight_obj
[2026-09-22 23:04:53] Game Found texture at direct path: SP_E400MMC/Texture/E4_Mirrors_Arms.dds
[2026-09-22 23:04:53] Game Finding texture with name: E4_Mirrors_Arms.dds in root: SP_E400MMC/Model/Converted/E400MMC_ADL_10.9m_Voith_LowHeight_obj
[2026-09-22 23:04:53] Game Found texture at direct path: SP_E400MMC/Texture/E4_Mirrors_Arms.dds
[2026-09-22 23:04:53] Game Finding texture with name: E4_Mirrors_Arms.dds in root: SP_E400MMC/Model/Converted/E400MMC_ADL_10.9m_Voith_LowHeight_obj
[2026-09-22 23:04:53] Game Found texture at direct path: SP_E400MMC/Texture/E4_Mirrors_Arms.dds
[2026-09-22 23:04:53] Game Finding texture with name: E4_Mirrors_Arms.dds in root: SP_E400MMC/Model/Converted/E400MMC_ADL_10.9m_Voith_LowHeight_obj
[2026-09-22 23:04:53] Game Found texture at direct path: SP_E400MMC/Texture/E4_Mirrors_Arms.dds
[2026-09-22 23:04:53] Game Finding texture with name: E4_Mirrors_Ashtree.dds in root: SP_E400MMC/Model/Converted/E400MMC_ADL_10.9m_Voith_LowHeight_obj
[2026-09-22 23:04:53] Game Found texture at direct path: SP_E400MMC/Texture/E4_Mirrors_Ashtree.dds
[2026-09-22 23:04:53] Game Finding texture with name: E4_Mirrors_Ashtree.dds in root: SP_E400MMC/Model/Converted/E400MMC_ADL_10.9m_Voith_LowHeight_obj
[2026-09-22 23:04:53] Game Found texture at direct path: SP_E400MMC/Texture/E4_Mirrors_Ashtree.dds
[2026-09-22 23:04:53] Game Finding texture with name: E4_Mirrors_Ashtree.dds in root: SP_E400MMC/Model/Converted/E400MMC_ADL_10.9m_Voith_LowHeight_obj
[2026-09-22 23:04:53] Game Found texture at direct path: SP_E400MMC/Texture/E4_Mirrors_Ashtree.dds
[2026-09-22 23:04:53] Game Finding texture with name: E4_Mirrors_Cameras.dds in root: SP_E400MMC/Model/Converted/E400MMC_ADL_10.9m_Voith_LowHeight_obj
[2026-09-22 23:04:53] Game Found texture at direct path: SP_E400MMC/Texture/E4_Mirrors_Cameras.dds
[2026-09-22 23:04:53] Game Finding texture with name: E4_Regplates.dds in root: SP_E400MMC/Model/Converted/E400MMC_ADL_10.9m_Voith_LowHeight_obj
[2026-09-22 23:04:53] Game Found texture at direct path: SP_E400MMC/Texture/E4_Regplates.dds
[2026-09-22 23:04:53] Game Finding texture with name: reg.dds in root: SP_E400MMC/Model/Converted/E400MMC_ADL_10.9m_Voith_LowHeight_obj
[2026-09-22 23:04:53] Game Found texture at direct path: SP_E400MMC/Texture/reg.dds
[2026-09-22 23:04:53] Game Finding texture with name: E4_ExteriorLights.dds in root: SP_E400MMC/Model/Converted/E400MMC_ADL_10.9m_Voith_LowHeight_obj
[2026-09-22 23:04:53] Game Found texture at direct path: SP_E400MMC/Texture/E4_ExteriorLights.dds
[2026-09-22 23:04:53] Game Finding texture with name: E4_ExteriorLights.dds in root: SP_E400MMC/Model/Converted/E400MMC_ADL_10.9m_Voith_LowHeight_obj
[2026-09-22 23:04:53] Game Found texture at direct path: SP_E400MMC/Texture/E4_ExteriorLights.dds
[2026-09-22 23:04:53] Game Finding texture with name: E4_Wheel_FrontNuts.dds in root: SP_E400MMC/Model/Converted/E400MMC_ADL_10.9m_Voith_LowHeight_obj
[2026-09-22 23:04:53] Game Found texture at direct path: SP_E400MMC/Texture/E4_Wheel_FrontNuts.dds
[2026-09-22 23:04:53] Game Finding texture with name: E4_Wheel_FrontAxle_Spicer.dds in root: SP_E400MMC/Model/Converted/E400MMC_ADL_10.9m_Voith_LowHeight_obj
[2026-09-22 23:04:53] Game Found texture at direct path: SP_E400MMC/Texture/E4_Wheel_FrontAxle_Spicer.dds
[2026-09-22 23:04:53] Game Finding texture with name: E4_WheelTrim_Front.dds in root: SP_E400MMC/Model/Converted/E400MMC_ADL_10.9m_Voith_LowHeight_obj
[2026-09-22 23:04:53] Game Found texture at direct path: SP_E400MMC/Texture/E4_WheelTrim_Front.dds
[2026-09-22 23:04:53] Game Finding texture with name: E4_Wheel_Alcoas.dds in root: SP_E400MMC/Model/Converted/E400MMC_ADL_10.9m_Voith_LowHeight_obj
[2026-09-22 23:04:53] Game Found texture at direct path: SP_E400MMC/Texture/E4_Wheel_Alcoas.dds
[2026-09-22 23:04:53] Game Finding texture with name: E4_Wheel_Trim1.dds in root: SP_E400MMC/Model/Converted/E400MMC_ADL_10.9m_Voith_LowHeight_obj
[2026-09-22 23:04:53] Game Found texture at direct path: SP_E400MMC/Texture/E4_Wheel_Trim1.dds
[2026-09-22 23:04:53] Game Finding texture with name: E4_Wheel_Trim2.dds in root: SP_E400MMC/Model/Converted/E400MMC_ADL_10.9m_Voith_LowHeight_obj
[2026-09-22 23:04:53] Game Found texture at direct path: SP_E400MMC/Texture/E4_Wheel_Trim2.dds
[2026-09-22 23:04:53] Game Finding texture with name: E4_Wheel_NutIndicators.dds in root: SP_E400MMC/Model/Converted/E400MMC_ADL_10.9m_Voith_LowHeight_obj
[2026-09-22 23:04:53] Game Found texture at direct path: SP_E400MMC/Texture/E4_Wheel_NutIndicators.dds
[2026-09-22 23:04:53] Game Finding texture with name: E4_Wheel_FrontNuts.dds in root: SP_E400MMC/Model/Converted/E400MMC_ADL_10.9m_Voith_LowHeight_obj
[2026-09-22 23:04:53] Game Found texture at direct path: SP_E400MMC/Texture/E4_Wheel_FrontNuts.dds
[2026-09-22 23:04:53] Game Finding texture with name: E4_Wheel_FrontAxle_Spicer.dds in root: SP_E400MMC/Model/Converted/E400MMC_ADL_10.9m_Voith_LowHeight_obj
[2026-09-22 23:04:53] Game Found texture at direct path: SP_E400MMC/Texture/E4_Wheel_FrontAxle_Spicer.dds
[2026-09-22 23:04:53] Game Finding texture with name: E4_WheelTrim_Front.dds in root: SP_E400MMC/Model/Converted/E400MMC_ADL_10.9m_Voith_LowHeight_obj
[2026-09-22 23:04:53] Game Found texture at direct path: SP_E400MMC/Texture/E4_WheelTrim_Front.dds
[2026-09-22 23:04:53] Game Finding texture with name: E4_Wheel_Alcoas.dds in root: SP_E400MMC/Model/Converted/E400MMC_ADL_10.9m_Voith_LowHeight_obj
[2026-09-22 23:04:53] Game Found texture at direct path: SP_E400MMC/Texture/E4_Wheel_Alcoas.dds
[2026-09-22 23:04:53] Game Finding texture with name: E4_Wheel_Trim1.dds in root: SP_E400MMC/Model/Converted/E400MMC_ADL_10.9m_Voith_LowHeight_obj
[2026-09-22 23:04:53] Game Found texture at direct path: SP_E400MMC/Texture/E4_Wheel_Trim1.dds
[2026-09-22 23:04:53] Game Finding texture with name: E4_Wheel_Trim2.dds in root: SP_E400MMC/Model/Converted/E400MMC_ADL_10.9m_Voith_LowHeight_obj
[2026-09-22 23:04:53] Game Found texture at direct path: SP_E400MMC/Texture/E4_Wheel_Trim2.dds
[2026-09-22 23:04:53] Game Finding texture with name: E4_Wheel_NutIndicators.dds in root: SP_E400MMC/Model/Converted/E400MMC_ADL_10.9m_Voith_LowHeight_obj
[2026-09-22 23:04:53] Game Found texture at direct path: SP_E400MMC/Texture/E4_Wheel_NutIndicators.dds
[2026-09-22 23:04:53] Game Finding texture with name: E4_WheelTrim_Rear.dds in root: SP_E400MMC/Model/Converted/E400MMC_ADL_10.9m_Voith_LowHeight_obj
[2026-09-22 23:04:53] Game Found texture at direct path: SP_E400MMC/Texture/E4_WheelTrim_Rear.dds
[2026-09-22 23:04:53] Game Finding texture with name: E4_Wheel_Alcoas.dds in root: SP_E400MMC/Model/Converted/E400MMC_ADL_10.9m_Voith_LowHeight_obj
[2026-09-22 23:04:53] Game Found texture at direct path: SP_E400MMC/Texture/E4_Wheel_Alcoas.dds
[2026-09-22 23:04:53] Game Finding texture with name: E4_Wheel_NutIndicators.dds in root: SP_E400MMC/Model/Converted/E400MMC_ADL_10.9m_Voith_LowHeight_obj
[2026-09-22 23:04:53] Game Found texture at direct path: SP_E400MMC/Texture/E4_Wheel_NutIndicators.dds
[2026-09-22 23:04:53] Game Finding texture with name: E4_WheelTrim_Rear.dds in root: SP_E400MMC/Model/Converted/E400MMC_ADL_10.9m_Voith_LowHeight_obj
[2026-09-22 23:04:53] Game Found texture at direct path: SP_E400MMC/Texture/E4_WheelTrim_Rear.dds
[2026-09-22 23:04:53] Game Finding texture with name: E4_Wheel_Alcoas.dds in root: SP_E400MMC/Model/Converted/E400MMC_ADL_10.9m_Voith_LowHeight_obj
[2026-09-22 23:04:53] Game Found texture at direct path: SP_E400MMC/Texture/E4_Wheel_Alcoas.dds
[2026-09-22 23:04:53] Game Finding texture with name: E4_Wheel_NutIndicators.dds in root: SP_E400MMC/Model/Converted/E400MMC_ADL_10.9m_Voith_LowHeight_obj
[2026-09-22 23:04:53] Game Found texture at direct path: SP_E400MMC/Texture/E4_Wheel_NutIndicators.dds
[2026-09-22 23:04:53] Game Finding texture with name: Shadow.tga in root: SP_E400MMC/Model/Converted/E400MMC_ADL_10.9m_Voith_LowHeight_obj
[2026-09-22 23:04:53] Game Found texture at direct path: SP_E400MMC/Texture/Shadow.tga
[2026-09-22 23:04:53] Game Finding texture with name: SP_Hanover_Orange.dds in root: SP_E400MMC/Model/Converted/E400MMC_ADL_10.9m_Voith_LowHeight_obj
[2026-09-22 23:04:53] Game Found texture at direct path: SP_E400MMC/Texture/SP_Hanover_Orange.dds
[2026-09-22 23:04:53] Game Finding texture with name: E4_Cab_Decals.dds in root: SP_E400MMC/Model/Converted/E400MMC_ADL_10.9m_Voith_LowHeight_obj
[2026-09-22 23:04:53] Game Found texture at direct path: SP_E400MMC/Texture/E4_Cab_Decals.dds
[2026-09-22 23:04:53] Game Finding texture with name: SP_Hanover_Orange.dds in root: SP_E400MMC/Model/Converted/E400MMC_ADL_10.9m_Voith_LowHeight_obj
[2026-09-22 23:04:53] Game Found texture at direct path: SP_E400MMC/Texture/SP_Hanover_Orange.dds
[2026-09-22 23:04:53] Game Finding texture with name: Glass.dds in root: SP_E400MMC/Model/Converted/E400MMC_ADL_10.9m_Voith_LowHeight_obj
[2026-09-22 23:04:53] Game Found texture at direct path: SP_E400MMC/Texture/Glass.dds
[2026-09-22 23:04:53] Game Finding texture with name: SP_Hanover_Orange.dds in root: SP_E400MMC/Model/Converted/E400MMC_ADL_10.9m_Voith_LowHeight_obj
[2026-09-22 23:04:53] Game Found texture at direct path: SP_E400MMC/Texture/SP_Hanover_Orange.dds
[2026-09-22 23:04:53] Game Finding texture with name: SP_Hanover_Orange.dds in root: SP_E400MMC/Model/Converted/E400MMC_ADL_10.9m_Voith_LowHeight_obj
[2026-09-22 23:04:53] Game Found texture at direct path: SP_E400MMC/Texture/SP_Hanover_Orange.dds
[2026-09-22 23:04:53] Game Finding texture with name: Glass.dds in root: SP_E400MMC/Model/Converted/E400MMC_ADL_10.9m_Voith_LowHeight_obj
[2026-09-22 23:04:53] Game Found texture at direct path: SP_E400MMC/Texture/Glass.dds
[2026-09-22 23:04:53] Game Finding texture with name: SP_Hanover_Orange.dds in root: SP_E400MMC/Model/Converted/E400MMC_ADL_10.9m_Voith_LowHeight_obj
[2026-09-22 23:04:53] Game Found texture at direct path: SP_E400MMC/Texture/SP_Hanover_Orange.dds
[2026-09-22 23:04:53] Game Finding texture with name: Grey.bmp in root: SP_E400MMC/Model/Converted/E400MMC_ADL_10.9m_Voith_LowHeight_obj
[2026-09-22 23:04:53] Game Found texture at direct path: SP_E400MMC/Texture/Grey.bmp
[2026-09-22 23:04:53] Game Finding texture with name: Glass.dds in root: SP_E400MMC/Model/Converted/E400MMC_ADL_10.9m_Voith_LowHeight_obj
[2026-09-22 23:04:53] Game Found texture at direct path: SP_E400MMC/Texture/Glass.dds
[2026-09-22 23:04:53] Game Finding texture with name: SP_Hanover_Orange.dds in root: SP_E400MMC/Model/Converted/E400MMC_ADL_10.9m_Voith_LowHeight_obj
[2026-09-22 23:04:53] Game Found texture at direct path: SP_E400MMC/Texture/SP_Hanover_Orange.dds
[2026-09-22 23:04:53] Game Finding texture with name: Grey.bmp in root: SP_E400MMC/Model/Converted/E400MMC_ADL_10.9m_Voith_LowHeight_obj
[2026-09-22 23:04:53] Game Found texture at direct path: SP_E400MMC/Texture/Grey.bmp
[2026-09-22 23:04:53] Game Finding texture with name: Glass.dds in root: SP_E400MMC/Model/Converted/E400MMC_ADL_10.9m_Voith_LowHeight_obj
[2026-09-22 23:04:53] Game Found texture at direct path: SP_E400MMC/Texture/Glass.dds
[2026-09-22 23:04:53] Game Finding texture with name: SP_Hanover_Orange.dds in root: SP_E400MMC/Model/Converted/E400MMC_ADL_10.9m_Voith_LowHeight_obj
[2026-09-22 23:04:53] Game Found texture at direct path: SP_E400MMC/Texture/SP_Hanover_Orange.dds
[2026-09-22 23:04:53] Game Finding texture with name: Glass.dds in root: SP_E400MMC/Model/Converted/E400MMC_ADL_10.9m_Voith_LowHeight_obj
[2026-09-22 23:04:53] Game Found texture at direct path: SP_E400MMC/Texture/Glass.dds
[2026-09-22 23:04:53] Game Finding texture with name: Grey.bmp in root: SP_E400MMC/Model/Converted/E400MMC_ADL_10.9m_Voith_LowHeight_obj
[2026-09-22 23:04:53] Game Found texture at direct path: SP_E400MMC/Texture/Grey.bmp
[2026-09-22 23:04:53] Game Finding texture with name: SP_Hanover_Orange.dds in root: SP_E400MMC/Model/Converted/E400MMC_ADL_10.9m_Voith_LowHeight_obj
[2026-09-22 23:04:53] Game Found texture at direct path: SP_E400MMC/Texture/SP_Hanover_Orange.dds
[2026-09-22 23:04:53] Game Finding texture with name: Glass.dds in root: SP_E400MMC/Model/Converted/E400MMC_ADL_10.9m_Voith_LowHeight_obj
[2026-09-22 23:04:53] Game Found texture at direct path: SP_E400MMC/Texture/Glass.dds
[2026-09-22 23:04:53] Game Finding texture with name: E4_Body_10.9_LowHeight.dds in root: SP_E400MMC/Model/Converted/E400MMC_ADL_10.9m_Voith_LowHeight_obj
[2026-09-22 23:04:53] Game Found texture at direct path: SP_E400MMC/Texture/E4_Body_10.9_LowHeight.dds
[2026-09-22 23:04:53] Game Finding texture with name: E4_Body_10.9_LowHeight.dds in root: SP_E400MMC/Model/Converted/E400MMC_ADL_10.9m_Voith_LowHeight_obj
[2026-09-22 23:04:53] Game Found texture at direct path: SP_E400MMC/Texture/E4_Body_10.9_LowHeight.dds
[2026-09-22 23:04:53] Game Finding texture with name: E4_Body_10.9_LowHeight.dds in root: SP_E400MMC/Model/Converted/E400MMC_ADL_10.9m_Voith_LowHeight_obj
[2026-09-22 23:04:53] Game Found texture at direct path: SP_E400MMC/Texture/E4_Body_10.9_LowHeight.dds
[2026-09-22 23:04:53] Game Finding texture with name: E4_Body_10.9_LowHeight.dds in root: SP_E400MMC/Model/Converted/E400MMC_ADL_10.9m_Voith_LowHeight_obj
[2026-09-22 23:04:53] Game Found texture at direct path: SP_E400MMC/Texture/E4_Body_10.9_LowHeight.dds
[2026-09-22 23:04:53] Game Finding texture with name: E4_Body_10.9_LowHeight.dds in root: SP_E400MMC/Model/Converted/E400MMC_ADL_10.9m_Voith_LowHeight_obj
[2026-09-22 23:04:53] Game Found texture at direct path: SP_E400MMC/Texture/E4_Body_10.9_LowHeight.dds
[2026-09-22 23:04:53] Game Finding texture with name: reg.dds in root: SP_E400MMC/Model/Converted/E400MMC_ADL_10.9m_Voith_LowHeight_obj
[2026-09-22 23:04:53] Game Found texture at direct path: SP_E400MMC/Texture/reg.dds
[2026-09-22 23:04:53] Game Finding texture with name: reg.dds in root: SP_E400MMC/Model/Converted/E400MMC_ADL_10.9m_Voith_LowHeight_obj
[2026-09-22 23:04:53] Game Found texture at direct path: SP_E400MMC/Texture/reg.dds
[2026-09-22 23:04:53] Game Finding texture with name: reg.dds in root: SP_E400MMC/Model/Converted/E400MMC_ADL_10.9m_Voith_LowHeight_obj
[2026-09-22 23:04:53] Game Found texture at direct path: SP_E400MMC/Texture/reg.dds
[2026-09-22 23:04:53] Game Finding texture with name: reg.dds in root: SP_E400MMC/Model/Converted/E400MMC_ADL_10.9m_Voith_LowHeight_obj
[2026-09-22 23:04:53] Game Found texture at direct path: SP_E400MMC/Texture/reg.dds
[2026-09-22 23:04:53] Game Finding texture with name: reg.dds in root: SP_E400MMC/Model/Converted/E400MMC_ADL_10.9m_Voith_LowHeight_obj
[2026-09-22 23:04:53] Game Found texture at direct path: SP_E400MMC/Texture/reg.dds
[2026-09-22 23:04:53] Game Finding texture with name: reg.dds in root: SP_E400MMC/Model/Converted/E400MMC_ADL_10.9m_Voith_LowHeight_obj
[2026-09-22 23:04:53] Game Found texture at direct path: SP_E400MMC/Texture/reg.dds
[2026-09-22 23:04:53] Game Finding texture with name: E4_CCTV_Interlaced.dds in root: SP_E400MMC/Model/Converted/E400MMC_ADL_10.9m_Voith_LowHeight_obj
[2026-09-22 23:04:53] Game Found texture at direct path: SP_E400MMC/Texture/E4_CCTV_Interlaced.dds
[2026-09-22 23:04:53] Game Finding texture with name: E4_Cab_DriversBlind.dds in root: SP_E400MMC/Model/Converted/E400MMC_ADL_10.9m_Voith_LowHeight_obj
[2026-09-22 23:04:53] Game Found texture at direct path: SP_E400MMC/Texture/E4_Cab_DriversBlind.dds
[2026-09-22 23:04:53] Game Finding texture with name: E4_Cab_Misc.dds in root: SP_E400MMC/Model/Converted/E400MMC_ADL_10.9m_Voith_LowHeight_obj
[2026-09-22 23:04:53] Game Found texture at direct path: SP_E400MMC/Texture/E4_Cab_Misc.dds
[2026-09-22 23:04:53] Game Finding texture with name: E4_Cab_DriversSeat.dds in root: SP_E400MMC/Model/Converted/E400MMC_ADL_10.9m_Voith_LowHeight_obj
[2026-09-22 23:04:53] Game Found texture at direct path: SP_E400MMC/Texture/E4_Cab_DriversSeat.dds
[2026-09-22 23:04:53] Game Finding texture with name: E4_Cab_DriversSeat.dds in root: SP_E400MMC/Model/Converted/E400MMC_ADL_10.9m_Voith_LowHeight_obj
[2026-09-22 23:04:53] Game Found texture at direct path: SP_E400MMC/Texture/E4_Cab_DriversSeat.dds
[2026-09-22 23:04:53] Game Finding texture with name: E4_Cab_Mouldings.dds in root: SP_E400MMC/Model/Converted/E400MMC_ADL_10.9m_Voith_LowHeight_obj
[2026-09-22 23:04:53] Game Found texture at direct path: SP_E400MMC/Texture/E4_Cab_Mouldings.dds
[2026-09-22 23:04:53] Game Finding texture with name: E4_Cab_Door.dds in root: SP_E400MMC/Model/Converted/E400MMC_ADL_10.9m_Voith_LowHeight_obj
[2026-09-22 23:04:53] Game Found texture at direct path: SP_E400MMC/Texture/E4_Cab_Door.dds
[2026-09-22 23:04:53] Game Finding texture with name: E4_Cab_Door.dds in root: SP_E400MMC/Model/Converted/E400MMC_ADL_10.9m_Voith_LowHeight_obj
[2026-09-22 23:04:53] Game Found texture at direct path: SP_E400MMC/Texture/E4_Cab_Door.dds
[2026-09-22 23:04:53] Game Finding texture with name: E4_Cab_Door.dds in root: SP_E400MMC/Model/Converted/E400MMC_ADL_10.9m_Voith_LowHeight_obj
[2026-09-22 23:04:53] Game Found texture at direct path: SP_E400MMC/Texture/E4_Cab_Door.dds
[2026-09-22 23:04:53] Game Finding texture with name: E4_Cab_Door.dds in root: SP_E400MMC/Model/Converted/E400MMC_ADL_10.9m_Voith_LowHeight_obj
[2026-09-22 23:04:53] Game Found texture at direct path: SP_E400MMC/Texture/E4_Cab_Door.dds
[2026-09-22 23:04:53] Game Finding texture with name: E4_Cab_Door.dds in root: SP_E400MMC/Model/Converted/E400MMC_ADL_10.9m_Voith_LowHeight_obj
[2026-09-22 23:04:53] Game Found texture at direct path: SP_E400MMC/Texture/E4_Cab_Door.dds
[2026-09-22 23:04:53] Game Finding texture with name: E4_Cab_AssaultShield.dds in root: SP_E400MMC/Model/Converted/E400MMC_ADL_10.9m_Voith_LowHeight_obj
[2026-09-22 23:04:53] Game Found texture at direct path: SP_E400MMC/Texture/E4_Cab_AssaultShield.dds
[2026-09-22 23:04:53] Game Finding texture with name: E4_Cab_AssaultShield.dds in root: SP_E400MMC/Model/Converted/E400MMC_ADL_10.9m_Voith_LowHeight_obj
[2026-09-22 23:04:53] Game Found texture at direct path: SP_E400MMC/Texture/E4_Cab_AssaultShield.dds
[2026-09-22 23:04:53] Game Finding texture with name: E4_Cab_AssaultShield.dds in root: SP_E400MMC/Model/Converted/E400MMC_ADL_10.9m_Voith_LowHeight_obj
[2026-09-22 23:04:53] Game Found texture at direct path: SP_E400MMC/Texture/E4_Cab_AssaultShield.dds
[2026-09-22 23:04:53] Game Finding texture with name: E4_Cab_AssaultShield.dds in root: SP_E400MMC/Model/Converted/E400MMC_ADL_10.9m_Voith_LowHeight_obj
[2026-09-22 23:04:53] Game Found texture at direct path: SP_E400MMC/Texture/E4_Cab_AssaultShield.dds
[2026-09-22 23:04:53] Game Finding texture with name: E4_Cab_Door.dds in root: SP_E400MMC/Model/Converted/E400MMC_ADL_10.9m_Voith_LowHeight_obj
[2026-09-22 23:04:53] Game Found texture at direct path: SP_E400MMC/Texture/E4_Cab_Door.dds
[2026-09-22 23:04:53] Game Finding texture with name: E4_Cab_Door.dds in root: SP_E400MMC/Model/Converted/E400MMC_ADL_10.9m_Voith_LowHeight_obj
[2026-09-22 23:04:53] Game Found texture at direct path: SP_E400MMC/Texture/E4_Cab_Door.dds
[2026-09-22 23:04:53] Game Finding texture with name: E4_Cab_Door.dds in root: SP_E400MMC/Model/Converted/E400MMC_ADL_10.9m_Voith_LowHeight_obj
[2026-09-22 23:04:53] Game Found texture at direct path: SP_E400MMC/Texture/E4_Cab_Door.dds
[2026-09-22 23:04:53] Game Finding texture with name: E4_Cab_Misc.dds in root: SP_E400MMC/Model/Converted/E400MMC_ADL_10.9m_Voith_LowHeight_obj
[2026-09-22 23:04:53] Game Found texture at direct path: SP_E400MMC/Texture/E4_Cab_Misc.dds
[2026-09-22 23:04:53] Game Finding texture with name: E4_Interior_BlackGlass.dds in root: SP_E400MMC/Model/Converted/E400MMC_ADL_10.9m_Voith_LowHeight_obj
[2026-09-22 23:04:53] Game Found texture at direct path: SP_E400MMC/Texture/E4_Interior_BlackGlass.dds
[2026-09-22 23:04:53] Game Finding texture with name: reg.dds in root: SP_E400MMC/Model/Converted/E400MMC_ADL_10.9m_Voith_LowHeight_obj
[2026-09-22 23:04:53] Game Found texture at direct path: SP_E400MMC/Texture/reg.dds
[2026-09-22 23:04:53] Game Finding texture with name: reg.dds in root: SP_E400MMC/Model/Converted/E400MMC_ADL_10.9m_Voith_LowHeight_obj
[2026-09-22 23:04:53] Game Found texture at direct path: SP_E400MMC/Texture/reg.dds
[2026-09-22 23:04:53] Game Finding texture with name: E4_Cab_Misc.dds in root: SP_E400MMC/Model/Converted/E400MMC_ADL_10.9m_Voith_LowHeight_obj
[2026-09-22 23:04:53] Game Found texture at direct path: SP_E400MMC/Texture/E4_Cab_Misc.dds
[2026-09-22 23:04:53] Game Finding texture with name: E4_Cab_Misc.dds in root: SP_E400MMC/Model/Converted/E400MMC_ADL_10.9m_Voith_LowHeight_obj
[2026-09-22 23:04:53] Game Found texture at direct path: SP_E400MMC/Texture/E4_Cab_Misc.dds
[2026-09-22 23:04:53] Game Finding texture with name: E4_Dashboard.dds in root: SP_E400MMC/Model/Converted/E400MMC_ADL_10.9m_Voith_LowHeight_obj
[2026-09-22 23:04:53] Game Found texture at direct path: SP_E400MMC/Texture/E4_Dashboard.dds
[2026-09-22 23:04:53] Game Finding texture with name: E4_Dash_Switches.dds in root: SP_E400MMC/Model/Converted/E400MMC_ADL_10.9m_Voith_LowHeight_obj
[2026-09-22 23:04:53] Game Found texture at direct path: SP_E400MMC/Texture/E4_Dash_Switches.dds
[2026-09-22 23:04:53] Game Finding texture with name: E4_Dash_Switches.dds in root: SP_E400MMC/Model/Converted/E400MMC_ADL_10.9m_Voith_LowHeight_obj
[2026-09-22 23:04:53] Game Found texture at direct path: SP_E400MMC/Texture/E4_Dash_Switches.dds
[2026-09-22 23:04:53] Game Finding texture with name: E4_Dash_Switches.dds in root: SP_E400MMC/Model/Converted/E400MMC_ADL_10.9m_Voith_LowHeight_obj
[2026-09-22 23:04:53] Game Found texture at direct path: SP_E400MMC/Texture/E4_Dash_Switches.dds
[2026-09-22 23:04:53] Game Finding texture with name: E4_Dashboard.dds in root: SP_E400MMC/Model/Converted/E400MMC_ADL_10.9m_Voith_LowHeight_obj
[2026-09-22 23:04:53] Game Found texture at direct path: SP_E400MMC/Texture/E4_Dashboard.dds
[2026-09-22 23:04:53] Game Finding texture with name: E4_Dashboard.dds in root: SP_E400MMC/Model/Converted/E400MMC_ADL_10.9m_Voith_LowHeight_obj
[2026-09-22 23:04:53] Game Found texture at direct path: SP_E400MMC/Texture/E4_Dashboard.dds
[2026-09-22 23:04:53] Game Finding texture with name: Schedule.bmp in root: SP_E400MMC/Model/Converted/E400MMC_ADL_10.9m_Voith_LowHeight_obj
[2026-09-22 23:04:53] Game Found texture at direct path: SP_E400MMC/Texture/Schedule.bmp
[2026-09-22 23:04:53] Game Finding texture with name: Schedule.bmp in root: SP_E400MMC/Model/Converted/E400MMC_ADL_10.9m_Voith_LowHeight_obj
[2026-09-22 23:04:53] Game Found texture at direct path: SP_E400MMC/Texture/Schedule.bmp
[2026-09-22 23:04:53] Game Finding texture with name: E4_Dash_Binnacle.dds in root: SP_E400MMC/Model/Converted/E400MMC_ADL_10.9m_Voith_LowHeight_obj
[2026-09-22 23:04:53] Game Found texture at direct path: SP_E400MMC/Texture/E4_Dash_Binnacle.dds
[2026-09-22 23:04:53] Game Finding texture with name: E4_Dash_Binnacle.dds in root: SP_E400MMC/Model/Converted/E400MMC_ADL_10.9m_Voith_LowHeight_obj
[2026-09-22 23:04:53] Game Found texture at direct path: SP_E400MMC/Texture/E4_Dash_Binnacle.dds
[2026-09-22 23:04:53] Game Finding texture with name: E4_Dash_Binnacle.dds in root: SP_E400MMC/Model/Converted/E400MMC_ADL_10.9m_Voith_LowHeight_obj
[2026-09-22 23:04:53] Game Found texture at direct path: SP_E400MMC/Texture/E4_Dash_Binnacle.dds
[2026-09-22 23:04:53] Game Finding texture with name: E4_Dash_Binnacle.dds in root: SP_E400MMC/Model/Converted/E400MMC_ADL_10.9m_Voith_LowHeight_obj
[2026-09-22 23:04:53] Game Found texture at direct path: SP_E400MMC/Texture/E4_Dash_Binnacle.dds
[2026-09-22 23:04:53] Game Finding texture with name: E4_Dash_Binnacle.dds in root: SP_E400MMC/Model/Converted/E400MMC_ADL_10.9m_Voith_LowHeight_obj
[2026-09-22 23:04:53] Game Found texture at direct path: SP_E400MMC/Texture/E4_Dash_Binnacle.dds
[2026-09-22 23:04:53] Game Finding texture with name: E4_Dash_Binnacle.dds in root: SP_E400MMC/Model/Converted/E400MMC_ADL_10.9m_Voith_LowHeight_obj
[2026-09-22 23:04:53] Game Found texture at direct path: SP_E400MMC/Texture/E4_Dash_Binnacle.dds
[2026-09-22 23:04:53] Game Finding texture with name: E4_Dash_Binnacle.dds in root: SP_E400MMC/Model/Converted/E400MMC_ADL_10.9m_Voith_LowHeight_obj
[2026-09-22 23:04:53] Game Found texture at direct path: SP_E400MMC/Texture/E4_Dash_Binnacle.dds
[2026-09-22 23:04:53] Game Finding texture with name: E4_Dash_Binnacle.dds in root: SP_E400MMC/Model/Converted/E400MMC_ADL_10.9m_Voith_LowHeight_obj
[2026-09-22 23:04:53] Game Found texture at direct path: SP_E400MMC/Texture/E4_Dash_Binnacle.dds
[2026-09-22 23:04:53] Game Finding texture with name: E4_Dash_Binnacle.dds in root: SP_E400MMC/Model/Converted/E400MMC_ADL_10.9m_Voith_LowHeight_obj
[2026-09-22 23:04:53] Game Found texture at direct path: SP_E400MMC/Texture/E4_Dash_Binnacle.dds
[2026-09-22 23:04:53] Game Finding texture with name: E4_Dash_Binnacle.dds in root: SP_E400MMC/Model/Converted/E400MMC_ADL_10.9m_Voith_LowHeight_obj
[2026-09-22 23:04:53] Game Found texture at direct path: SP_E400MMC/Texture/E4_Dash_Binnacle.dds
[2026-09-22 23:04:53] Game Finding texture with name: E4_Dash_Binnacle.dds in root: SP_E400MMC/Model/Converted/E400MMC_ADL_10.9m_Voith_LowHeight_obj
[2026-09-22 23:04:53] Game Found texture at direct path: SP_E400MMC/Texture/E4_Dash_Binnacle.dds
[2026-09-22 23:04:53] Game Finding texture with name: E4_Dash_Binnacle.dds in root: SP_E400MMC/Model/Converted/E400MMC_ADL_10.9m_Voith_LowHeight_obj
[2026-09-22 23:04:53] Game Found texture at direct path: SP_E400MMC/Texture/E4_Dash_Binnacle.dds
[2026-09-22 23:04:53] Game Finding texture with name: E4_Dash_Binnacle.dds in root: SP_E400MMC/Model/Converted/E400MMC_ADL_10.9m_Voith_LowHeight_obj
[2026-09-22 23:04:53] Game Found texture at direct path: SP_E400MMC/Texture/E4_Dash_Binnacle.dds
[2026-09-22 23:04:53] Game Finding texture with name: E4_Dash_Binnacle.dds in root: SP_E400MMC/Model/Converted/E400MMC_ADL_10.9m_Voith_LowHeight_obj
[2026-09-22 23:04:53] Game Found texture at direct path: SP_E400MMC/Texture/E4_Dash_Binnacle.dds
[2026-09-22 23:04:53] Game Finding texture with name: E4_Dash_Binnacle.dds in root: SP_E400MMC/Model/Converted/E400MMC_ADL_10.9m_Voith_LowHeight_obj
[2026-09-22 23:04:53] Game Found texture at direct path: SP_E400MMC/Texture/E4_Dash_Binnacle.dds
[2026-09-22 23:04:53] Game Finding texture with name: E4_Dash_Binnacle.dds in root: SP_E400MMC/Model/Converted/E400MMC_ADL_10.9m_Voith_LowHeight_obj
[2026-09-22 23:04:53] Game Found texture at direct path: SP_E400MMC/Texture/E4_Dash_Binnacle.dds
[2026-09-22 23:04:53] Game Finding texture with name: E4_Dash_Binnacle.dds in root: SP_E400MMC/Model/Converted/E400MMC_ADL_10.9m_Voith_LowHeight_obj
[2026-09-22 23:04:53] Game Found texture at direct path: SP_E400MMC/Texture/E4_Dash_Binnacle.dds
[2026-09-22 23:04:53] Game Finding texture with name: E4_Dash_Binnacle.dds in root: SP_E400MMC/Model/Converted/E400MMC_ADL_10.9m_Voith_LowHeight_obj
[2026-09-22 23:04:53] Game Found texture at direct path: SP_E400MMC/Texture/E4_Dash_Binnacle.dds
[2026-09-22 23:04:53] Game Finding texture with name: E4_Dash_Binnacle.dds in root: SP_E400MMC/Model/Converted/E400MMC_ADL_10.9m_Voith_LowHeight_obj
[2026-09-22 23:04:53] Game Found texture at direct path: SP_E400MMC/Texture/E4_Dash_Binnacle.dds
[2026-09-22 23:04:53] Game Finding texture with name: E4_Dash_Binnacle.dds in root: SP_E400MMC/Model/Converted/E400MMC_ADL_10.9m_Voith_LowHeight_obj
[2026-09-22 23:04:53] Game Found texture at direct path: SP_E400MMC/Texture/E4_Dash_Binnacle.dds
[2026-09-22 23:04:53] Game Finding texture with name: E4_Dash_Binnacle.dds in root: SP_E400MMC/Model/Converted/E400MMC_ADL_10.9m_Voith_LowHeight_obj
[2026-09-22 23:04:53] Game Found texture at direct path: SP_E400MMC/Texture/E4_Dash_Binnacle.dds
[2026-09-22 23:04:53] Game Finding texture with name: E4_Dash_Binnacle.dds in root: SP_E400MMC/Model/Converted/E400MMC_ADL_10.9m_Voith_LowHeight_obj
[2026-09-22 23:04:53] Game Found texture at direct path: SP_E400MMC/Texture/E4_Dash_Binnacle.dds
[2026-09-22 23:04:53] Game Finding texture with name: E4_Dash_Binnacle.dds in root: SP_E400MMC/Model/Converted/E400MMC_ADL_10.9m_Voith_LowHeight_obj
[2026-09-22 23:04:53] Game Found texture at direct path: SP_E400MMC/Texture/E4_Dash_Binnacle.dds
[2026-09-22 23:04:53] Game Finding texture with name: E4_Dash_Binnacle.dds in root: SP_E400MMC/Model/Converted/E400MMC_ADL_10.9m_Voith_LowHeight_obj
[2026-09-22 23:04:53] Game Found texture at direct path: SP_E400MMC/Texture/E4_Dash_Binnacle.dds
[2026-09-22 23:04:53] Game Finding texture with name: E4_Dash_Binnacle.dds in root: SP_E400MMC/Model/Converted/E400MMC_ADL_10.9m_Voith_LowHeight_obj
[2026-09-22 23:04:53] Game Found texture at direct path: SP_E400MMC/Texture/E4_Dash_Binnacle.dds
[2026-09-22 23:04:53] Game Finding texture with name: E4_Dashboard.dds in root: SP_E400MMC/Model/Converted/E400MMC_ADL_10.9m_Voith_LowHeight_obj
[2026-09-22 23:04:53] Game Found texture at direct path: SP_E400MMC/Texture/E4_Dashboard.dds
[2026-09-22 23:04:53] Game Finding texture with name: E4_Dash_Misc.dds in root: SP_E400MMC/Model/Converted/E400MMC_ADL_10.9m_Voith_LowHeight_obj
[2026-09-22 23:04:53] Game Found texture at direct path: SP_E400MMC/Texture/E4_Dash_Misc.dds
[2026-09-22 23:04:53] Game Finding texture with name: E4_Dash_Misc.dds in root: SP_E400MMC/Model/Converted/E400MMC_ADL_10.9m_Voith_LowHeight_obj
[2026-09-22 23:04:53] Game Found texture at direct path: SP_E400MMC/Texture/E4_Dash_Misc.dds
[2026-09-22 23:04:53] Game Finding texture with name: E4_Dash_Misc.dds in root: SP_E400MMC/Model/Converted/E400MMC_ADL_10.9m_Voith_LowHeight_obj
[2026-09-22 23:04:53] Game Found texture at direct path: SP_E400MMC/Texture/E4_Dash_Misc.dds
[2026-09-22 23:04:53] Game Finding texture with name: E4_Dash_Screen_Bar_White.dds in root: SP_E400MMC/Model/Converted/E400MMC_ADL_10.9m_Voith_LowHeight_obj
[2026-09-22 23:04:53] Game Found texture at direct path: SP_E400MMC/Texture/E4_Dash_Screen_Bar_White.dds
[2026-09-22 23:04:53] Game Finding texture with name: E4_Dash_Screen_Bar_White.dds in root: SP_E400MMC/Model/Converted/E400MMC_ADL_10.9m_Voith_LowHeight_obj
[2026-09-22 23:04:53] Game Found texture at direct path: SP_E400MMC/Texture/E4_Dash_Screen_Bar_White.dds
[2026-09-22 23:04:53] Game Finding texture with name: E4_Dash_Screen_Main.dds in root: SP_E400MMC/Model/Converted/E400MMC_ADL_10.9m_Voith_LowHeight_obj
[2026-09-22 23:04:53] Game Found texture at direct path: SP_E400MMC/Texture/E4_Dash_Screen_Main.dds
[2026-09-22 23:04:53] Game Finding texture with name: E4_Dash_Screen_Bus.dds in root: SP_E400MMC/Model/Converted/E400MMC_ADL_10.9m_Voith_LowHeight_obj
[2026-09-22 23:04:53] Game Found texture at direct path: SP_E400MMC/Texture/E4_Dash_Screen_Bus.dds
[2026-09-22 23:04:53] Game Finding texture with name: E4_Dash_Screen_KneelUp.dds in root: SP_E400MMC/Model/Converted/E400MMC_ADL_10.9m_Voith_LowHeight_obj
[2026-09-22 23:04:53] Game Found texture at direct path: SP_E400MMC/Texture/E4_Dash_Screen_KneelUp.dds
[2026-09-22 23:04:53] Game Finding texture with name: E4_Dash_Screen_KneelDown.dds in root: SP_E400MMC/Model/Converted/E400MMC_ADL_10.9m_Voith_LowHeight_obj
[2026-09-22 23:04:53] Game Found texture at direct path: SP_E400MMC/Texture/E4_Dash_Screen_KneelDown.dds
[2026-09-22 23:04:53] Game Finding texture with name: E4_Dash_Screen_Doors_Front_Outside.dds in root: SP_E400MMC/Model/Converted/E400MMC_ADL_10.9m_Voith_LowHeight_obj
[2026-09-22 23:04:53] Game Found texture at direct path: SP_E400MMC/Texture/E4_Dash_Screen_Doors_Front_Outside.dds
[2026-09-22 23:04:53] Game Finding texture with name: E4_Dash_Screen_Ramp.dds in root: SP_E400MMC/Model/Converted/E400MMC_ADL_10.9m_Voith_LowHeight_obj
[2026-09-22 23:04:53] Game Found texture at direct path: SP_E400MMC/Texture/E4_Dash_Screen_Ramp.dds
[2026-09-22 23:04:53] Game Finding texture with name: E4_Dash_Screen_HVAC_Temp_0.dds in root: SP_E400MMC/Model/Converted/E400MMC_ADL_10.9m_Voith_LowHeight_obj
[2026-09-22 23:04:53] Game Found texture at direct path: SP_E400MMC/Texture/E4_Dash_Screen_HVAC_Temp_0.dds
[2026-09-22 23:04:53] Game Finding texture with name: E4_Dash_Screen_HVAC_Temp_1.dds in root: SP_E400MMC/Model/Converted/E400MMC_ADL_10.9m_Voith_LowHeight_obj
[2026-09-22 23:04:53] Game Found texture at direct path: SP_E400MMC/Texture/E4_Dash_Screen_HVAC_Temp_1.dds
[2026-09-22 23:04:53] Game Finding texture with name: E4_Dash_Screen_HVAC_Temp_2.dds in root: SP_E400MMC/Model/Converted/E400MMC_ADL_10.9m_Voith_LowHeight_obj
[2026-09-22 23:04:53] Game Found texture at direct path: SP_E400MMC/Texture/E4_Dash_Screen_HVAC_Temp_2.dds
[2026-09-22 23:04:53] Game Finding texture with name: E4_Dash_Screen_HVAC_Temp_3.dds in root: SP_E400MMC/Model/Converted/E400MMC_ADL_10.9m_Voith_LowHeight_obj
[2026-09-22 23:04:53] Game Found texture at direct path: SP_E400MMC/Texture/E4_Dash_Screen_HVAC_Temp_3.dds
[2026-09-22 23:04:53] Game Finding texture with name: E4_Dash_Screen_HVAC_Temp_4.dds in root: SP_E400MMC/Model/Converted/E400MMC_ADL_10.9m_Voith_LowHeight_obj
[2026-09-22 23:04:53] Game Found texture at direct path: SP_E400MMC/Texture/E4_Dash_Screen_HVAC_Temp_4.dds
[2026-09-22 23:04:53] Game Finding texture with name: E4_Dash_Screen_HVAC_Fans_0.dds in root: SP_E400MMC/Model/Converted/E400MMC_ADL_10.9m_Voith_LowHeight_obj
[2026-09-22 23:04:53] Game Found texture at direct path: SP_E400MMC/Texture/E4_Dash_Screen_HVAC_Fans_0.dds
[2026-09-22 23:04:53] Game Finding texture with name: E4_Dash_Screen_HVAC_Fans_1.dds in root: SP_E400MMC/Model/Converted/E400MMC_ADL_10.9m_Voith_LowHeight_obj
[2026-09-22 23:04:53] Game Found texture at direct path: SP_E400MMC/Texture/E4_Dash_Screen_HVAC_Fans_1.dds
[2026-09-22 23:04:53] Game Finding texture with name: E4_Dash_Screen_HVAC_Fans_2.dds in root: SP_E400MMC/Model/Converted/E400MMC_ADL_10.9m_Voith_LowHeight_obj
[2026-09-22 23:04:53] Game Found texture at direct path: SP_E400MMC/Texture/E4_Dash_Screen_HVAC_Fans_2.dds
[2026-09-22 23:04:53] Game Finding texture with name: E4_Dash_Screen_HVAC_Fans_3.dds in root: SP_E400MMC/Model/Converted/E400MMC_ADL_10.9m_Voith_LowHeight_obj
[2026-09-22 23:04:53] Game Found texture at direct path: SP_E400MMC/Texture/E4_Dash_Screen_HVAC_Fans_3.dds
[2026-09-22 23:04:53] Game Finding texture with name: E4_Dash_Screen_HVAC_Fans_4.dds in root: SP_E400MMC/Model/Converted/E400MMC_ADL_10.9m_Voith_LowHeight_obj
[2026-09-22 23:04:53] Game Found texture at direct path: SP_E400MMC/Texture/E4_Dash_Screen_HVAC_Fans_4.dds
[2026-09-22 23:04:53] Game Finding texture with name: E4_Dash_Screen_HVAC_Fans_5.dds in root: SP_E400MMC/Model/Converted/E400MMC_ADL_10.9m_Voith_LowHeight_obj
[2026-09-22 23:04:53] Game Found texture at direct path: SP_E400MMC/Texture/E4_Dash_Screen_HVAC_Fans_5.dds
[2026-09-22 23:04:53] Game Finding texture with name: E4_Dash_Screen_Start.tga in root: SP_E400MMC/Model/Converted/E400MMC_ADL_10.9m_Voith_LowHeight_obj
[2026-09-22 23:04:53] Game Found texture at direct path: SP_E400MMC/Texture/E4_Dash_Screen_Start.tga
[2026-09-22 23:04:53] Game Finding texture with name: reg.dds in root: SP_E400MMC/Model/Converted/E400MMC_ADL_10.9m_Voith_LowHeight_obj
[2026-09-22 23:04:53] Game Found texture at direct path: SP_E400MMC/Texture/reg.dds
[2026-09-22 23:04:53] Game Finding texture with name: reg.dds in root: SP_E400MMC/Model/Converted/E400MMC_ADL_10.9m_Voith_LowHeight_obj
[2026-09-22 23:04:53] Game Found texture at direct path: SP_E400MMC/Texture/reg.dds
[2026-09-22 23:04:53] Game Finding texture with name: reg.dds in root: SP_E400MMC/Model/Converted/E400MMC_ADL_10.9m_Voith_LowHeight_obj
[2026-09-22 23:04:53] Game Found texture at direct path: SP_E400MMC/Texture/reg.dds
[2026-09-22 23:04:53] Game Finding texture with name: E4_Dash_Screen_InfoScreen.dds in root: SP_E400MMC/Model/Converted/E400MMC_ADL_10.9m_Voith_LowHeight_obj
[2026-09-22 23:04:53] Game Found texture at direct path: SP_E400MMC/Texture/E4_Dash_Screen_InfoScreen.dds
[2026-09-22 23:04:53] Game Finding texture with name: reg.dds in root: SP_E400MMC/Model/Converted/E400MMC_ADL_10.9m_Voith_LowHeight_obj
[2026-09-22 23:04:53] Game Found texture at direct path: SP_E400MMC/Texture/reg.dds
[2026-09-22 23:04:53] Game Finding texture with name: reg.dds in root: SP_E400MMC/Model/Converted/E400MMC_ADL_10.9m_Voith_LowHeight_obj
[2026-09-22 23:04:53] Game Found texture at direct path: SP_E400MMC/Texture/reg.dds
[2026-09-22 23:04:53] Game Finding texture with name: E4_Dash_Misc.dds in root: SP_E400MMC/Model/Converted/E400MMC_ADL_10.9m_Voith_LowHeight_obj
[2026-09-22 23:04:53] Game Found texture at direct path: SP_E400MMC/Texture/E4_Dash_Misc.dds
[2026-09-22 23:04:53] Game Finding texture with name: E4_Dashboard.dds in root: SP_E400MMC/Model/Converted/E400MMC_ADL_10.9m_Voith_LowHeight_obj
[2026-09-22 23:04:53] Game Found texture at direct path: SP_E400MMC/Texture/E4_Dashboard.dds
[2026-09-22 23:04:53] Game Finding texture with name: E4_Dash_Misc.dds in root: SP_E400MMC/Model/Converted/E400MMC_ADL_10.9m_Voith_LowHeight_obj
[2026-09-22 23:04:53] Game Found texture at direct path: SP_E400MMC/Texture/E4_Dash_Misc.dds
[2026-09-22 23:04:53] Game Finding texture with name: E4_Dash_Misc.dds in root: SP_E400MMC/Model/Converted/E400MMC_ADL_10.9m_Voith_LowHeight_obj
[2026-09-22 23:04:53] Game Found texture at direct path: SP_E400MMC/Texture/E4_Dash_Misc.dds
[2026-09-22 23:04:53] Game Finding texture with name: E4_Dash_Misc.dds in root: SP_E400MMC/Model/Converted/E400MMC_ADL_10.9m_Voith_LowHeight_obj
[2026-09-22 23:04:53] Game Found texture at direct path: SP_E400MMC/Texture/E4_Dash_Misc.dds
[2026-09-22 23:04:53] Game Finding texture with name: E4_Dash_Misc.dds in root: SP_E400MMC/Model/Converted/E400MMC_ADL_10.9m_Voith_LowHeight_obj
[2026-09-22 23:04:53] Game Found texture at direct path: SP_E400MMC/Texture/E4_Dash_Misc.dds
[2026-09-22 23:04:53] Game Finding texture with name: E4_Dash_Misc.dds in root: SP_E400MMC/Model/Converted/E400MMC_ADL_10.9m_Voith_LowHeight_obj
[2026-09-22 23:04:53] Game Found texture at direct path: SP_E400MMC/Texture/E4_Dash_Misc.dds
[2026-09-22 23:04:53] Game Finding texture with name: E4_Dash_Misc.dds in root: SP_E400MMC/Model/Converted/E400MMC_ADL_10.9m_Voith_LowHeight_obj
[2026-09-22 23:04:53] Game Found texture at direct path: SP_E400MMC/Texture/E4_Dash_Misc.dds
[2026-09-22 23:04:53] Game Finding texture with name: E4_Dash_Misc.dds in root: SP_E400MMC/Model/Converted/E400MMC_ADL_10.9m_Voith_LowHeight_obj
[2026-09-22 23:04:53] Game Found texture at direct path: SP_E400MMC/Texture/E4_Dash_Misc.dds
[2026-09-22 23:04:53] Game Finding texture with name: E4_Dash_Misc.dds in root: SP_E400MMC/Model/Converted/E400MMC_ADL_10.9m_Voith_LowHeight_obj
[2026-09-22 23:04:53] Game Found texture at direct path: SP_E400MMC/Texture/E4_Dash_Misc.dds
[2026-09-22 23:04:53] Game Finding texture with name: E4_Dash_Misc.dds in root: SP_E400MMC/Model/Converted/E400MMC_ADL_10.9m_Voith_LowHeight_obj
[2026-09-22 23:04:53] Game Found texture at direct path: SP_E400MMC/Texture/E4_Dash_Misc.dds
[2026-09-22 23:04:53] Game Finding texture with name: E4_Dash_Misc.dds in root: SP_E400MMC/Model/Converted/E400MMC_ADL_10.9m_Voith_LowHeight_obj
[2026-09-22 23:04:53] Game Found texture at direct path: SP_E400MMC/Texture/E4_Dash_Misc.dds
[2026-09-22 23:04:53] Game Finding texture with name: E4_Dash_Switches.dds in root: SP_E400MMC/Model/Converted/E400MMC_ADL_10.9m_Voith_LowHeight_obj
[2026-09-22 23:04:53] Game Found texture at direct path: SP_E400MMC/Texture/E4_Dash_Switches.dds
[2026-09-22 23:04:53] Game Finding texture with name: E4_Dash_Switches.dds in root: SP_E400MMC/Model/Converted/E400MMC_ADL_10.9m_Voith_LowHeight_obj
[2026-09-22 23:04:53] Game Found texture at direct path: SP_E400MMC/Texture/E4_Dash_Switches.dds
[2026-09-22 23:04:53] Game Finding texture with name: E4_Dash_Switches.dds in root: SP_E400MMC/Model/Converted/E400MMC_ADL_10.9m_Voith_LowHeight_obj
[2026-09-22 23:04:53] Game Found texture at direct path: SP_E400MMC/Texture/E4_Dash_Switches.dds
[2026-09-22 23:04:53] Game Finding texture with name: E4_Dash_Switches.dds in root: SP_E400MMC/Model/Converted/E400MMC_ADL_10.9m_Voith_LowHeight_obj
[2026-09-22 23:04:53] Game Found texture at direct path: SP_E400MMC/Texture/E4_Dash_Switches.dds
[2026-09-22 23:04:53] Game Finding texture with name: E4_Dash_Switches.dds in root: SP_E400MMC/Model/Converted/E400MMC_ADL_10.9m_Voith_LowHeight_obj
[2026-09-22 23:04:53] Game Found texture at direct path: SP_E400MMC/Texture/E4_Dash_Switches.dds
[2026-09-22 23:04:53] Game Finding texture with name: E4_Dash_Switches.dds in root: SP_E400MMC/Model/Converted/E400MMC_ADL_10.9m_Voith_LowHeight_obj
[2026-09-22 23:04:53] Game Found texture at direct path: SP_E400MMC/Texture/E4_Dash_Switches.dds
[2026-09-22 23:04:53] Game Finding texture with name: E4_Dash_Switches.dds in root: SP_E400MMC/Model/Converted/E400MMC_ADL_10.9m_Voith_LowHeight_obj
[2026-09-22 23:04:53] Game Found texture at direct path: SP_E400MMC/Texture/E4_Dash_Switches.dds
[2026-09-22 23:04:53] Game Finding texture with name: E4_Dash_Switches.dds in root: SP_E400MMC/Model/Converted/E400MMC_ADL_10.9m_Voith_LowHeight_obj
[2026-09-22 23:04:53] Game Found texture at direct path: SP_E400MMC/Texture/E4_Dash_Switches.dds
[2026-09-22 23:04:53] Game Finding texture with name: E4_Dash_Switches.dds in root: SP_E400MMC/Model/Converted/E400MMC_ADL_10.9m_Voith_LowHeight_obj
[2026-09-22 23:04:53] Game Found texture at direct path: SP_E400MMC/Texture/E4_Dash_Switches.dds
[2026-09-22 23:04:53] Game Finding texture with name: E4_Dash_Switches.dds in root: SP_E400MMC/Model/Converted/E400MMC_ADL_10.9m_Voith_LowHeight_obj
[2026-09-22 23:04:53] Game Found texture at direct path: SP_E400MMC/Texture/E4_Dash_Switches.dds
[2026-09-22 23:04:53] Game Finding texture with name: E4_Dash_Switches.dds in root: SP_E400MMC/Model/Converted/E400MMC_ADL_10.9m_Voith_LowHeight_obj
[2026-09-22 23:04:53] Game Found texture at direct path: SP_E400MMC/Texture/E4_Dash_Switches.dds
[2026-09-22 23:04:53] Game Finding texture with name: E4_Dash_Switches.dds in root: SP_E400MMC/Model/Converted/E400MMC_ADL_10.9m_Voith_LowHeight_obj
[2026-09-22 23:04:53] Game Found texture at direct path: SP_E400MMC/Texture/E4_Dash_Switches.dds
[2026-09-22 23:04:53] Game Finding texture with name: E4_Dash_Switches.dds in root: SP_E400MMC/Model/Converted/E400MMC_ADL_10.9m_Voith_LowHeight_obj
[2026-09-22 23:04:53] Game Found texture at direct path: SP_E400MMC/Texture/E4_Dash_Switches.dds
[2026-09-22 23:04:53] Game Finding texture with name: E4_Dash_Switches.dds in root: SP_E400MMC/Model/Converted/E400MMC_ADL_10.9m_Voith_LowHeight_obj
[2026-09-22 23:04:53] Game Found texture at direct path: SP_E400MMC/Texture/E4_Dash_Switches.dds
[2026-09-22 23:04:53] Game Finding texture with name: E4_Dash_Switches.dds in root: SP_E400MMC/Model/Converted/E400MMC_ADL_10.9m_Voith_LowHeight_obj
[2026-09-22 23:04:53] Game Found texture at direct path: SP_E400MMC/Texture/E4_Dash_Switches.dds
[2026-09-22 23:04:53] Game Finding texture with name: E4_Dash_Switches.dds in root: SP_E400MMC/Model/Converted/E400MMC_ADL_10.9m_Voith_LowHeight_obj
[2026-09-22 23:04:53] Game Found texture at direct path: SP_E400MMC/Texture/E4_Dash_Switches.dds
[2026-09-22 23:04:53] Game Finding texture with name: E4_Dash_Switches.dds in root: SP_E400MMC/Model/Converted/E400MMC_ADL_10.9m_Voith_LowHeight_obj
[2026-09-22 23:04:53] Game Found texture at direct path: SP_E400MMC/Texture/E4_Dash_Switches.dds
[2026-09-22 23:04:53] Game Finding texture with name: E4_Dash_Switches.dds in root: SP_E400MMC/Model/Converted/E400MMC_ADL_10.9m_Voith_LowHeight_obj
[2026-09-22 23:04:53] Game Found texture at direct path: SP_E400MMC/Texture/E4_Dash_Switches.dds
[2026-09-22 23:04:53] Game Finding texture with name: E4_Dash_Switches.dds in root: SP_E400MMC/Model/Converted/E400MMC_ADL_10.9m_Voith_LowHeight_obj
[2026-09-22 23:04:53] Game Found texture at direct path: SP_E400MMC/Texture/E4_Dash_Switches.dds
[2026-09-22 23:04:53] Game Finding texture with name: E4_Dash_Switches.dds in root: SP_E400MMC/Model/Converted/E400MMC_ADL_10.9m_Voith_LowHeight_obj
[2026-09-22 23:04:53] Game Found texture at direct path: SP_E400MMC/Texture/E4_Dash_Switches.dds
[2026-09-22 23:04:53] Game Finding texture with name: E4_Dash_Switches.dds in root: SP_E400MMC/Model/Converted/E400MMC_ADL_10.9m_Voith_LowHeight_obj
[2026-09-22 23:04:53] Game Found texture at direct path: SP_E400MMC/Texture/E4_Dash_Switches.dds
[2026-09-22 23:04:53] Game Finding texture with name: E4_Dash_Switches.dds in root: SP_E400MMC/Model/Converted/E400MMC_ADL_10.9m_Voith_LowHeight_obj
[2026-09-22 23:04:53] Game Found texture at direct path: SP_E400MMC/Texture/E4_Dash_Switches.dds
[2026-09-22 23:04:53] Game Finding texture with name: E4_Dash_Switches.dds in root: SP_E400MMC/Model/Converted/E400MMC_ADL_10.9m_Voith_LowHeight_obj
[2026-09-22 23:04:53] Game Found texture at direct path: SP_E400MMC/Texture/E4_Dash_Switches.dds
[2026-09-22 23:04:53] Game Finding texture with name: trans.dds in root: SP_E400MMC/Model/Converted/E400MMC_ADL_10.9m_Voith_LowHeight_obj
[2026-09-22 23:04:53] Game Found texture at direct path: SP_E400MMC/Texture/trans.dds
[2026-09-22 23:04:53] Game Finding texture with name: trans.dds in root: SP_E400MMC/Model/Converted/E400MMC_ADL_10.9m_Voith_LowHeight_obj
[2026-09-22 23:04:53] Game Found texture at direct path: SP_E400MMC/Texture/trans.dds
[2026-09-22 23:04:53] Game Finding texture with name: E4_Dash_Switches.dds in root: SP_E400MMC/Model/Converted/E400MMC_ADL_10.9m_Voith_LowHeight_obj
[2026-09-22 23:04:53] Game Found texture at direct path: SP_E400MMC/Texture/E4_Dash_Switches.dds
[2026-09-22 23:04:53] Game Finding texture with name: E4_Dash_Switches.dds in root: SP_E400MMC/Model/Converted/E400MMC_ADL_10.9m_Voith_LowHeight_obj
[2026-09-22 23:04:53] Game Found texture at direct path: SP_E400MMC/Texture/E4_Dash_Switches.dds
[2026-09-22 23:04:53] Game Finding texture with name: E4_Dash_Switches.dds in root: SP_E400MMC/Model/Converted/E400MMC_ADL_10.9m_Voith_LowHeight_obj
[2026-09-22 23:04:53] Game Found texture at direct path: SP_E400MMC/Texture/E4_Dash_Switches.dds
[2026-09-22 23:04:53] Game Finding texture with name: E4_Dash_Switches.dds in root: SP_E400MMC/Model/Converted/E400MMC_ADL_10.9m_Voith_LowHeight_obj
[2026-09-22 23:04:53] Game Found texture at direct path: SP_E400MMC/Texture/E4_Dash_Switches.dds
[2026-09-22 23:04:53] Game Finding texture with name: E4_Dash_Switches.dds in root: SP_E400MMC/Model/Converted/E400MMC_ADL_10.9m_Voith_LowHeight_obj
[2026-09-22 23:04:53] Game Found texture at direct path: SP_E400MMC/Texture/E4_Dash_Switches.dds
[2026-09-22 23:04:53] Game Finding texture with name: E4_Dash_Switches.dds in root: SP_E400MMC/Model/Converted/E400MMC_ADL_10.9m_Voith_LowHeight_obj
[2026-09-22 23:04:53] Game Found texture at direct path: SP_E400MMC/Texture/E4_Dash_Switches.dds
[2026-09-22 23:04:53] Game Finding texture with name: E4_Dash_Switches.dds in root: SP_E400MMC/Model/Converted/E400MMC_ADL_10.9m_Voith_LowHeight_obj
[2026-09-22 23:04:53] Game Found texture at direct path: SP_E400MMC/Texture/E4_Dash_Switches.dds
[2026-09-22 23:04:53] Game Finding texture with name: E4_Dash_Switches.dds in root: SP_E400MMC/Model/Converted/E400MMC_ADL_10.9m_Voith_LowHeight_obj
[2026-09-22 23:04:53] Game Found texture at direct path: SP_E400MMC/Texture/E4_Dash_Switches.dds
[2026-09-22 23:04:53] Game Finding texture with name: E4_Dash_Switches.dds in root: SP_E400MMC/Model/Converted/E400MMC_ADL_10.9m_Voith_LowHeight_obj
[2026-09-22 23:04:53] Game Found texture at direct path: SP_E400MMC/Texture/E4_Dash_Switches.dds
[2026-09-22 23:04:53] Game Finding texture with name: E4_Dash_Switches.dds in root: SP_E400MMC/Model/Converted/E400MMC_ADL_10.9m_Voith_LowHeight_obj
[2026-09-22 23:04:53] Game Found texture at direct path: SP_E400MMC/Texture/E4_Dash_Switches.dds
[2026-09-22 23:04:53] Game Finding texture with name: E4_Dash_Switches.dds in root: SP_E400MMC/Model/Converted/E400MMC_ADL_10.9m_Voith_LowHeight_obj
[2026-09-22 23:04:53] Game Found texture at direct path: SP_E400MMC/Texture/E4_Dash_Switches.dds
[2026-09-22 23:04:53] Game Finding texture with name: E4_Dash_Switches.dds in root: SP_E400MMC/Model/Converted/E400MMC_ADL_10.9m_Voith_LowHeight_obj
[2026-09-22 23:04:53] Game Found texture at direct path: SP_E400MMC/Texture/E4_Dash_Switches.dds
[2026-09-22 23:04:53] Game Finding texture with name: E4_Dash_Switches.dds in root: SP_E400MMC/Model/Converted/E400MMC_ADL_10.9m_Voith_LowHeight_obj
[2026-09-22 23:04:53] Game Found texture at direct path: SP_E400MMC/Texture/E4_Dash_Switches.dds
[2026-09-22 23:04:53] Game Finding texture with name: E4_Dash_Switches.dds in root: SP_E400MMC/Model/Converted/E400MMC_ADL_10.9m_Voith_LowHeight_obj
[2026-09-22 23:04:53] Game Found texture at direct path: SP_E400MMC/Texture/E4_Dash_Switches.dds
[2026-09-22 23:04:53] Game Finding texture with name: E4_Dash_Switches.dds in root: SP_E400MMC/Model/Converted/E400MMC_ADL_10.9m_Voith_LowHeight_obj
[2026-09-22 23:04:53] Game Found texture at direct path: SP_E400MMC/Texture/E4_Dash_Switches.dds
[2026-09-22 23:04:53] Game Finding texture with name: E4_Dash_Switches.dds in root: SP_E400MMC/Model/Converted/E400MMC_ADL_10.9m_Voith_LowHeight_obj
[2026-09-22 23:04:53] Game Found texture at direct path: SP_E400MMC/Texture/E4_Dash_Switches.dds
[2026-09-22 23:04:53] Game Finding texture with name: E4_Dash_Switches.dds in root: SP_E400MMC/Model/Converted/E400MMC_ADL_10.9m_Voith_LowHeight_obj
[2026-09-22 23:04:53] Game Found texture at direct path: SP_E400MMC/Texture/E4_Dash_Switches.dds
[2026-09-22 23:04:53] Game Finding texture with name: E4_Dash_Switches.dds in root: SP_E400MMC/Model/Converted/E400MMC_ADL_10.9m_Voith_LowHeight_obj
[2026-09-22 23:04:53] Game Found texture at direct path: SP_E400MMC/Texture/E4_Dash_Switches.dds
[2026-09-22 23:04:53] Game Finding texture with name: E4_Dash_Switches.dds in root: SP_E400MMC/Model/Converted/E400MMC_ADL_10.9m_Voith_LowHeight_obj
[2026-09-22 23:04:53] Game Found texture at direct path: SP_E400MMC/Texture/E4_Dash_Switches.dds
[2026-09-22 23:04:53] Game Finding texture with name: E4_Dash_Switches.dds in root: SP_E400MMC/Model/Converted/E400MMC_ADL_10.9m_Voith_LowHeight_obj
[2026-09-22 23:04:53] Game Found texture at direct path: SP_E400MMC/Texture/E4_Dash_Switches.dds
[2026-09-22 23:04:53] Game Finding texture with name: E4_Dash_Switches.dds in root: SP_E400MMC/Model/Converted/E400MMC_ADL_10.9m_Voith_LowHeight_obj
[2026-09-22 23:04:53] Game Found texture at direct path: SP_E400MMC/Texture/E4_Dash_Switches.dds
[2026-09-22 23:04:53] Game Finding texture with name: E4_Dash_Switches.dds in root: SP_E400MMC/Model/Converted/E400MMC_ADL_10.9m_Voith_LowHeight_obj
[2026-09-22 23:04:53] Game Found texture at direct path: SP_E400MMC/Texture/E4_Dash_Switches.dds
[2026-09-22 23:04:53] Game Finding texture with name: E4_Dash_Glass.dds in root: SP_E400MMC/Model/Converted/E400MMC_ADL_10.9m_Voith_LowHeight_obj
[2026-09-22 23:04:53] Game Found texture at direct path: SP_E400MMC/Texture/E4_Dash_Glass.dds
[2026-09-22 23:04:53] Game Finding texture with name: trans.dds in root: SP_E400MMC/Model/Converted/E400MMC_ADL_10.9m_Voith_LowHeight_obj
[2026-09-22 23:04:53] Game Found texture at direct path: SP_E400MMC/Texture/trans.dds
[2026-09-22 23:04:53] Game Finding texture with name: trans.dds in root: SP_E400MMC/Model/Converted/E400MMC_ADL_10.9m_Voith_LowHeight_obj
[2026-09-22 23:04:53] Game Found texture at direct path: SP_E400MMC/Texture/trans.dds
[2026-09-22 23:04:53] Game Finding texture with name: trans.dds in root: SP_E400MMC/Model/Converted/E400MMC_ADL_10.9m_Voith_LowHeight_obj
[2026-09-22 23:04:53] Game Found texture at direct path: SP_E400MMC/Texture/trans.dds
[2026-09-22 23:04:53] Game Finding texture with name: trans.dds in root: SP_E400MMC/Model/Converted/E400MMC_ADL_10.9m_Voith_LowHeight_obj
[2026-09-22 23:04:53] Game Found texture at direct path: SP_E400MMC/Texture/trans.dds
[2026-09-22 23:04:53] Game Finding texture with name: trans.dds in root: SP_E400MMC/Model/Converted/E400MMC_ADL_10.9m_Voith_LowHeight_obj
[2026-09-22 23:04:53] Game Found texture at direct path: SP_E400MMC/Texture/trans.dds
[2026-09-22 23:04:53] Game Finding texture with name: reg.dds in root: SP_E400MMC/Model/Converted/E400MMC_ADL_10.9m_Voith_LowHeight_obj
[2026-09-22 23:04:53] Game Found texture at direct path: SP_E400MMC/Texture/reg.dds
[2026-09-22 23:04:53] Game Finding texture with name: trans.dds in root: SP_E400MMC/Model/Converted/E400MMC_ADL_10.9m_Voith_LowHeight_obj
[2026-09-22 23:04:53] Game Found texture at direct path: SP_E400MMC/Texture/trans.dds
[2026-09-22 23:04:53] Game Finding texture with name: reg.dds in root: SP_E400MMC/Model/Converted/E400MMC_ADL_10.9m_Voith_LowHeight_obj
[2026-09-22 23:04:53] Game Found texture at direct path: SP_E400MMC/Texture/reg.dds
[2026-09-22 23:04:53] Game Finding texture with name: reg.dds in root: SP_E400MMC/Model/Converted/E400MMC_ADL_10.9m_Voith_LowHeight_obj
[2026-09-22 23:04:53] Game Found texture at direct path: SP_E400MMC/Texture/reg.dds
[2026-09-22 23:04:53] Game Finding texture with name: reg.dds in root: SP_E400MMC/Model/Converted/E400MMC_ADL_10.9m_Voith_LowHeight_obj
[2026-09-22 23:04:53] Game Found texture at direct path: SP_E400MMC/Texture/reg.dds
[2026-09-22 23:04:53] Game Finding texture with name: reg.dds in root: SP_E400MMC/Model/Converted/E400MMC_ADL_10.9m_Voith_LowHeight_obj
[2026-09-22 23:04:53] Game Found texture at direct path: SP_E400MMC/Texture/reg.dds
[2026-09-22 23:04:53] Game Finding texture with name: Hanover\DG3_Screen.dds in root: SP_E400MMC/Model/Converted/E400MMC_ADL_10.9m_Voith_LowHeight_obj
[2026-09-22 23:04:53] Game Found texture at direct path: SP_E400MMC/Texture/Hanover/DG3_Screen.dds
[2026-09-22 23:04:53] Game Finding texture with name: E4_Interior_AirConUnit.dds in root: SP_E400MMC/Model/Converted/E400MMC_ADL_10.9m_Voith_LowHeight_obj
[2026-09-22 23:04:53] Game Found texture at direct path: SP_E400MMC/Texture/E4_Interior_AirConUnit.dds
[2026-09-22 23:04:53] Game Finding texture with name: E4_Interior_BlackGlass.dds in root: SP_E400MMC/Model/Converted/E400MMC_ADL_10.9m_Voith_LowHeight_obj
[2026-09-22 23:04:53] Game Found texture at direct path: SP_E400MMC/Texture/E4_Interior_BlackGlass.dds
[2026-09-22 23:04:53] Game Finding texture with name: E4_WindowStamp_W.dds in root: SP_E400MMC/Model/Converted/E400MMC_ADL_10.9m_Voith_LowHeight_obj
[2026-09-22 23:04:53] Game Found texture at direct path: SP_E400MMC/Texture/E4_WindowStamp_W.dds
[2026-09-22 23:04:53] Game Finding texture with name: E4_Interior_BlackGlass.dds in root: SP_E400MMC/Model/Converted/E400MMC_ADL_10.9m_Voith_LowHeight_obj
[2026-09-22 23:04:53] Game Found texture at direct path: SP_E400MMC/Texture/E4_Interior_BlackGlass.dds
[2026-09-22 23:04:53] Game Finding texture with name: E4_WindowStamp_W.dds in root: SP_E400MMC/Model/Converted/E400MMC_ADL_10.9m_Voith_LowHeight_obj
[2026-09-22 23:04:53] Game Found texture at direct path: SP_E400MMC/Texture/E4_WindowStamp_W.dds
[2026-09-22 23:04:53] Game Finding texture with name: E4_Interior_Ads.dds in root: SP_E400MMC/Model/Converted/E400MMC_ADL_10.9m_Voith_LowHeight_obj
[2026-09-22 23:04:53] Game Found texture at direct path: SP_E400MMC/Texture/E4_Interior_Ads.dds
[2026-09-22 23:04:53] Game Finding texture with name: E4_Interior_Ceiling_10.9.dds in root: SP_E400MMC/Model/Converted/E400MMC_ADL_10.9m_Voith_LowHeight_obj
[2026-09-22 23:04:53] Game Found texture at direct path: SP_E400MMC/Texture/E4_Interior_Ceiling_10.9.dds
[2026-09-22 23:04:53] Game Finding texture with name: E4_Interior_Ceiling_10.9.dds in root: SP_E400MMC/Model/Converted/E400MMC_ADL_10.9m_Voith_LowHeight_obj
[2026-09-22 23:04:53] Game Found texture at direct path: SP_E400MMC/Texture/E4_Interior_Ceiling_10.9.dds
[2026-09-22 23:04:53] Game Finding texture with name: E4_Interior_Ceiling_10.9.dds in root: SP_E400MMC/Model/Converted/E400MMC_ADL_10.9m_Voith_LowHeight_obj
[2026-09-22 23:04:53] Game Found texture at direct path: SP_E400MMC/Texture/E4_Interior_Ceiling_10.9.dds
[2026-09-22 23:04:53] Game Finding texture with name: E4_Interior_Ceiling_10.9.dds in root: SP_E400MMC/Model/Converted/E400MMC_ADL_10.9m_Voith_LowHeight_obj
[2026-09-22 23:04:53] Game Found texture at direct path: SP_E400MMC/Texture/E4_Interior_Ceiling_10.9.dds
[2026-09-22 23:04:53] Game Finding texture with name: E4_Spotlight.dds in root: SP_E400MMC/Model/Converted/E400MMC_ADL_10.9m_Voith_LowHeight_obj
[2026-09-22 23:04:53] Game Found texture at direct path: SP_E400MMC/Texture/E4_Spotlight.dds
[2026-09-22 23:04:53] Game Finding texture with name: E4_Interior_Decals.dds in root: SP_E400MMC/Model/Converted/E400MMC_ADL_10.9m_Voith_LowHeight_obj
[2026-09-22 23:04:53] Game Found texture at direct path: SP_E400MMC/Texture/E4_Interior_Decals.dds
[2026-09-22 23:04:53] Game Finding texture with name: E4_Interior_Walls_10.9_LowHeight.dds in root: SP_E400MMC/Model/Converted/E400MMC_ADL_10.9m_Voith_LowHeight_obj
[2026-09-22 23:04:53] Game Found texture at direct path: SP_E400MMC/Texture/E4_Interior_Walls_10.9_LowHeight.dds
[2026-09-22 23:04:53] Game Finding texture with name: E4_Cab_Mouldings.dds in root: SP_E400MMC/Model/Converted/E400MMC_ADL_10.9m_Voith_LowHeight_obj
[2026-09-22 23:04:53] Game Found texture at direct path: SP_E400MMC/Texture/E4_Cab_Mouldings.dds
[2026-09-22 23:04:53] Game Finding texture with name: DestinationCodes\SP_Default_DestinationCodes.dds in root: SP_E400MMC/Model/Converted/E400MMC_ADL_10.9m_Voith_LowHeight_obj
[2026-09-22 23:04:53] Game Found texture at direct path: SP_E400MMC/Texture/DestinationCodes/SP_Default_DestinationCodes.dds
[2026-09-22 23:04:53] Game Finding texture with name: E4_Cab_Decals.dds in root: SP_E400MMC/Model/Converted/E400MMC_ADL_10.9m_Voith_LowHeight_obj
[2026-09-22 23:04:53] Game Found texture at direct path: SP_E400MMC/Texture/E4_Cab_Decals.dds
[2026-09-22 23:04:53] Game Finding texture with name: E4_Interior_FireExtinguisherGlass.dds in root: SP_E400MMC/Model/Converted/E400MMC_ADL_10.9m_Voith_LowHeight_obj
[2026-09-22 23:04:53] Game Found texture at direct path: SP_E400MMC/Texture/E4_Interior_FireExtinguisherGlass.dds
[2026-09-22 23:04:53] Game Finding texture with name: E4_Interior_FrontMouldings_UD_LowHeight.dds in root: SP_E400MMC/Model/Converted/E400MMC_ADL_10.9m_Voith_LowHeight_obj
[2026-09-22 23:04:53] Game Found texture at direct path: SP_E400MMC/Texture/E4_Interior_FrontMouldings_UD_LowHeight.dds
[2026-09-22 23:04:53] Game Finding texture with name: E4_Interior_Poles.dds in root: SP_E400MMC/Model/Converted/E400MMC_ADL_10.9m_Voith_LowHeight_obj
[2026-09-22 23:04:53] Game Found texture at direct path: SP_E400MMC/Texture/E4_Interior_Poles.dds
[2026-09-22 23:04:53] Game Finding texture with name: E4_Interior_Mouldings_LD.dds in root: SP_E400MMC/Model/Converted/E400MMC_ADL_10.9m_Voith_LowHeight_obj
[2026-09-22 23:04:53] Game Found texture at direct path: SP_E400MMC/Texture/E4_Interior_Mouldings_LD.dds
[2026-09-22 23:04:53] Game Finding texture with name: E4_Interior_HandHolds.dds in root: SP_E400MMC/Model/Converted/E400MMC_ADL_10.9m_Voith_LowHeight_obj
[2026-09-22 23:04:53] Game Found texture at direct path: SP_E400MMC/Texture/E4_Interior_HandHolds.dds
[2026-09-22 23:04:53] Game Finding texture with name: E4_Interior_HandHolds.dds in root: SP_E400MMC/Model/Converted/E400MMC_ADL_10.9m_Voith_LowHeight_obj
[2026-09-22 23:04:53] Game Found texture at direct path: SP_E400MMC/Texture/E4_Interior_HandHolds.dds
[2026-09-22 23:04:53] Game Finding texture with name: SP_Hanics_LED_Off.dds in root: SP_E400MMC/Model/Converted/E400MMC_ADL_10.9m_Voith_LowHeight_obj
[2026-09-22 23:04:53] Game Found texture at direct path: SP_E400MMC/Texture/SP_Hanics_LED_Off.dds
[2026-09-22 23:04:53] Game Finding texture with name: reg.dds in root: SP_E400MMC/Model/Converted/E400MMC_ADL_10.9m_Voith_LowHeight_obj
[2026-09-22 23:04:53] Game Found texture at direct path: SP_E400MMC/Texture/reg.dds
[2026-09-22 23:04:53] Game Finding texture with name: reg.dds in root: SP_E400MMC/Model/Converted/E400MMC_ADL_10.9m_Voith_LowHeight_obj
[2026-09-22 23:04:53] Game Found texture at direct path: SP_E400MMC/Texture/reg.dds
[2026-09-22 23:04:53] Game Finding texture with name: SP_Hanics_LED_Off.dds in root: SP_E400MMC/Model/Converted/E400MMC_ADL_10.9m_Voith_LowHeight_obj
[2026-09-22 23:04:53] Game Found texture at direct path: SP_E400MMC/Texture/SP_Hanics_LED_Off.dds
[2026-09-22 23:04:53] Game Finding texture with name: reg.dds in root: SP_E400MMC/Model/Converted/E400MMC_ADL_10.9m_Voith_LowHeight_obj
[2026-09-22 23:04:53] Game Found texture at direct path: SP_E400MMC/Texture/reg.dds
[2026-09-22 23:04:53] Game Finding texture with name: reg.dds in root: SP_E400MMC/Model/Converted/E400MMC_ADL_10.9m_Voith_LowHeight_obj
[2026-09-22 23:04:53] Game Found texture at direct path: SP_E400MMC/Texture/reg.dds
[2026-09-22 23:04:53] Game Finding texture with name: Grey.bmp in root: SP_E400MMC/Model/Converted/E400MMC_ADL_10.9m_Voith_LowHeight_obj
[2026-09-22 23:04:53] Game Found texture at direct path: SP_E400MMC/Texture/Grey.bmp
[2026-09-22 23:04:53] Game Finding texture with name: Glass.dds in root: SP_E400MMC/Model/Converted/E400MMC_ADL_10.9m_Voith_LowHeight_obj
[2026-09-22 23:04:53] Game Found texture at direct path: SP_E400MMC/Texture/Glass.dds
[2026-09-22 23:04:53] Game Finding texture with name: E4_Interior_Poles.dds in root: SP_E400MMC/Model/Converted/E400MMC_ADL_10.9m_Voith_LowHeight_obj
[2026-09-22 23:04:53] Game Found texture at direct path: SP_E400MMC/Texture/E4_Interior_Poles.dds
[2026-09-22 23:04:53] Game Finding texture with name: trans.dds in root: SP_E400MMC/Model/Converted/E400MMC_ADL_10.9m_Voith_LowHeight_obj
[2026-09-22 23:04:53] Game Found texture at direct path: SP_E400MMC/Texture/trans.dds
[2026-09-22 23:04:53] Game Finding texture with name: trans.dds in root: SP_E400MMC/Model/Converted/E400MMC_ADL_10.9m_Voith_LowHeight_obj
[2026-09-22 23:04:53] Game Found texture at direct path: SP_E400MMC/Texture/trans.dds
[2026-09-22 23:04:53] Game Finding texture with name: reg.dds in root: SP_E400MMC/Model/Converted/E400MMC_ADL_10.9m_Voith_LowHeight_obj
[2026-09-22 23:04:53] Game Found texture at direct path: SP_E400MMC/Texture/reg.dds
[2026-09-22 23:04:53] Game Finding texture with name: reg.dds in root: SP_E400MMC/Model/Converted/E400MMC_ADL_10.9m_Voith_LowHeight_obj
[2026-09-22 23:04:53] Game Found texture at direct path: SP_E400MMC/Texture/reg.dds
[2026-09-22 23:04:53] Game Finding texture with name: reg.dds in root: SP_E400MMC/Model/Converted/E400MMC_ADL_10.9m_Voith_LowHeight_obj
[2026-09-22 23:04:53] Game Found texture at direct path: SP_E400MMC/Texture/reg.dds
[2026-09-22 23:04:53] Game Finding texture with name: reg.dds in root: SP_E400MMC/Model/Converted/E400MMC_ADL_10.9m_Voith_LowHeight_obj
[2026-09-22 23:04:53] Game Found texture at direct path: SP_E400MMC/Texture/reg.dds
[2026-09-22 23:04:53] Game Finding texture with name: reg.dds in root: SP_E400MMC/Model/Converted/E400MMC_ADL_10.9m_Voith_LowHeight_obj
[2026-09-22 23:04:53] Game Found texture at direct path: SP_E400MMC/Texture/reg.dds
[2026-09-22 23:04:53] Game Finding texture with name: reg.dds in root: SP_E400MMC/Model/Converted/E400MMC_ADL_10.9m_Voith_LowHeight_obj
[2026-09-22 23:04:53] Game Found texture at direct path: SP_E400MMC/Texture/reg.dds
[2026-09-22 23:04:53] Game Finding texture with name: reg.dds in root: SP_E400MMC/Model/Converted/E400MMC_ADL_10.9m_Voith_LowHeight_obj
[2026-09-22 23:04:53] Game Found texture at direct path: SP_E400MMC/Texture/reg.dds
[2026-09-22 23:04:53] Game Finding texture with name: Grey.bmp in root: SP_E400MMC/Model/Converted/E400MMC_ADL_10.9m_Voith_LowHeight_obj
[2026-09-22 23:04:53] Game Found texture at direct path: SP_E400MMC/Texture/Grey.bmp
[2026-09-22 23:04:53] Game Finding texture with name: Glass.dds in root: SP_E400MMC/Model/Converted/E400MMC_ADL_10.9m_Voith_LowHeight_obj
[2026-09-22 23:04:53] Game Found texture at direct path: SP_E400MMC/Texture/Glass.dds
[2026-09-22 23:04:53] Game Finding texture with name: trans.dds in root: SP_E400MMC/Model/Converted/E400MMC_ADL_10.9m_Voith_LowHeight_obj
[2026-09-22 23:04:53] Game Found texture at direct path: SP_E400MMC/Texture/trans.dds
[2026-09-22 23:04:53] Game Finding texture with name: trans.dds in root: SP_E400MMC/Model/Converted/E400MMC_ADL_10.9m_Voith_LowHeight_obj
[2026-09-22 23:04:53] Game Found texture at direct path: SP_E400MMC/Texture/trans.dds
[2026-09-22 23:04:53] Game Finding texture with name: reg.dds in root: SP_E400MMC/Model/Converted/E400MMC_ADL_10.9m_Voith_LowHeight_obj
[2026-09-22 23:04:53] Game Found texture at direct path: SP_E400MMC/Texture/reg.dds
[2026-09-22 23:04:53] Game Finding texture with name: reg.dds in root: SP_E400MMC/Model/Converted/E400MMC_ADL_10.9m_Voith_LowHeight_obj
[2026-09-22 23:04:53] Game Found texture at direct path: SP_E400MMC/Texture/reg.dds
[2026-09-22 23:04:53] Game Finding texture with name: reg.dds in root: SP_E400MMC/Model/Converted/E400MMC_ADL_10.9m_Voith_LowHeight_obj
[2026-09-22 23:04:53] Game Found texture at direct path: SP_E400MMC/Texture/reg.dds
[2026-09-22 23:04:53] Game Finding texture with name: reg.dds in root: SP_E400MMC/Model/Converted/E400MMC_ADL_10.9m_Voith_LowHeight_obj
[2026-09-22 23:04:53] Game Found texture at direct path: SP_E400MMC/Texture/reg.dds
[2026-09-22 23:04:53] Game Finding texture with name: reg.dds in root: SP_E400MMC/Model/Converted/E400MMC_ADL_10.9m_Voith_LowHeight_obj
[2026-09-22 23:04:53] Game Found texture at direct path: SP_E400MMC/Texture/reg.dds
[2026-09-22 23:04:53] Game Finding texture with name: reg.dds in root: SP_E400MMC/Model/Converted/E400MMC_ADL_10.9m_Voith_LowHeight_obj
[2026-09-22 23:04:53] Game Found texture at direct path: SP_E400MMC/Texture/reg.dds
[2026-09-22 23:04:53] Game Finding texture with name: reg.dds in root: SP_E400MMC/Model/Converted/E400MMC_ADL_10.9m_Voith_LowHeight_obj
[2026-09-22 23:04:53] Game Found texture at direct path: SP_E400MMC/Texture/reg.dds
[2026-09-22 23:04:53] Game Finding texture with name: Grey.bmp in root: SP_E400MMC/Model/Converted/E400MMC_ADL_10.9m_Voith_LowHeight_obj
[2026-09-22 23:04:53] Game Found texture at direct path: SP_E400MMC/Texture/Grey.bmp
[2026-09-22 23:04:53] Game Finding texture with name: Glass.dds in root: SP_E400MMC/Model/Converted/E400MMC_ADL_10.9m_Voith_LowHeight_obj
[2026-09-22 23:04:53] Game Found texture at direct path: SP_E400MMC/Texture/Glass.dds
[2026-09-22 23:04:53] Game Finding texture with name: E4_Interior_Poles.dds in root: SP_E400MMC/Model/Converted/E400MMC_ADL_10.9m_Voith_LowHeight_obj
[2026-09-22 23:04:53] Game Found texture at direct path: SP_E400MMC/Texture/E4_Interior_Poles.dds
[2026-09-22 23:04:53] Game Finding texture with name: trans.dds in root: SP_E400MMC/Model/Converted/E400MMC_ADL_10.9m_Voith_LowHeight_obj
[2026-09-22 23:04:53] Game Found texture at direct path: SP_E400MMC/Texture/trans.dds
[2026-09-22 23:04:53] Game Finding texture with name: trans.dds in root: SP_E400MMC/Model/Converted/E400MMC_ADL_10.9m_Voith_LowHeight_obj
[2026-09-22 23:04:53] Game Found texture at direct path: SP_E400MMC/Texture/trans.dds
[2026-09-22 23:04:53] Game Finding texture with name: reg.dds in root: SP_E400MMC/Model/Converted/E400MMC_ADL_10.9m_Voith_LowHeight_obj
[2026-09-22 23:04:53] Game Found texture at direct path: SP_E400MMC/Texture/reg.dds
[2026-09-22 23:04:53] Game Finding texture with name: reg.dds in root: SP_E400MMC/Model/Converted/E400MMC_ADL_10.9m_Voith_LowHeight_obj
[2026-09-22 23:04:53] Game Found texture at direct path: SP_E400MMC/Texture/reg.dds
[2026-09-22 23:04:53] Game Finding texture with name: reg.dds in root: SP_E400MMC/Model/Converted/E400MMC_ADL_10.9m_Voith_LowHeight_obj
[2026-09-22 23:04:53] Game Found texture at direct path: SP_E400MMC/Texture/reg.dds
[2026-09-22 23:04:53] Game Finding texture with name: reg.dds in root: SP_E400MMC/Model/Converted/E400MMC_ADL_10.9m_Voith_LowHeight_obj
[2026-09-22 23:04:53] Game Found texture at direct path: SP_E400MMC/Texture/reg.dds
[2026-09-22 23:04:53] Game Finding texture with name: reg.dds in root: SP_E400MMC/Model/Converted/E400MMC_ADL_10.9m_Voith_LowHeight_obj
[2026-09-22 23:04:53] Game Found texture at direct path: SP_E400MMC/Texture/reg.dds
[2026-09-22 23:04:53] Game Finding texture with name: reg.dds in root: SP_E400MMC/Model/Converted/E400MMC_ADL_10.9m_Voith_LowHeight_obj
[2026-09-22 23:04:53] Game Found texture at direct path: SP_E400MMC/Texture/reg.dds
[2026-09-22 23:04:53] Game Finding texture with name: reg.dds in root: SP_E400MMC/Model/Converted/E400MMC_ADL_10.9m_Voith_LowHeight_obj
[2026-09-22 23:04:53] Game Found texture at direct path: SP_E400MMC/Texture/reg.dds
[2026-09-22 23:04:53] Game Finding texture with name: E4_Interior_LeafletHolder.dds in root: SP_E400MMC/Model/Converted/E400MMC_ADL_10.9m_Voith_LowHeight_obj
[2026-09-22 23:04:53] Game Found texture at direct path: SP_E400MMC/Texture/E4_Interior_LeafletHolder.dds
[2026-09-22 23:04:53] Game Finding texture with name: E4_InteriorLight.dds in root: SP_E400MMC/Model/Converted/E400MMC_ADL_10.9m_Voith_LowHeight_obj
[2026-09-22 23:04:53] Game Found texture at direct path: SP_E400MMC/Texture/E4_InteriorLight.dds
[2026-09-22 23:04:53] Game Finding texture with name: E4_InteriorLight.dds in root: SP_E400MMC/Model/Converted/E400MMC_ADL_10.9m_Voith_LowHeight_obj
[2026-09-22 23:04:53] Game Found texture at direct path: SP_E400MMC/Texture/E4_InteriorLight.dds
[2026-09-22 23:04:53] Game Finding texture with name: E4_Interior_Ceiling_10.9.dds in root: SP_E400MMC/Model/Converted/E400MMC_ADL_10.9m_Voith_LowHeight_obj
[2026-09-22 23:04:53] Game Found texture at direct path: SP_E400MMC/Texture/E4_Interior_Ceiling_10.9.dds
[2026-09-22 23:04:53] Game Finding texture with name: E4_InteriorLight.dds in root: SP_E400MMC/Model/Converted/E400MMC_ADL_10.9m_Voith_LowHeight_obj
[2026-09-22 23:04:53] Game Found texture at direct path: SP_E400MMC/Texture/E4_InteriorLight.dds
[2026-09-22 23:04:53] Game Finding texture with name: E4_Interior_MouldedSeats.dds in root: SP_E400MMC/Model/Converted/E400MMC_ADL_10.9m_Voith_LowHeight_obj
[2026-09-22 23:04:53] Game Found texture at direct path: SP_E400MMC/Texture/E4_Interior_MouldedSeats.dds
[2026-09-22 23:04:53] Game Finding texture with name: E4_Interior_MouldedSeats.dds in root: SP_E400MMC/Model/Converted/E400MMC_ADL_10.9m_Voith_LowHeight_obj
[2026-09-22 23:04:53] Game Found texture at direct path: SP_E400MMC/Texture/E4_Interior_MouldedSeats.dds
[2026-09-22 23:04:53] Game Finding texture with name: E4_Interior_Mouldings_LD.dds in root: SP_E400MMC/Model/Converted/E400MMC_ADL_10.9m_Voith_LowHeight_obj
[2026-09-22 23:04:53] Game Found texture at direct path: SP_E400MMC/Texture/E4_Interior_Mouldings_LD.dds
[2026-09-22 23:04:53] Game Finding texture with name: E4_Interior_Mouldings_LD.dds in root: SP_E400MMC/Model/Converted/E400MMC_ADL_10.9m_Voith_LowHeight_obj
[2026-09-22 23:04:53] Game Found texture at direct path: SP_E400MMC/Texture/E4_Interior_Mouldings_LD.dds
[2026-09-22 23:04:53] Game Finding texture with name: E4_Interior_Poles.dds in root: SP_E400MMC/Model/Converted/E400MMC_ADL_10.9m_Voith_LowHeight_obj
[2026-09-22 23:04:53] Game Found texture at direct path: SP_E400MMC/Texture/E4_Interior_Poles.dds
[2026-09-22 23:04:53] Game Finding texture with name: E4_Interior_Ceiling_10.9.dds in root: SP_E400MMC/Model/Converted/E400MMC_ADL_10.9m_Voith_LowHeight_obj
[2026-09-22 23:04:53] Game Found texture at direct path: SP_E400MMC/Texture/E4_Interior_Ceiling_10.9.dds
[2026-09-22 23:04:53] Game Finding texture with name: E4_Interior_Misc.dds in root: SP_E400MMC/Model/Converted/E400MMC_ADL_10.9m_Voith_LowHeight_obj
[2026-09-22 23:04:53] Game Found texture at direct path: SP_E400MMC/Texture/E4_Interior_Misc.dds
[2026-09-22 23:04:53] Game Finding texture with name: E4_Interior_Poles.dds in root: SP_E400MMC/Model/Converted/E400MMC_ADL_10.9m_Voith_LowHeight_obj
[2026-09-22 23:04:53] Game Found texture at direct path: SP_E400MMC/Texture/E4_Interior_Poles.dds
[2026-09-22 23:04:53] Game Finding texture with name: E4_Interior_Poles.dds in root: SP_E400MMC/Model/Converted/E400MMC_ADL_10.9m_Voith_LowHeight_obj
[2026-09-22 23:04:53] Game Found texture at direct path: SP_E400MMC/Texture/E4_Interior_Poles.dds
[2026-09-22 23:04:53] Game Finding texture with name: E4_Interior_Poles.dds in root: SP_E400MMC/Model/Converted/E400MMC_ADL_10.9m_Voith_LowHeight_obj
[2026-09-22 23:04:53] Game Found texture at direct path: SP_E400MMC/Texture/E4_Interior_Poles.dds
[2026-09-22 23:04:53] Game Finding texture with name: E4_Interior_Poles.dds in root: SP_E400MMC/Model/Converted/E400MMC_ADL_10.9m_Voith_LowHeight_obj
[2026-09-22 23:04:53] Game Found texture at direct path: SP_E400MMC/Texture/E4_Interior_Poles.dds
[2026-09-22 23:04:53] Game Finding texture with name: E4_Interior_Floor_10.9.dds in root: SP_E400MMC/Model/Converted/E400MMC_ADL_10.9m_Voith_LowHeight_obj
[2026-09-22 23:04:53] Game Found texture at direct path: SP_E400MMC/Texture/E4_Interior_Floor_10.9.dds
[2026-09-22 23:04:53] Game Finding texture with name: E4_Interior_Walls_10.9_LowHeight.dds in root: SP_E400MMC/Model/Converted/E400MMC_ADL_10.9m_Voith_LowHeight_obj
[2026-09-22 23:04:53] Game Found texture at direct path: SP_E400MMC/Texture/E4_Interior_Walls_10.9_LowHeight.dds
[2026-09-22 23:04:53] Game Finding texture with name: E4_Interior_Walls_10.9_LowHeight.dds in root: SP_E400MMC/Model/Converted/E400MMC_ADL_10.9m_Voith_LowHeight_obj
[2026-09-22 23:04:53] Game Found texture at direct path: SP_E400MMC/Texture/E4_Interior_Walls_10.9_LowHeight.dds
[2026-09-22 23:04:53] Game Finding texture with name: E4_Interior_StopBells_Disabled.dds in root: SP_E400MMC/Model/Converted/E400MMC_ADL_10.9m_Voith_LowHeight_obj
[2026-09-22 23:04:53] Game Found texture at direct path: SP_E400MMC/Texture/E4_Interior_StopBells_Disabled.dds
[2026-09-22 23:04:53] Game Finding texture with name: E4_Cab_Misc.dds in root: SP_E400MMC/Model/Converted/E400MMC_ADL_10.9m_Voith_LowHeight_obj
[2026-09-22 23:04:53] Game Found texture at direct path: SP_E400MMC/Texture/E4_Cab_Misc.dds
[2026-09-22 23:04:53] Game Finding texture with name: E4_Interior_Mirrors.dds in root: SP_E400MMC/Model/Converted/E400MMC_ADL_10.9m_Voith_LowHeight_obj
[2026-09-22 23:04:53] Game Found texture at direct path: SP_E400MMC/Texture/E4_Interior_Mirrors.dds
[2026-09-22 23:04:53] Game Finding texture with name: E4_Interior_Misc.dds in root: SP_E400MMC/Model/Converted/E400MMC_ADL_10.9m_Voith_LowHeight_obj
[2026-09-22 23:04:53] Game Found texture at direct path: SP_E400MMC/Texture/E4_Interior_Misc.dds
[2026-09-22 23:04:53] Game Finding texture with name: E4_Interior_Misc.dds in root: SP_E400MMC/Model/Converted/E400MMC_ADL_10.9m_Voith_LowHeight_obj
[2026-09-22 23:04:53] Game Found texture at direct path: SP_E400MMC/Texture/E4_Interior_Misc.dds
[2026-09-22 23:04:53] Game Finding texture with name: E4_Interior_Walls_10.9_LowHeight.dds in root: SP_E400MMC/Model/Converted/E400MMC_ADL_10.9m_Voith_LowHeight_obj
[2026-09-22 23:04:53] Game Found texture at direct path: SP_E400MMC/Texture/E4_Interior_Walls_10.9_LowHeight.dds
[2026-09-22 23:04:53] Game Finding texture with name: E4_Interior_WindowSurrounds_10.9_LowHeight.dds in root: SP_E400MMC/Model/Converted/E400MMC_ADL_10.9m_Voith_LowHeight_obj
[2026-09-22 23:04:53] Game Found texture at direct path: SP_E400MMC/Texture/E4_Interior_WindowSurrounds_10.9_LowHeight.dds
[2026-09-22 23:04:53] Game Finding texture with name: E4_Interior_Jumpseat.dds in root: SP_E400MMC/Model/Converted/E400MMC_ADL_10.9m_Voith_LowHeight_obj
[2026-09-22 23:04:53] Game Found texture at direct path: SP_E400MMC/Texture/E4_Interior_Jumpseat.dds
[2026-09-22 23:04:53] Game Finding texture with name: E4_Interior_DisabledJumpseats.dds in root: SP_E400MMC/Model/Converted/E400MMC_ADL_10.9m_Voith_LowHeight_obj
[2026-09-22 23:04:53] Game Found texture at direct path: SP_E400MMC/Texture/E4_Interior_DisabledJumpseats.dds
[2026-09-22 23:04:53] Game Finding texture with name: E4_Interior_DisabledJumpseats.dds in root: SP_E400MMC/Model/Converted/E400MMC_ADL_10.9m_Voith_LowHeight_obj
[2026-09-22 23:04:53] Game Found texture at direct path: SP_E400MMC/Texture/E4_Interior_DisabledJumpseats.dds
[2026-09-22 23:04:53] Game Finding texture with name: E4_Interior_Jumpseat.dds in root: SP_E400MMC/Model/Converted/E400MMC_ADL_10.9m_Voith_LowHeight_obj
[2026-09-22 23:04:53] Game Found texture at direct path: SP_E400MMC/Texture/E4_Interior_Jumpseat.dds
[2026-09-22 23:04:53] Game Finding texture with name: E4_Interior_Jumpseat.dds in root: SP_E400MMC/Model/Converted/E400MMC_ADL_10.9m_Voith_LowHeight_obj
[2026-09-22 23:04:53] Game Found texture at direct path: SP_E400MMC/Texture/E4_Interior_Jumpseat.dds
[2026-09-22 23:04:53] Game Finding texture with name: E4_Interior_Jumpseat.dds in root: SP_E400MMC/Model/Converted/E400MMC_ADL_10.9m_Voith_LowHeight_obj
[2026-09-22 23:04:53] Game Found texture at direct path: SP_E400MMC/Texture/E4_Interior_Jumpseat.dds
[2026-09-22 23:04:53] Game Finding texture with name: E4_Interior_Floor_10.9.dds in root: SP_E400MMC/Model/Converted/E400MMC_ADL_10.9m_Voith_LowHeight_obj
[2026-09-22 23:04:53] Game Found texture at direct path: SP_E400MMC/Texture/E4_Interior_Floor_10.9.dds
[2026-09-22 23:04:53] Game Finding texture with name: E4_Interior_Floor_10.9.dds in root: SP_E400MMC/Model/Converted/E400MMC_ADL_10.9m_Voith_LowHeight_obj
[2026-09-22 23:04:53] Game Found texture at direct path: SP_E400MMC/Texture/E4_Interior_Floor_10.9.dds
[2026-09-22 23:04:53] Game Finding texture with name: E4_Interior_Floor_10.9.dds in root: SP_E400MMC/Model/Converted/E400MMC_ADL_10.9m_Voith_LowHeight_obj
[2026-09-22 23:04:53] Game Found texture at direct path: SP_E400MMC/Texture/E4_Interior_Floor_10.9.dds
[2026-09-22 23:04:53] Game Finding texture with name: E4_Smartseats.dds in root: SP_E400MMC/Model/Converted/E400MMC_ADL_10.9m_Voith_LowHeight_obj
[2026-09-22 23:04:53] Game Found texture at direct path: SP_E400MMC/Texture/E4_Smartseats.dds
[2026-09-22 23:04:53] Game Finding texture with name: E4_Smartseats.dds in root: SP_E400MMC/Model/Converted/E400MMC_ADL_10.9m_Voith_LowHeight_obj
[2026-09-22 23:04:53] Game Found texture at direct path: SP_E400MMC/Texture/E4_Smartseats.dds
[2026-09-22 23:04:53] Game Finding texture with name: E4_Smartseats.dds in root: SP_E400MMC/Model/Converted/E400MMC_ADL_10.9m_Voith_LowHeight_obj
[2026-09-22 23:04:53] Game Found texture at direct path: SP_E400MMC/Texture/E4_Smartseats.dds
[2026-09-22 23:04:53] Game Finding texture with name: E4_Interior_StopBells.dds in root: SP_E400MMC/Model/Converted/E400MMC_ADL_10.9m_Voith_LowHeight_obj
[2026-09-22 23:04:53] Game Found texture at direct path: SP_E400MMC/Texture/E4_Interior_StopBells.dds
[2026-09-22 23:04:53] Game Finding texture with name: E4_Interior_Poles.dds in root: SP_E400MMC/Model/Converted/E400MMC_ADL_10.9m_Voith_LowHeight_obj
[2026-09-22 23:04:53] Game Found texture at direct path: SP_E400MMC/Texture/E4_Interior_Poles.dds
[2026-09-22 23:04:53] Game Finding texture with name: E4_LazzeriniHighbacks.dds in root: SP_E400MMC/Model/Converted/E400MMC_ADL_10.9m_Voith_LowHeight_obj
[2026-09-22 23:04:53] Game Found texture at direct path: SP_E400MMC/Texture/E4_LazzeriniHighbacks.dds
[2026-09-22 23:04:53] Game Finding texture with name: E4_LazzeriniHighbacks.dds in root: SP_E400MMC/Model/Converted/E400MMC_ADL_10.9m_Voith_LowHeight_obj
[2026-09-22 23:04:53] Game Found texture at direct path: SP_E400MMC/Texture/E4_LazzeriniHighbacks.dds
[2026-09-22 23:04:53] Game Finding texture with name: E4_LazzeriniHighbacks.dds in root: SP_E400MMC/Model/Converted/E400MMC_ADL_10.9m_Voith_LowHeight_obj
[2026-09-22 23:04:53] Game Found texture at direct path: SP_E400MMC/Texture/E4_LazzeriniHighbacks.dds
[2026-09-22 23:04:53] Game Finding texture with name: E4_Interior_StopBells.dds in root: SP_E400MMC/Model/Converted/E400MMC_ADL_10.9m_Voith_LowHeight_obj
[2026-09-22 23:04:53] Game Found texture at direct path: SP_E400MMC/Texture/E4_Interior_StopBells.dds
[2026-09-22 23:04:53] Game Finding texture with name: E4_Interior_Poles.dds in root: SP_E400MMC/Model/Converted/E400MMC_ADL_10.9m_Voith_LowHeight_obj
[2026-09-22 23:04:53] Game Found texture at direct path: SP_E400MMC/Texture/E4_Interior_Poles.dds
[2026-09-22 23:04:53] Game Finding texture with name: E4_Civics.dds in root: SP_E400MMC/Model/Converted/E400MMC_ADL_10.9m_Voith_LowHeight_obj
[2026-09-22 23:04:53] Game Found texture at direct path: SP_E400MMC/Texture/E4_Civics.dds
[2026-09-22 23:04:53] Game Finding texture with name: E4_Interior_Poles.dds in root: SP_E400MMC/Model/Converted/E400MMC_ADL_10.9m_Voith_LowHeight_obj
[2026-09-22 23:04:53] Game Found texture at direct path: SP_E400MMC/Texture/E4_Interior_Poles.dds
[2026-09-22 23:04:53] Game Finding texture with name: E4_Civics.dds in root: SP_E400MMC/Model/Converted/E400MMC_ADL_10.9m_Voith_LowHeight_obj
[2026-09-22 23:04:53] Game Found texture at direct path: SP_E400MMC/Texture/E4_Civics.dds
[2026-09-22 23:04:53] Game Finding texture with name: E4_Interior_Poles.dds in root: SP_E400MMC/Model/Converted/E400MMC_ADL_10.9m_Voith_LowHeight_obj
[2026-09-22 23:04:53] Game Found texture at direct path: SP_E400MMC/Texture/E4_Interior_Poles.dds
[2026-09-22 23:04:53] Game Finding texture with name: E4_Civics.dds in root: SP_E400MMC/Model/Converted/E400MMC_ADL_10.9m_Voith_LowHeight_obj
[2026-09-22 23:04:53] Game Found texture at direct path: SP_E400MMC/Texture/E4_Civics.dds
[2026-09-22 23:04:53] Game Finding texture with name: E4_Interior_Poles.dds in root: SP_E400MMC/Model/Converted/E400MMC_ADL_10.9m_Voith_LowHeight_obj
[2026-09-22 23:04:53] Game Found texture at direct path: SP_E400MMC/Texture/E4_Interior_Poles.dds
[2026-09-22 23:04:53] Game Finding texture with name: E4_Interior_StopBells.dds in root: SP_E400MMC/Model/Converted/E400MMC_ADL_10.9m_Voith_LowHeight_obj
[2026-09-22 23:04:53] Game Found texture at direct path: SP_E400MMC/Texture/E4_Interior_StopBells.dds
[2026-09-22 23:04:53] Game Finding texture with name: E4_Interior_Poles.dds in root: SP_E400MMC/Model/Converted/E400MMC_ADL_10.9m_Voith_LowHeight_obj
[2026-09-22 23:04:53] Game Found texture at direct path: SP_E400MMC/Texture/E4_Interior_Poles.dds
[2026-09-22 23:04:53] Game Finding texture with name: E4_Civics.dds in root: SP_E400MMC/Model/Converted/E400MMC_ADL_10.9m_Voith_LowHeight_obj
[2026-09-22 23:04:53] Game Found texture at direct path: SP_E400MMC/Texture/E4_Civics.dds
[2026-09-22 23:04:53] Game Finding texture with name: E4_Civics.dds in root: SP_E400MMC/Model/Converted/E400MMC_ADL_10.9m_Voith_LowHeight_obj
[2026-09-22 23:04:53] Game Found texture at direct path: SP_E400MMC/Texture/E4_Civics.dds
[2026-09-22 23:04:53] Game Finding texture with name: E4_Civics.dds in root: SP_E400MMC/Model/Converted/E400MMC_ADL_10.9m_Voith_LowHeight_obj
[2026-09-22 23:04:53] Game Found texture at direct path: SP_E400MMC/Texture/E4_Civics.dds
[2026-09-22 23:04:53] Game Finding texture with name: E4_Interior_StopBells.dds in root: SP_E400MMC/Model/Converted/E400MMC_ADL_10.9m_Voith_LowHeight_obj
[2026-09-22 23:04:53] Game Found texture at direct path: SP_E400MMC/Texture/E4_Interior_StopBells.dds
[2026-09-22 23:04:53] Game Finding texture with name: E4_Interior_Poles.dds in root: SP_E400MMC/Model/Converted/E400MMC_ADL_10.9m_Voith_LowHeight_obj
[2026-09-22 23:04:53] Game Found texture at direct path: SP_E400MMC/Texture/E4_Interior_Poles.dds
[2026-09-22 23:04:53] Game Finding texture with name: E4_LazzeriniLowbacks.dds in root: SP_E400MMC/Model/Converted/E400MMC_ADL_10.9m_Voith_LowHeight_obj
[2026-09-22 23:04:53] Game Found texture at direct path: SP_E400MMC/Texture/E4_LazzeriniLowbacks.dds
[2026-09-22 23:04:53] Game Finding texture with name: E4_LazzeriniLowbacks.dds in root: SP_E400MMC/Model/Converted/E400MMC_ADL_10.9m_Voith_LowHeight_obj
[2026-09-22 23:04:53] Game Found texture at direct path: SP_E400MMC/Texture/E4_LazzeriniLowbacks.dds
[2026-09-22 23:04:53] Game Finding texture with name: E4_LazzeriniLowbacks.dds in root: SP_E400MMC/Model/Converted/E400MMC_ADL_10.9m_Voith_LowHeight_obj
[2026-09-22 23:04:53] Game Found texture at direct path: SP_E400MMC/Texture/E4_LazzeriniLowbacks.dds
[2026-09-22 23:04:53] Game Finding texture with name: E4_Interior_StopBells.dds in root: SP_E400MMC/Model/Converted/E400MMC_ADL_10.9m_Voith_LowHeight_obj
[2026-09-22 23:04:53] Game Found texture at direct path: SP_E400MMC/Texture/E4_Interior_StopBells.dds
[2026-09-22 23:04:53] Game Finding texture with name: E4_Interior_Poles.dds in root: SP_E400MMC/Model/Converted/E400MMC_ADL_10.9m_Voith_LowHeight_obj
[2026-09-22 23:04:53] Game Found texture at direct path: SP_E400MMC/Texture/E4_Interior_Poles.dds
[2026-09-22 23:04:53] Game Finding texture with name: E4_Cab_Misc.dds in root: SP_E400MMC/Model/Converted/E400MMC_ADL_10.9m_Voith_LowHeight_obj
[2026-09-22 23:04:53] Game Found texture at direct path: SP_E400MMC/Texture/E4_Cab_Misc.dds
[2026-09-22 23:04:53] Game Finding texture with name: E4_VINPlates.dds in root: SP_E400MMC/Model/Converted/E400MMC_ADL_10.9m_Voith_LowHeight_obj
[2026-09-22 23:04:53] Game Found texture at direct path: SP_E400MMC/Texture/E4_VINPlates.dds
[2026-09-22 23:04:53] Game Finding texture with name: E4_Interior_Walls_10.9_LowHeight.dds in root: SP_E400MMC/Model/Converted/E400MMC_ADL_10.9m_Voith_LowHeight_obj
[2026-09-22 23:04:53] Game Found texture at direct path: SP_E400MMC/Texture/E4_Interior_Walls_10.9_LowHeight.dds
[2026-09-22 23:04:53] Game Finding texture with name: Glass.dds in root: SP_E400MMC/Model/Converted/E400MMC_ADL_10.9m_Voith_LowHeight_obj
[2026-09-22 23:04:53] Game Found texture at direct path: SP_E400MMC/Texture/Glass.dds
[2026-09-22 23:04:53] Game Finding texture with name: E4_WindowStamp_W.dds in root: SP_E400MMC/Model/Converted/E400MMC_ADL_10.9m_Voith_LowHeight_obj
[2026-09-22 23:04:53] Game Found texture at direct path: SP_E400MMC/Texture/E4_WindowStamp_W.dds
[2026-09-22 23:04:53] Game Finding texture with name: E4_Interior_BlackGlass.dds in root: SP_E400MMC/Model/Converted/E400MMC_ADL_10.9m_Voith_LowHeight_obj
[2026-09-22 23:04:53] Game Found texture at direct path: SP_E400MMC/Texture/E4_Interior_BlackGlass.dds
[2026-09-22 23:04:53] Game Finding texture with name: Grey.bmp in root: SP_E400MMC/Model/Converted/E400MMC_ADL_10.9m_Voith_LowHeight_obj
[2026-09-22 23:04:53] Game Found texture at direct path: SP_E400MMC/Texture/Grey.bmp
[2026-09-22 23:04:53] Game Finding texture with name: E4_Interior_Walls_10.9_LowHeight.dds in root: SP_E400MMC/Model/Converted/E400MMC_ADL_10.9m_Voith_LowHeight_obj
[2026-09-22 23:04:53] Game Found texture at direct path: SP_E400MMC/Texture/E4_Interior_Walls_10.9_LowHeight.dds
[2026-09-22 23:04:53] Game Finding texture with name: Glass.dds in root: SP_E400MMC/Model/Converted/E400MMC_ADL_10.9m_Voith_LowHeight_obj
[2026-09-22 23:04:53] Game Found texture at direct path: SP_E400MMC/Texture/Glass.dds
[2026-09-22 23:04:53] Game Finding texture with name: E4_WindowStamp_W.dds in root: SP_E400MMC/Model/Converted/E400MMC_ADL_10.9m_Voith_LowHeight_obj
[2026-09-22 23:04:53] Game Found texture at direct path: SP_E400MMC/Texture/E4_WindowStamp_W.dds
[2026-09-22 23:04:53] Game Finding texture with name: E4_Interior_BlackGlass.dds in root: SP_E400MMC/Model/Converted/E400MMC_ADL_10.9m_Voith_LowHeight_obj
[2026-09-22 23:04:53] Game Found texture at direct path: SP_E400MMC/Texture/E4_Interior_BlackGlass.dds
[2026-09-22 23:04:53] Game Finding texture with name: Grey.bmp in root: SP_E400MMC/Model/Converted/E400MMC_ADL_10.9m_Voith_LowHeight_obj
[2026-09-22 23:04:53] Game Found texture at direct path: SP_E400MMC/Texture/Grey.bmp
[2026-09-22 23:04:53] Game Finding texture with name: E4_Interior_Walls_10.9_LowHeight.dds in root: SP_E400MMC/Model/Converted/E400MMC_ADL_10.9m_Voith_LowHeight_obj
[2026-09-22 23:04:53] Game Found texture at direct path: SP_E400MMC/Texture/E4_Interior_Walls_10.9_LowHeight.dds
[2026-09-22 23:04:53] Game Finding texture with name: Glass.dds in root: SP_E400MMC/Model/Converted/E400MMC_ADL_10.9m_Voith_LowHeight_obj
[2026-09-22 23:04:53] Game Found texture at direct path: SP_E400MMC/Texture/Glass.dds
[2026-09-22 23:04:53] Game Finding texture with name: Grey.bmp in root: SP_E400MMC/Model/Converted/E400MMC_ADL_10.9m_Voith_LowHeight_obj
[2026-09-22 23:04:53] Game Found texture at direct path: SP_E400MMC/Texture/Grey.bmp
[2026-09-22 23:04:53] Game Finding texture with name: E4_Interior_WindowHoppers.dds in root: SP_E400MMC/Model/Converted/E400MMC_ADL_10.9m_Voith_LowHeight_obj
[2026-09-22 23:04:53] Game Found texture at direct path: SP_E400MMC/Texture/E4_Interior_WindowHoppers.dds
[2026-09-22 23:04:53] Game Finding texture with name: Glass.dds in root: SP_E400MMC/Model/Converted/E400MMC_ADL_10.9m_Voith_LowHeight_obj
[2026-09-22 23:04:53] Game Found texture at direct path: SP_E400MMC/Texture/Glass.dds
[2026-09-22 23:04:53] Game Finding texture with name: E4_WindowStamp_B.dds in root: SP_E400MMC/Model/Converted/E400MMC_ADL_10.9m_Voith_LowHeight_obj
[2026-09-22 23:04:53] Game Found texture at direct path: SP_E400MMC/Texture/E4_WindowStamp_B.dds
[2026-09-22 23:04:53] Game Finding texture with name: Glass.dds in root: SP_E400MMC/Model/Converted/E400MMC_ADL_10.9m_Voith_LowHeight_obj
[2026-09-22 23:04:53] Game Found texture at direct path: SP_E400MMC/Texture/Glass.dds
[2026-09-22 23:04:53] Game Finding texture with name: E4_WindowStamp_B.dds in root: SP_E400MMC/Model/Converted/E400MMC_ADL_10.9m_Voith_LowHeight_obj
[2026-09-22 23:04:53] Game Found texture at direct path: SP_E400MMC/Texture/E4_WindowStamp_B.dds
[2026-09-22 23:04:53] Game Finding texture with name: Glass.dds in root: SP_E400MMC/Model/Converted/E400MMC_ADL_10.9m_Voith_LowHeight_obj
[2026-09-22 23:04:53] Game Found texture at direct path: SP_E400MMC/Texture/Glass.dds
[2026-09-22 23:04:53] Game Finding texture with name: E4_WindowStamp_B.dds in root: SP_E400MMC/Model/Converted/E400MMC_ADL_10.9m_Voith_LowHeight_obj
[2026-09-22 23:04:53] Game Found texture at direct path: SP_E400MMC/Texture/E4_WindowStamp_B.dds
[2026-09-22 23:04:53] Game Finding texture with name: Glass.dds in root: SP_E400MMC/Model/Converted/E400MMC_ADL_10.9m_Voith_LowHeight_obj
[2026-09-22 23:04:53] Game Found texture at direct path: SP_E400MMC/Texture/Glass.dds
[2026-09-22 23:04:53] Game Finding texture with name: E4_WindowStamp_B.dds in root: SP_E400MMC/Model/Converted/E400MMC_ADL_10.9m_Voith_LowHeight_obj
[2026-09-22 23:04:53] Game Found texture at direct path: SP_E400MMC/Texture/E4_WindowStamp_B.dds
[2026-09-22 23:04:53] Game Finding texture with name: Glass.dds in root: SP_E400MMC/Model/Converted/E400MMC_ADL_10.9m_Voith_LowHeight_obj
[2026-09-22 23:04:53] Game Found texture at direct path: SP_E400MMC/Texture/Glass.dds
[2026-09-22 23:04:53] Game Finding texture with name: E4_WindowStamp_B.dds in root: SP_E400MMC/Model/Converted/E400MMC_ADL_10.9m_Voith_LowHeight_obj
[2026-09-22 23:04:53] Game Found texture at direct path: SP_E400MMC/Texture/E4_WindowStamp_B.dds
[2026-09-22 23:04:53] Game Finding texture with name: Glass.dds in root: SP_E400MMC/Model/Converted/E400MMC_ADL_10.9m_Voith_LowHeight_obj
[2026-09-22 23:04:53] Game Found texture at direct path: SP_E400MMC/Texture/Glass.dds
[2026-09-22 23:04:53] Game Finding texture with name: E4_WindowStamp_B.dds in root: SP_E400MMC/Model/Converted/E400MMC_ADL_10.9m_Voith_LowHeight_obj
[2026-09-22 23:04:53] Game Found texture at direct path: SP_E400MMC/Texture/E4_WindowStamp_B.dds
[2026-09-22 23:04:53] Game Finding texture with name: Glass.dds in root: SP_E400MMC/Model/Converted/E400MMC_ADL_10.9m_Voith_LowHeight_obj
[2026-09-22 23:04:53] Game Found texture at direct path: SP_E400MMC/Texture/Glass.dds
[2026-09-22 23:04:53] Game Finding texture with name: E4_WindowStamp_B.dds in root: SP_E400MMC/Model/Converted/E400MMC_ADL_10.9m_Voith_LowHeight_obj
[2026-09-22 23:04:53] Game Found texture at direct path: SP_E400MMC/Texture/E4_WindowStamp_B.dds
[2026-09-22 23:04:53] Game Finding texture with name: Glass.dds in root: SP_E400MMC/Model/Converted/E400MMC_ADL_10.9m_Voith_LowHeight_obj
[2026-09-22 23:04:53] Game Found texture at direct path: SP_E400MMC/Texture/Glass.dds
[2026-09-22 23:04:53] Game Finding texture with name: E4_WindowStamp_B.dds in root: SP_E400MMC/Model/Converted/E400MMC_ADL_10.9m_Voith_LowHeight_obj
[2026-09-22 23:04:53] Game Found texture at direct path: SP_E400MMC/Texture/E4_WindowStamp_B.dds
[2026-09-22 23:04:53] Game Finding texture with name: Glass.dds in root: SP_E400MMC/Model/Converted/E400MMC_ADL_10.9m_Voith_LowHeight_obj
[2026-09-22 23:04:53] Game Found texture at direct path: SP_E400MMC/Texture/Glass.dds
[2026-09-22 23:04:53] Game Finding texture with name: E4_WindowStamp_B.dds in root: SP_E400MMC/Model/Converted/E400MMC_ADL_10.9m_Voith_LowHeight_obj
[2026-09-22 23:04:53] Game Found texture at direct path: SP_E400MMC/Texture/E4_WindowStamp_B.dds
[2026-09-22 23:04:53] Game Finding texture with name: E4_Interior_Decals.dds in root: SP_E400MMC/Model/Converted/E400MMC_ADL_10.9m_Voith_LowHeight_obj
[2026-09-22 23:04:53] Game Found texture at direct path: SP_E400MMC/Texture/E4_Interior_Decals.dds
[2026-09-22 23:04:53] Game Finding texture with name: E4_Interior_GlassHolds.dds in root: SP_E400MMC/Model/Converted/E400MMC_ADL_10.9m_Voith_LowHeight_obj
[2026-09-22 23:04:53] Game Found texture at direct path: SP_E400MMC/Texture/E4_Interior_GlassHolds.dds
[2026-09-22 23:04:53] Game Finding texture with name: E4_Cab_Misc.dds in root: SP_E400MMC/Model/Converted/E400MMC_ADL_10.9m_Voith_LowHeight_obj
[2026-09-22 23:04:53] Game Found texture at direct path: SP_E400MMC/Texture/E4_Cab_Misc.dds
[2026-09-22 23:04:53] Game Finding texture with name: Ticketer_Base.dds in root: SP_E400MMC/Model/Converted/E400MMC_ADL_10.9m_Voith_LowHeight_obj
[2026-09-22 23:04:53] Game Found texture at direct path: SP_E400MMC/Texture/Ticketer_Base.dds
[2026-09-22 23:04:53] Game Finding texture with name: Ticketer_Base.dds in root: SP_E400MMC/Model/Converted/E400MMC_ADL_10.9m_Voith_LowHeight_obj
[2026-09-22 23:04:53] Game Found texture at direct path: SP_E400MMC/Texture/Ticketer_Base.dds
[2026-09-22 23:04:53] Game Finding texture with name: Ticketer_Base.dds in root: SP_E400MMC/Model/Converted/E400MMC_ADL_10.9m_Voith_LowHeight_obj
[2026-09-22 23:04:53] Game Found texture at direct path: SP_E400MMC/Texture/Ticketer_Base.dds
[2026-09-22 23:04:53] Game Finding texture with name: Ticketer_Base.dds in root: SP_E400MMC/Model/Converted/E400MMC_ADL_10.9m_Voith_LowHeight_obj
[2026-09-22 23:04:53] Game Found texture at direct path: SP_E400MMC/Texture/Ticketer_Base.dds
[2026-09-22 23:04:53] Game Finding texture with name: Ticketer_Ticket.dds in root: SP_E400MMC/Model/Converted/E400MMC_ADL_10.9m_Voith_LowHeight_obj
[2026-09-22 23:04:53] Game Found texture at direct path: SP_E400MMC/Texture/Ticketer_Ticket.dds
[2026-09-22 23:04:53] Game Finding texture with name: reg.dds in root: SP_E400MMC/Model/Converted/E400MMC_ADL_10.9m_Voith_LowHeight_obj
[2026-09-22 23:04:53] Game Found texture at direct path: SP_E400MMC/Texture/reg.dds
[2026-09-22 23:04:53] Game Finding texture with name: trans.dds in root: SP_E400MMC/Model/Converted/E400MMC_ADL_10.9m_Voith_LowHeight_obj
[2026-09-22 23:04:53] Game Found texture at direct path: SP_E400MMC/Texture/trans.dds
[2026-09-22 23:04:53] Game Finding texture with name: trans.dds in root: SP_E400MMC/Model/Converted/E400MMC_ADL_10.9m_Voith_LowHeight_obj
[2026-09-22 23:04:53] Game Found texture at direct path: SP_E400MMC/Texture/trans.dds
[2026-09-22 23:04:53] Game Finding texture with name: reg.dds in root: SP_E400MMC/Model/Converted/E400MMC_ADL_10.9m_Voith_LowHeight_obj
[2026-09-22 23:04:53] Game Found texture at direct path: SP_E400MMC/Texture/reg.dds
[2026-09-22 23:04:53] Game Finding texture with name: trans.dds in root: SP_E400MMC/Model/Converted/E400MMC_ADL_10.9m_Voith_LowHeight_obj
[2026-09-22 23:04:53] Game Found texture at direct path: SP_E400MMC/Texture/trans.dds
[2026-09-22 23:04:53] Game Finding texture with name: reg.dds in root: SP_E400MMC/Model/Converted/E400MMC_ADL_10.9m_Voith_LowHeight_obj
[2026-09-22 23:04:53] Game Found texture at direct path: SP_E400MMC/Texture/reg.dds
[2026-09-22 23:04:53] Game Finding texture with name: trans.dds in root: SP_E400MMC/Model/Converted/E400MMC_ADL_10.9m_Voith_LowHeight_obj
[2026-09-22 23:04:53] Game Found texture at direct path: SP_E400MMC/Texture/trans.dds
[2026-09-22 23:04:53] Game Finding texture with name: reg.dds in root: SP_E400MMC/Model/Converted/E400MMC_ADL_10.9m_Voith_LowHeight_obj
[2026-09-22 23:04:53] Game Found texture at direct path: SP_E400MMC/Texture/reg.dds
[2026-09-22 23:04:53] Game Finding texture with name: trans.dds in root: SP_E400MMC/Model/Converted/E400MMC_ADL_10.9m_Voith_LowHeight_obj
[2026-09-22 23:04:53] Game Found texture at direct path: SP_E400MMC/Texture/trans.dds
[2026-09-22 23:04:53] Game Finding texture with name: reg.dds in root: SP_E400MMC/Model/Converted/E400MMC_ADL_10.9m_Voith_LowHeight_obj
[2026-09-22 23:04:53] Game Found texture at direct path: SP_E400MMC/Texture/reg.dds
[2026-09-22 23:04:53] Game Finding texture with name: trans.dds in root: SP_E400MMC/Model/Converted/E400MMC_ADL_10.9m_Voith_LowHeight_obj
[2026-09-22 23:04:53] Game Found texture at direct path: SP_E400MMC/Texture/trans.dds
[2026-09-22 23:04:53] Game Finding texture with name: reg.dds in root: SP_E400MMC/Model/Converted/E400MMC_ADL_10.9m_Voith_LowHeight_obj
[2026-09-22 23:04:53] Game Found texture at direct path: SP_E400MMC/Texture/reg.dds
[2026-09-22 23:04:53] Game Finding texture with name: trans.dds in root: SP_E400MMC/Model/Converted/E400MMC_ADL_10.9m_Voith_LowHeight_obj
[2026-09-22 23:04:53] Game Found texture at direct path: SP_E400MMC/Texture/trans.dds
[2026-09-22 23:04:53] Game Finding texture with name: reg.dds in root: SP_E400MMC/Model/Converted/E400MMC_ADL_10.9m_Voith_LowHeight_obj
[2026-09-22 23:04:53] Game Found texture at direct path: SP_E400MMC/Texture/reg.dds
[2026-09-22 23:04:53] Game Finding texture with name: trans.dds in root: SP_E400MMC/Model/Converted/E400MMC_ADL_10.9m_Voith_LowHeight_obj
[2026-09-22 23:04:53] Game Found texture at direct path: SP_E400MMC/Texture/trans.dds
[2026-09-22 23:04:53] Game Finding texture with name: reg.dds in root: SP_E400MMC/Model/Converted/E400MMC_ADL_10.9m_Voith_LowHeight_obj
[2026-09-22 23:04:53] Game Found texture at direct path: SP_E400MMC/Texture/reg.dds
[2026-09-22 23:04:53] Game Finding texture with name: trans.dds in root: SP_E400MMC/Model/Converted/E400MMC_ADL_10.9m_Voith_LowHeight_obj
[2026-09-22 23:04:53] Game Found texture at direct path: SP_E400MMC/Texture/trans.dds
[2026-09-22 23:04:53] Game Finding texture with name: reg.dds in root: SP_E400MMC/Model/Converted/E400MMC_ADL_10.9m_Voith_LowHeight_obj
[2026-09-22 23:04:53] Game Found texture at direct path: SP_E400MMC/Texture/reg.dds
[2026-09-22 23:04:53] Game Finding texture with name: reg.dds in root: SP_E400MMC/Model/Converted/E400MMC_ADL_10.9m_Voith_LowHeight_obj
[2026-09-22 23:04:53] Game Found texture at direct path: SP_E400MMC/Texture/reg.dds
[2026-09-22 23:04:53] Game Finding texture with name: trans.dds in root: SP_E400MMC/Model/Converted/E400MMC_ADL_10.9m_Voith_LowHeight_obj
[2026-09-22 23:04:53] Game Found texture at direct path: SP_E400MMC/Texture/trans.dds
[2026-09-22 23:04:53] Game Finding texture with name: reg.dds in root: SP_E400MMC/Model/Converted/E400MMC_ADL_10.9m_Voith_LowHeight_obj
[2026-09-22 23:04:53] Game Found texture at direct path: SP_E400MMC/Texture/reg.dds
[2026-09-22 23:04:53] Game Finding texture with name: reg.dds in root: SP_E400MMC/Model/Converted/E400MMC_ADL_10.9m_Voith_LowHeight_obj
[2026-09-22 23:04:53] Game Found texture at direct path: SP_E400MMC/Texture/reg.dds
[2026-09-22 23:04:53] Game Finding texture with name: trans.dds in root: SP_E400MMC/Model/Converted/E400MMC_ADL_10.9m_Voith_LowHeight_obj
[2026-09-22 23:04:53] Game Found texture at direct path: SP_E400MMC/Texture/trans.dds
[2026-09-22 23:04:53] Game Finding texture with name: reg.dds in root: SP_E400MMC/Model/Converted/E400MMC_ADL_10.9m_Voith_LowHeight_obj
[2026-09-22 23:04:53] Game Found texture at direct path: SP_E400MMC/Texture/reg.dds
[2026-09-22 23:04:53] Game Finding texture with name: reg.dds in root: SP_E400MMC/Model/Converted/E400MMC_ADL_10.9m_Voith_LowHeight_obj
[2026-09-22 23:04:53] Game Found texture at direct path: SP_E400MMC/Texture/reg.dds
[2026-09-22 23:04:53] Game Finding texture with name: trans.dds in root: SP_E400MMC/Model/Converted/E400MMC_ADL_10.9m_Voith_LowHeight_obj
[2026-09-22 23:04:53] Game Found texture at direct path: SP_E400MMC/Texture/trans.dds
[2026-09-22 23:04:53] Game Finding texture with name: reg.dds in root: SP_E400MMC/Model/Converted/E400MMC_ADL_10.9m_Voith_LowHeight_obj
[2026-09-22 23:04:53] Game Found texture at direct path: SP_E400MMC/Texture/reg.dds
[2026-09-22 23:04:53] Game Finding texture with name: reg.dds in root: SP_E400MMC/Model/Converted/E400MMC_ADL_10.9m_Voith_LowHeight_obj
[2026-09-22 23:04:53] Game Found texture at direct path: SP_E400MMC/Texture/reg.dds
[2026-09-22 23:04:53] Game Finding texture with name: trans.dds in root: SP_E400MMC/Model/Converted/E400MMC_ADL_10.9m_Voith_LowHeight_obj
[2026-09-22 23:04:53] Game Found texture at direct path: SP_E400MMC/Texture/trans.dds
[2026-09-22 23:04:53] Game Finding texture with name: reg.dds in root: SP_E400MMC/Model/Converted/E400MMC_ADL_10.9m_Voith_LowHeight_obj
[2026-09-22 23:04:53] Game Found texture at direct path: SP_E400MMC/Texture/reg.dds
[2026-09-22 23:04:53] Game Finding texture with name: reg.dds in root: SP_E400MMC/Model/Converted/E400MMC_ADL_10.9m_Voith_LowHeight_obj
[2026-09-22 23:04:53] Game Found texture at direct path: SP_E400MMC/Texture/reg.dds
[2026-09-22 23:04:53] Game Finding texture with name: trans.dds in root: SP_E400MMC/Model/Converted/E400MMC_ADL_10.9m_Voith_LowHeight_obj
[2026-09-22 23:04:53] Game Found texture at direct path: SP_E400MMC/Texture/trans.dds
[2026-09-22 23:04:53] Game Finding texture with name: trans.dds in root: SP_E400MMC/Model/Converted/E400MMC_ADL_10.9m_Voith_LowHeight_obj
[2026-09-22 23:04:53] Game Found texture at direct path: SP_E400MMC/Texture/trans.dds
[2026-09-22 23:04:53] Game Finding texture with name: trans.dds in root: SP_E400MMC/Model/Converted/E400MMC_ADL_10.9m_Voith_LowHeight_obj
[2026-09-22 23:04:53] Game Found texture at direct path: SP_E400MMC/Texture/trans.dds
[2026-09-22 23:04:53] Game Finding texture with name: TicketerScreens\Screen_SelectDuty_NewDuty.dds in root: SP_E400MMC/Model/Converted/E400MMC_ADL_10.9m_Voith_LowHeight_obj
[2026-09-22 23:04:53] Game Found texture at direct path: SP_E400MMC/Texture/TicketerScreens/Screen_SelectDuty_NewDuty.dds
[2026-09-22 23:04:53] Game Finding texture with name: reg.dds in root: SP_E400MMC/Model/Converted/E400MMC_ADL_10.9m_Voith_LowHeight_obj
[2026-09-22 23:04:53] Game Found texture at direct path: SP_E400MMC/Texture/reg.dds
[2026-09-22 23:04:53] Game Finding texture with name: reg.dds in root: SP_E400MMC/Model/Converted/E400MMC_ADL_10.9m_Voith_LowHeight_obj
[2026-09-22 23:04:53] Game Found texture at direct path: SP_E400MMC/Texture/reg.dds
[2026-09-22 23:04:53] Game Finding texture with name: trans.dds in root: SP_E400MMC/Model/Converted/E400MMC_ADL_10.9m_Voith_LowHeight_obj
[2026-09-22 23:04:53] Game Found texture at direct path: SP_E400MMC/Texture/trans.dds
[2026-09-22 23:04:53] Game Finding texture with name: trans.dds in root: SP_E400MMC/Model/Converted/E400MMC_ADL_10.9m_Voith_LowHeight_obj
[2026-09-22 23:04:53] Game Found texture at direct path: SP_E400MMC/Texture/trans.dds
[2026-09-22 23:04:53] Game Finding texture with name: reg.dds in root: SP_E400MMC/Model/Converted/E400MMC_ADL_10.9m_Voith_LowHeight_obj
[2026-09-22 23:04:53] Game Found texture at direct path: SP_E400MMC/Texture/reg.dds
[2026-09-22 23:04:53] Game Finding texture with name: reg.dds in root: SP_E400MMC/Model/Converted/E400MMC_ADL_10.9m_Voith_LowHeight_obj
[2026-09-22 23:04:53] Game Found texture at direct path: SP_E400MMC/Texture/reg.dds
[2026-09-22 23:04:53] Game Finding texture with name: reg.dds in root: SP_E400MMC/Model/Converted/E400MMC_ADL_10.9m_Voith_LowHeight_obj
[2026-09-22 23:04:53] Game Found texture at direct path: SP_E400MMC/Texture/reg.dds
[2026-09-22 23:04:53] Game Finding texture with name: reg.dds in root: SP_E400MMC/Model/Converted/E400MMC_ADL_10.9m_Voith_LowHeight_obj
[2026-09-22 23:04:53] Game Found texture at direct path: SP_E400MMC/Texture/reg.dds
[2026-09-22 23:04:53] Game Finding texture with name: reg.dds in root: SP_E400MMC/Model/Converted/E400MMC_ADL_10.9m_Voith_LowHeight_obj
[2026-09-22 23:04:53] Game Found texture at direct path: SP_E400MMC/Texture/reg.dds
[2026-09-22 23:04:53] Game Finding texture with name: reg.dds in root: SP_E400MMC/Model/Converted/E400MMC_ADL_10.9m_Voith_LowHeight_obj
[2026-09-22 23:04:53] Game Found texture at direct path: SP_E400MMC/Texture/reg.dds
[2026-09-22 23:04:53] Game Finding texture with name: trans.dds in root: SP_E400MMC/Model/Converted/E400MMC_ADL_10.9m_Voith_LowHeight_obj
[2026-09-22 23:04:53] Game Found texture at direct path: SP_E400MMC/Texture/trans.dds
[2026-09-22 23:04:53] Game Finding texture with name: trans.dds in root: SP_E400MMC/Model/Converted/E400MMC_ADL_10.9m_Voith_LowHeight_obj
[2026-09-22 23:04:53] Game Found texture at direct path: SP_E400MMC/Texture/trans.dds
[2026-09-22 23:04:53] Game Finding texture with name: trans.dds in root: SP_E400MMC/Model/Converted/E400MMC_ADL_10.9m_Voith_LowHeight_obj
[2026-09-22 23:04:53] Game Found texture at direct path: SP_E400MMC/Texture/trans.dds
[2026-09-22 23:04:53] Game Finding texture with name: trans.dds in root: SP_E400MMC/Model/Converted/E400MMC_ADL_10.9m_Voith_LowHeight_obj
[2026-09-22 23:04:53] Game Found texture at direct path: SP_E400MMC/Texture/trans.dds
[2026-09-22 23:04:53] Game Finding texture with name: reg.dds in root: SP_E400MMC/Model/Converted/E400MMC_ADL_10.9m_Voith_LowHeight_obj
[2026-09-22 23:04:53] Game Found texture at direct path: SP_E400MMC/Texture/reg.dds
[2026-09-22 23:04:53] Game Finding texture with name: reg.dds in root: SP_E400MMC/Model/Converted/E400MMC_ADL_10.9m_Voith_LowHeight_obj
[2026-09-22 23:04:53] Game Found texture at direct path: SP_E400MMC/Texture/reg.dds
[2026-09-22 23:04:53] Game Finding texture with name: trans.dds in root: SP_E400MMC/Model/Converted/E400MMC_ADL_10.9m_Voith_LowHeight_obj
[2026-09-22 23:04:53] Game Found texture at direct path: SP_E400MMC/Texture/trans.dds
[2026-09-22 23:04:53] Game Finding texture with name: trans.dds in root: SP_E400MMC/Model/Converted/E400MMC_ADL_10.9m_Voith_LowHeight_obj
[2026-09-22 23:04:53] Game Found texture at direct path: SP_E400MMC/Texture/trans.dds
[2026-09-22 23:04:53] Game Finding texture with name: trans.dds in root: SP_E400MMC/Model/Converted/E400MMC_ADL_10.9m_Voith_LowHeight_obj
[2026-09-22 23:04:53] Game Found texture at direct path: SP_E400MMC/Texture/trans.dds
[2026-09-22 23:04:53] Game Finding texture with name: reg.dds in root: SP_E400MMC/Model/Converted/E400MMC_ADL_10.9m_Voith_LowHeight_obj
[2026-09-22 23:04:53] Game Found texture at direct path: SP_E400MMC/Texture/reg.dds
[2026-09-22 23:04:53] Game Finding texture with name: trans.dds in root: SP_E400MMC/Model/Converted/E400MMC_ADL_10.9m_Voith_LowHeight_obj
[2026-09-22 23:04:53] Game Found texture at direct path: SP_E400MMC/Texture/trans.dds
[2026-09-22 23:04:53] Game Finding texture with name: trans.dds in root: SP_E400MMC/Model/Converted/E400MMC_ADL_10.9m_Voith_LowHeight_obj
[2026-09-22 23:04:53] Game Found texture at direct path: SP_E400MMC/Texture/trans.dds
[2026-09-22 23:04:53] Game Finding texture with name: TicketerScreens\Screen_Button_More.dds in root: SP_E400MMC/Model/Converted/E400MMC_ADL_10.9m_Voith_LowHeight_obj
[2026-09-22 23:04:53] Game Found texture at direct path: SP_E400MMC/Texture/TicketerScreens/Screen_Button_More.dds
[2026-09-22 23:04:53] Game Finding texture with name: trans.dds in root: SP_E400MMC/Model/Converted/E400MMC_ADL_10.9m_Voith_LowHeight_obj
[2026-09-22 23:04:53] Game Found texture at direct path: SP_E400MMC/Texture/trans.dds
[2026-09-22 23:04:53] Game Finding texture with name: trans.dds in root: SP_E400MMC/Model/Converted/E400MMC_ADL_10.9m_Voith_LowHeight_obj
[2026-09-22 23:04:53] Game Found texture at direct path: SP_E400MMC/Texture/trans.dds
[2026-09-22 23:04:53] Game Finding texture with name: trans.dds in root: SP_E400MMC/Model/Converted/E400MMC_ADL_10.9m_Voith_LowHeight_obj
[2026-09-22 23:04:53] Game Found texture at direct path: SP_E400MMC/Texture/trans.dds
[2026-09-22 23:04:53] Game Finding texture with name: trans.dds in root: SP_E400MMC/Model/Converted/E400MMC_ADL_10.9m_Voith_LowHeight_obj
[2026-09-22 23:04:53] Game Found texture at direct path: SP_E400MMC/Texture/trans.dds
[2026-09-22 23:04:53] Game Finding texture with name: trans.dds in root: SP_E400MMC/Model/Converted/E400MMC_ADL_10.9m_Voith_LowHeight_obj
[2026-09-22 23:04:53] Game Found texture at direct path: SP_E400MMC/Texture/trans.dds
[2026-09-22 23:04:53] Game Finding texture with name: trans.dds in root: SP_E400MMC/Model/Converted/E400MMC_ADL_10.9m_Voith_LowHeight_obj
[2026-09-22 23:04:53] Game Found texture at direct path: SP_E400MMC/Texture/trans.dds
[2026-09-22 23:04:53] Game Finding texture with name: trans.dds in root: SP_E400MMC/Model/Converted/E400MMC_ADL_10.9m_Voith_LowHeight_obj
[2026-09-22 23:04:53] Game Found texture at direct path: SP_E400MMC/Texture/trans.dds
[2026-09-22 23:04:53] Game Finding texture with name: trans.dds in root: SP_E400MMC/Model/Converted/E400MMC_ADL_10.9m_Voith_LowHeight_obj
[2026-09-22 23:04:53] Game Found texture at direct path: SP_E400MMC/Texture/trans.dds
[2026-09-22 23:04:53] Game Finding texture with name: trans.dds in root: SP_E400MMC/Model/Converted/E400MMC_ADL_10.9m_Voith_LowHeight_obj
[2026-09-22 23:04:53] Game Found texture at direct path: SP_E400MMC/Texture/trans.dds
[2026-09-22 23:04:53] Game Finding texture with name: trans.dds in root: SP_E400MMC/Model/Converted/E400MMC_ADL_10.9m_Voith_LowHeight_obj
[2026-09-22 23:04:53] Game Found texture at direct path: SP_E400MMC/Texture/trans.dds
[2026-09-22 23:04:53] Game Finding texture with name: trans.dds in root: SP_E400MMC/Model/Converted/E400MMC_ADL_10.9m_Voith_LowHeight_obj
[2026-09-22 23:04:53] Game Found texture at direct path: SP_E400MMC/Texture/trans.dds
[2026-09-22 23:04:53] Game Finding texture with name: trans.dds in root: SP_E400MMC/Model/Converted/E400MMC_ADL_10.9m_Voith_LowHeight_obj
[2026-09-22 23:04:53] Game Found texture at direct path: SP_E400MMC/Texture/trans.dds
[2026-09-22 23:04:53] Game Finding texture with name: trans.dds in root: SP_E400MMC/Model/Converted/E400MMC_ADL_10.9m_Voith_LowHeight_obj
[2026-09-22 23:04:53] Game Found texture at direct path: SP_E400MMC/Texture/trans.dds
[2026-09-22 23:04:53] Game Finding texture with name: trans.dds in root: SP_E400MMC/Model/Converted/E400MMC_ADL_10.9m_Voith_LowHeight_obj
[2026-09-22 23:04:53] Game Found texture at direct path: SP_E400MMC/Texture/trans.dds
[2026-09-22 23:04:53] Game Finding texture with name: reg.dds in root: SP_E400MMC/Model/Converted/E400MMC_ADL_10.9m_Voith_LowHeight_obj
[2026-09-22 23:04:53] Game Found texture at direct path: SP_E400MMC/Texture/reg.dds
[2026-09-22 23:04:53] Game Finding texture with name: reg.dds in root: SP_E400MMC/Model/Converted/E400MMC_ADL_10.9m_Voith_LowHeight_obj
[2026-09-22 23:04:53] Game Found texture at direct path: SP_E400MMC/Texture/reg.dds
[2026-09-22 23:04:53] Game Finding texture with name: reg.dds in root: SP_E400MMC/Model/Converted/E400MMC_ADL_10.9m_Voith_LowHeight_obj
[2026-09-22 23:04:53] Game Found texture at direct path: SP_E400MMC/Texture/reg.dds
[2026-09-22 23:04:53] Game Finding texture with name: reg.dds in root: SP_E400MMC/Model/Converted/E400MMC_ADL_10.9m_Voith_LowHeight_obj
[2026-09-22 23:04:53] Game Found texture at direct path: SP_E400MMC/Texture/reg.dds
[2026-09-22 23:04:53] Game Finding texture with name: reg.dds in root: SP_E400MMC/Model/Converted/E400MMC_ADL_10.9m_Voith_LowHeight_obj
[2026-09-22 23:04:53] Game Found texture at direct path: SP_E400MMC/Texture/reg.dds
[2026-09-22 23:04:53] Game Finding texture with name: reg.dds in root: SP_E400MMC/Model/Converted/E400MMC_ADL_10.9m_Voith_LowHeight_obj
[2026-09-22 23:04:53] Game Found texture at direct path: SP_E400MMC/Texture/reg.dds
[2026-09-22 23:04:53] Game Finding texture with name: reg.dds in root: SP_E400MMC/Model/Converted/E400MMC_ADL_10.9m_Voith_LowHeight_obj
[2026-09-22 23:04:53] Game Found texture at direct path: SP_E400MMC/Texture/reg.dds
[2026-09-22 23:04:53] Game Finding texture with name: reg.dds in root: SP_E400MMC/Model/Converted/E400MMC_ADL_10.9m_Voith_LowHeight_obj
[2026-09-22 23:04:53] Game Found texture at direct path: SP_E400MMC/Texture/reg.dds
[2026-09-22 23:04:53] Game Finding texture with name: reg.dds in root: SP_E400MMC/Model/Converted/E400MMC_ADL_10.9m_Voith_LowHeight_obj
[2026-09-22 23:04:53] Game Found texture at direct path: SP_E400MMC/Texture/reg.dds
[2026-09-22 23:04:53] Game Finding texture with name: reg.dds in root: SP_E400MMC/Model/Converted/E400MMC_ADL_10.9m_Voith_LowHeight_obj
[2026-09-22 23:04:53] Game Found texture at direct path: SP_E400MMC/Texture/reg.dds
[2026-09-22 23:04:53] Game Finding texture with name: reg.dds in root: SP_E400MMC/Model/Converted/E400MMC_ADL_10.9m_Voith_LowHeight_obj
[2026-09-22 23:04:53] Game Found texture at direct path: SP_E400MMC/Texture/reg.dds
[2026-09-22 23:04:53] Game Finding texture with name: reg.dds in root: SP_E400MMC/Model/Converted/E400MMC_ADL_10.9m_Voith_LowHeight_obj
[2026-09-22 23:04:53] Game Found texture at direct path: SP_E400MMC/Texture/reg.dds
[2026-09-22 23:04:53] Game Finding texture with name: reg.dds in root: SP_E400MMC/Model/Converted/E400MMC_ADL_10.9m_Voith_LowHeight_obj
[2026-09-22 23:04:53] Game Found texture at direct path: SP_E400MMC/Texture/reg.dds
[2026-09-22 23:04:53] Game Finding texture with name: reg.dds in root: SP_E400MMC/Model/Converted/E400MMC_ADL_10.9m_Voith_LowHeight_obj
[2026-09-22 23:04:53] Game Found texture at direct path: SP_E400MMC/Texture/reg.dds
[2026-09-22 23:04:53] Game Finding texture with name: reg.dds in root: SP_E400MMC/Model/Converted/E400MMC_ADL_10.9m_Voith_LowHeight_obj
[2026-09-22 23:04:53] Game Found texture at direct path: SP_E400MMC/Texture/reg.dds
[2026-09-22 23:04:53] Game Finding texture with name: reg.dds in root: SP_E400MMC/Model/Converted/E400MMC_ADL_10.9m_Voith_LowHeight_obj
[2026-09-22 23:04:53] Game Found texture at direct path: SP_E400MMC/Texture/reg.dds
[2026-09-22 23:04:53] Game Finding texture with name: reg.dds in root: SP_E400MMC/Model/Converted/E400MMC_ADL_10.9m_Voith_LowHeight_obj
[2026-09-22 23:04:53] Game Found texture at direct path: SP_E400MMC/Texture/reg.dds
[2026-09-22 23:04:53] Game Finding texture with name: reg.dds in root: SP_E400MMC/Model/Converted/E400MMC_ADL_10.9m_Voith_LowHeight_obj
[2026-09-22 23:04:53] Game Found texture at direct path: SP_E400MMC/Texture/reg.dds
[2026-09-22 23:04:53] Game Finding texture with name: reg.dds in root: SP_E400MMC/Model/Converted/E400MMC_ADL_10.9m_Voith_LowHeight_obj
[2026-09-22 23:04:53] Game Found texture at direct path: SP_E400MMC/Texture/reg.dds
[2026-09-22 23:04:53] Game Finding texture with name: reg.dds in root: SP_E400MMC/Model/Converted/E400MMC_ADL_10.9m_Voith_LowHeight_obj
[2026-09-22 23:04:53] Game Found texture at direct path: SP_E400MMC/Texture/reg.dds
[2026-09-22 23:04:53] Game Finding texture with name: reg.dds in root: SP_E400MMC/Model/Converted/E400MMC_ADL_10.9m_Voith_LowHeight_obj
[2026-09-22 23:04:53] Game Found texture at direct path: SP_E400MMC/Texture/reg.dds
[2026-09-22 23:04:53] Game Finding texture with name: reg.dds in root: SP_E400MMC/Model/Converted/E400MMC_ADL_10.9m_Voith_LowHeight_obj
[2026-09-22 23:04:53] Game Found texture at direct path: SP_E400MMC/Texture/reg.dds
[2026-09-22 23:04:53] Game Finding texture with name: reg.dds in root: SP_E400MMC/Model/Converted/E400MMC_ADL_10.9m_Voith_LowHeight_obj
[2026-09-22 23:04:53] Game Found texture at direct path: SP_E400MMC/Texture/reg.dds
[2026-09-22 23:04:53] Game Finding texture with name: reg.dds in root: SP_E400MMC/Model/Converted/E400MMC_ADL_10.9m_Voith_LowHeight_obj
[2026-09-22 23:04:53] Game Found texture at direct path: SP_E400MMC/Texture/reg.dds
[2026-09-22 23:04:53] Game Finding texture with name: reg.dds in root: SP_E400MMC/Model/Converted/E400MMC_ADL_10.9m_Voith_LowHeight_obj
[2026-09-22 23:04:53] Game Found texture at direct path: SP_E400MMC/Texture/reg.dds
[2026-09-22 23:04:53] Game Finding texture with name: reg.dds in root: SP_E400MMC/Model/Converted/E400MMC_ADL_10.9m_Voith_LowHeight_obj
[2026-09-22 23:04:53] Game Found texture at direct path: SP_E400MMC/Texture/reg.dds
[2026-09-22 23:04:53] Game Finding texture with name: reg.dds in root: SP_E400MMC/Model/Converted/E400MMC_ADL_10.9m_Voith_LowHeight_obj
[2026-09-22 23:04:53] Game Found texture at direct path: SP_E400MMC/Texture/reg.dds
[2026-09-22 23:04:53] Game Finding texture with name: reg.dds in root: SP_E400MMC/Model/Converted/E400MMC_ADL_10.9m_Voith_LowHeight_obj
[2026-09-22 23:04:53] Game Found texture at direct path: SP_E400MMC/Texture/reg.dds
[2026-09-22 23:04:53] Game Finding texture with name: reg.dds in root: SP_E400MMC/Model/Converted/E400MMC_ADL_10.9m_Voith_LowHeight_obj
[2026-09-22 23:04:53] Game Found texture at direct path: SP_E400MMC/Texture/reg.dds
[2026-09-22 23:04:53] Game Finding texture with name: reg.dds in root: SP_E400MMC/Model/Converted/E400MMC_ADL_10.9m_Voith_LowHeight_obj
[2026-09-22 23:04:53] Game Found texture at direct path: SP_E400MMC/Texture/reg.dds
[2026-09-22 23:04:53] Game Finding texture with name: reg.dds in root: SP_E400MMC/Model/Converted/E400MMC_ADL_10.9m_Voith_LowHeight_obj
[2026-09-22 23:04:53] Game Found texture at direct path: SP_E400MMC/Texture/reg.dds
[2026-09-22 23:04:53] Game Finding texture with name: reg.dds in root: SP_E400MMC/Model/Converted/E400MMC_ADL_10.9m_Voith_LowHeight_obj
[2026-09-22 23:04:53] Game Found texture at direct path: SP_E400MMC/Texture/reg.dds
[2026-09-22 23:04:53] Game Finding texture with name: reg.dds in root: SP_E400MMC/Model/Converted/E400MMC_ADL_10.9m_Voith_LowHeight_obj
[2026-09-22 23:04:53] Game Found texture at direct path: SP_E400MMC/Texture/reg.dds
[2026-09-22 23:04:53] Game Finding texture with name: reg.dds in root: SP_E400MMC/Model/Converted/E400MMC_ADL_10.9m_Voith_LowHeight_obj
[2026-09-22 23:04:53] Game Found texture at direct path: SP_E400MMC/Texture/reg.dds
[2026-09-22 23:04:53] Game Finding texture with name: reg.dds in root: SP_E400MMC/Model/Converted/E400MMC_ADL_10.9m_Voith_LowHeight_obj
[2026-09-22 23:04:53] Game Found texture at direct path: SP_E400MMC/Texture/reg.dds
[2026-09-22 23:04:53] Game Finding texture with name: reg.dds in root: SP_E400MMC/Model/Converted/E400MMC_ADL_10.9m_Voith_LowHeight_obj
[2026-09-22 23:04:53] Game Found texture at direct path: SP_E400MMC/Texture/reg.dds
[2026-09-22 23:04:53] Game Finding texture with name: reg.dds in root: SP_E400MMC/Model/Converted/E400MMC_ADL_10.9m_Voith_LowHeight_obj
[2026-09-22 23:04:53] Game Found texture at direct path: SP_E400MMC/Texture/reg.dds
[2026-09-22 23:04:53] Game Finding texture with name: reg.dds in root: SP_E400MMC/Model/Converted/E400MMC_ADL_10.9m_Voith_LowHeight_obj
[2026-09-22 23:04:53] Game Found texture at direct path: SP_E400MMC/Texture/reg.dds
[2026-09-22 23:04:53] Game Finding texture with name: reg.dds in root: SP_E400MMC/Model/Converted/E400MMC_ADL_10.9m_Voith_LowHeight_obj
[2026-09-22 23:04:53] Game Found texture at direct path: SP_E400MMC/Texture/reg.dds
[2026-09-22 23:04:53] Game Finding texture with name: reg.dds in root: SP_E400MMC/Model/Converted/E400MMC_ADL_10.9m_Voith_LowHeight_obj
[2026-09-22 23:04:53] Game Found texture at direct path: SP_E400MMC/Texture/reg.dds
[2026-09-22 23:04:53] Game Finding texture with name: trans.dds in root: SP_E400MMC/Model/Converted/E400MMC_ADL_10.9m_Voith_LowHeight_obj
[2026-09-22 23:04:53] Game Found texture at direct path: SP_E400MMC/Texture/trans.dds
[2026-09-22 23:04:53] Game Finding texture with name: reg.dds in root: SP_E400MMC/Model/Converted/E400MMC_ADL_10.9m_Voith_LowHeight_obj
[2026-09-22 23:04:53] Game Found texture at direct path: SP_E400MMC/Texture/reg.dds
[2026-09-22 23:04:53] Game Finding texture with name: reg.dds in root: SP_E400MMC/Model/Converted/E400MMC_ADL_10.9m_Voith_LowHeight_obj
[2026-09-22 23:04:53] Game Found texture at direct path: SP_E400MMC/Texture/reg.dds
[2026-09-22 23:04:53] Game Finding texture with name: reg.dds in root: SP_E400MMC/Model/Converted/E400MMC_ADL_10.9m_Voith_LowHeight_obj
[2026-09-22 23:04:53] Game Found texture at direct path: SP_E400MMC/Texture/reg.dds
[2026-09-22 23:04:53] Game Finding texture with name: reg.dds in root: SP_E400MMC/Model/Converted/E400MMC_ADL_10.9m_Voith_LowHeight_obj
[2026-09-22 23:04:53] Game Found texture at direct path: SP_E400MMC/Texture/reg.dds
[2026-09-22 23:04:53] Game Finding texture with name: reg.dds in root: SP_E400MMC/Model/Converted/E400MMC_ADL_10.9m_Voith_LowHeight_obj
[2026-09-22 23:04:53] Game Found texture at direct path: SP_E400MMC/Texture/reg.dds
[2026-09-22 23:04:53] Game Finding texture with name: reg.dds in root: SP_E400MMC/Model/Converted/E400MMC_ADL_10.9m_Voith_LowHeight_obj
[2026-09-22 23:04:53] Game Found texture at direct path: SP_E400MMC/Texture/reg.dds
[2026-09-22 23:04:53] Game Finding texture with name: trans.dds in root: SP_E400MMC/Model/Converted/E400MMC_ADL_10.9m_Voith_LowHeight_obj
[2026-09-22 23:04:53] Game Found texture at direct path: SP_E400MMC/Texture/trans.dds
[2026-09-22 23:04:53] Game Finding texture with name: trans.dds in root: SP_E400MMC/Model/Converted/E400MMC_ADL_10.9m_Voith_LowHeight_obj
[2026-09-22 23:04:53] Game Found texture at direct path: SP_E400MMC/Texture/trans.dds
[2026-09-22 23:04:53] Game Finding texture with name: trans.dds in root: SP_E400MMC/Model/Converted/E400MMC_ADL_10.9m_Voith_LowHeight_obj
[2026-09-22 23:04:53] Game Found texture at direct path: SP_E400MMC/Texture/trans.dds
[2026-09-22 23:04:53] Game Finding texture with name: trans.dds in root: SP_E400MMC/Model/Converted/E400MMC_ADL_10.9m_Voith_LowHeight_obj
[2026-09-22 23:04:53] Game Found texture at direct path: SP_E400MMC/Texture/trans.dds
[2026-09-22 23:04:53] Game Finding texture with name: trans.dds in root: SP_E400MMC/Model/Converted/E400MMC_ADL_10.9m_Voith_LowHeight_obj
[2026-09-22 23:04:53] Game Found texture at direct path: SP_E400MMC/Texture/trans.dds
[2026-09-22 23:04:53] Game Finding texture with name: trans.dds in root: SP_E400MMC/Model/Converted/E400MMC_ADL_10.9m_Voith_LowHeight_obj
[2026-09-22 23:04:53] Game Found texture at direct path: SP_E400MMC/Texture/trans.dds
[2026-09-22 23:04:53] Game Finding texture with name: trans.dds in root: SP_E400MMC/Model/Converted/E400MMC_ADL_10.9m_Voith_LowHeight_obj
[2026-09-22 23:04:53] Game Found texture at direct path: SP_E400MMC/Texture/trans.dds
[2026-09-22 23:04:53] Game Finding texture with name: trans.dds in root: SP_E400MMC/Model/Converted/E400MMC_ADL_10.9m_Voith_LowHeight_obj
[2026-09-22 23:04:53] Game Found texture at direct path: SP_E400MMC/Texture/trans.dds
[2026-09-22 23:04:53] Game Finding texture with name: trans.dds in root: SP_E400MMC/Model/Converted/E400MMC_ADL_10.9m_Voith_LowHeight_obj
[2026-09-22 23:04:53] Game Found texture at direct path: SP_E400MMC/Texture/trans.dds
[2026-09-22 23:04:53] Game Finding texture with name: trans.dds in root: SP_E400MMC/Model/Converted/E400MMC_ADL_10.9m_Voith_LowHeight_obj
[2026-09-22 23:04:53] Game Found texture at direct path: SP_E400MMC/Texture/trans.dds
[2026-09-22 23:04:53] Game Finding texture with name: trans.dds in root: SP_E400MMC/Model/Converted/E400MMC_ADL_10.9m_Voith_LowHeight_obj
[2026-09-22 23:04:53] Game Found texture at direct path: SP_E400MMC/Texture/trans.dds
[2026-09-22 23:04:53] Game Finding texture with name: trans.dds in root: SP_E400MMC/Model/Converted/E400MMC_ADL_10.9m_Voith_LowHeight_obj
[2026-09-22 23:04:53] Game Found texture at direct path: SP_E400MMC/Texture/trans.dds
[2026-09-22 23:04:53] Game Finding texture with name: trans.dds in root: SP_E400MMC/Model/Converted/E400MMC_ADL_10.9m_Voith_LowHeight_obj
[2026-09-22 23:04:53] Game Found texture at direct path: SP_E400MMC/Texture/trans.dds
[2026-09-22 23:04:53] Game Finding texture with name: trans.dds in root: SP_E400MMC/Model/Converted/E400MMC_ADL_10.9m_Voith_LowHeight_obj
[2026-09-22 23:04:53] Game Found texture at direct path: SP_E400MMC/Texture/trans.dds
[2026-09-22 23:04:53] Game Finding texture with name: trans.dds in root: SP_E400MMC/Model/Converted/E400MMC_ADL_10.9m_Voith_LowHeight_obj
[2026-09-22 23:04:53] Game Found texture at direct path: SP_E400MMC/Texture/trans.dds
[2026-09-22 23:04:53] Game Finding texture with name: trans.dds in root: SP_E400MMC/Model/Converted/E400MMC_ADL_10.9m_Voith_LowHeight_obj
[2026-09-22 23:04:53] Game Found texture at direct path: SP_E400MMC/Texture/trans.dds
[2026-09-22 23:04:53] Game Finding texture with name: trans.dds in root: SP_E400MMC/Model/Converted/E400MMC_ADL_10.9m_Voith_LowHeight_obj
[2026-09-22 23:04:53] Game Found texture at direct path: SP_E400MMC/Texture/trans.dds
[2026-09-22 23:04:53] Game Finding texture with name: trans.dds in root: SP_E400MMC/Model/Converted/E400MMC_ADL_10.9m_Voith_LowHeight_obj
[2026-09-22 23:04:53] Game Found texture at direct path: SP_E400MMC/Texture/trans.dds
[2026-09-22 23:04:53] Game Finding texture with name: trans.dds in root: SP_E400MMC/Model/Converted/E400MMC_ADL_10.9m_Voith_LowHeight_obj
[2026-09-22 23:04:53] Game Found texture at direct path: SP_E400MMC/Texture/trans.dds
[2026-09-22 23:04:53] Game Finding texture with name: trans.dds in root: SP_E400MMC/Model/Converted/E400MMC_ADL_10.9m_Voith_LowHeight_obj
[2026-09-22 23:04:53] Game Found texture at direct path: SP_E400MMC/Texture/trans.dds
[2026-09-22 23:04:53] Game Finding texture with name: trans.dds in root: SP_E400MMC/Model/Converted/E400MMC_ADL_10.9m_Voith_LowHeight_obj
[2026-09-22 23:04:53] Game Found texture at direct path: SP_E400MMC/Texture/trans.dds
[2026-09-22 23:04:53] Game Finding texture with name: trans.dds in root: SP_E400MMC/Model/Converted/E400MMC_ADL_10.9m_Voith_LowHeight_obj
[2026-09-22 23:04:53] Game Found texture at direct path: SP_E400MMC/Texture/trans.dds
[2026-09-22 23:04:53] Game Finding texture with name: trans.dds in root: SP_E400MMC/Model/Converted/E400MMC_ADL_10.9m_Voith_LowHeight_obj
[2026-09-22 23:04:53] Game Found texture at direct path: SP_E400MMC/Texture/trans.dds
[2026-09-22 23:04:53] Game Finding texture with name: trans.dds in root: SP_E400MMC/Model/Converted/E400MMC_ADL_10.9m_Voith_LowHeight_obj
[2026-09-22 23:04:53] Game Found texture at direct path: SP_E400MMC/Texture/trans.dds
[2026-09-22 23:04:53] Game Finding texture with name: reg.dds in root: SP_E400MMC/Model/Converted/E400MMC_ADL_10.9m_Voith_LowHeight_obj
[2026-09-22 23:04:53] Game Found texture at direct path: SP_E400MMC/Texture/reg.dds
[2026-09-22 23:04:53] Game Finding texture with name: reg.dds in root: SP_E400MMC/Model/Converted/E400MMC_ADL_10.9m_Voith_LowHeight_obj
[2026-09-22 23:04:53] Game Found texture at direct path: SP_E400MMC/Texture/reg.dds
[2026-09-22 23:04:53] Game Finding texture with name: trans.dds in root: SP_E400MMC/Model/Converted/E400MMC_ADL_10.9m_Voith_LowHeight_obj
[2026-09-22 23:04:53] Game Found texture at direct path: SP_E400MMC/Texture/trans.dds
[2026-09-22 23:04:53] Game Finding texture with name: trans.dds in root: SP_E400MMC/Model/Converted/E400MMC_ADL_10.9m_Voith_LowHeight_obj
[2026-09-22 23:04:53] Game Found texture at direct path: SP_E400MMC/Texture/trans.dds
[2026-09-22 23:04:53] Game Finding texture with name: trans.dds in root: SP_E400MMC/Model/Converted/E400MMC_ADL_10.9m_Voith_LowHeight_obj
[2026-09-22 23:04:53] Game Found texture at direct path: SP_E400MMC/Texture/trans.dds
[2026-09-22 23:04:53] Game Finding texture with name: trans.dds in root: SP_E400MMC/Model/Converted/E400MMC_ADL_10.9m_Voith_LowHeight_obj
[2026-09-22 23:04:53] Game Found texture at direct path: SP_E400MMC/Texture/trans.dds
[2026-09-22 23:04:53] Game Finding texture with name: trans.dds in root: SP_E400MMC/Model/Converted/E400MMC_ADL_10.9m_Voith_LowHeight_obj
[2026-09-22 23:04:53] Game Found texture at direct path: SP_E400MMC/Texture/trans.dds
[2026-09-22 23:04:53] Game Finding texture with name: trans.dds in root: SP_E400MMC/Model/Converted/E400MMC_ADL_10.9m_Voith_LowHeight_obj
[2026-09-22 23:04:53] Game Found texture at direct path: SP_E400MMC/Texture/trans.dds
[2026-09-22 23:04:53] Game Finding texture with name: trans.dds in root: SP_E400MMC/Model/Converted/E400MMC_ADL_10.9m_Voith_LowHeight_obj
[2026-09-22 23:04:53] Game Found texture at direct path: SP_E400MMC/Texture/trans.dds
[2026-09-22 23:04:53] Game Finding texture with name: trans.dds in root: SP_E400MMC/Model/Converted/E400MMC_ADL_10.9m_Voith_LowHeight_obj
[2026-09-22 23:04:53] Game Found texture at direct path: SP_E400MMC/Texture/trans.dds
[2026-09-22 23:04:53] Game Finding texture with name: trans.dds in root: SP_E400MMC/Model/Converted/E400MMC_ADL_10.9m_Voith_LowHeight_obj
[2026-09-22 23:04:53] Game Found texture at direct path: SP_E400MMC/Texture/trans.dds
[2026-09-22 23:04:53] Game Finding texture with name: trans.dds in root: SP_E400MMC/Model/Converted/E400MMC_ADL_10.9m_Voith_LowHeight_obj
[2026-09-22 23:04:53] Game Found texture at direct path: SP_E400MMC/Texture/trans.dds
[2026-09-22 23:04:53] Game Finding texture with name: trans.dds in root: SP_E400MMC/Model/Converted/E400MMC_ADL_10.9m_Voith_LowHeight_obj
[2026-09-22 23:04:53] Game Found texture at direct path: SP_E400MMC/Texture/trans.dds
[2026-09-22 23:04:53] Game Finding texture with name: trans.dds in root: SP_E400MMC/Model/Converted/E400MMC_ADL_10.9m_Voith_LowHeight_obj
[2026-09-22 23:04:53] Game Found texture at direct path: SP_E400MMC/Texture/trans.dds
[2026-09-22 23:04:53] Game Finding texture with name: trans.dds in root: SP_E400MMC/Model/Converted/E400MMC_ADL_10.9m_Voith_LowHeight_obj
[2026-09-22 23:04:53] Game Found texture at direct path: SP_E400MMC/Texture/trans.dds
[2026-09-22 23:04:53] Game Finding texture with name: reg.dds in root: SP_E400MMC/Model/Converted/E400MMC_ADL_10.9m_Voith_LowHeight_obj
[2026-09-22 23:04:53] Game Found texture at direct path: SP_E400MMC/Texture/reg.dds
[2026-09-22 23:04:53] Game Finding texture with name: reg.dds in root: SP_E400MMC/Model/Converted/E400MMC_ADL_10.9m_Voith_LowHeight_obj
[2026-09-22 23:04:53] Game Found texture at direct path: SP_E400MMC/Texture/reg.dds
[2026-09-22 23:04:53] Game Finding texture with name: reg.dds in root: SP_E400MMC/Model/Converted/E400MMC_ADL_10.9m_Voith_LowHeight_obj
[2026-09-22 23:04:53] Game Found texture at direct path: SP_E400MMC/Texture/reg.dds
[2026-09-22 23:04:53] Game Finding texture with name: trans.dds in root: SP_E400MMC/Model/Converted/E400MMC_ADL_10.9m_Voith_LowHeight_obj
[2026-09-22 23:04:53] Game Found texture at direct path: SP_E400MMC/Texture/trans.dds
[2026-09-22 23:04:53] Game Finding texture with name: trans.dds in root: SP_E400MMC/Model/Converted/E400MMC_ADL_10.9m_Voith_LowHeight_obj
[2026-09-22 23:04:53] Game Found texture at direct path: SP_E400MMC/Texture/trans.dds
[2026-09-22 23:04:53] Game Finding texture with name: reg.dds in root: SP_E400MMC/Model/Converted/E400MMC_ADL_10.9m_Voith_LowHeight_obj
[2026-09-22 23:04:53] Game Found texture at direct path: SP_E400MMC/Texture/reg.dds
[2026-09-22 23:04:53] Game Finding texture with name: trans.dds in root: SP_E400MMC/Model/Converted/E400MMC_ADL_10.9m_Voith_LowHeight_obj
[2026-09-22 23:04:53] Game Found texture at direct path: SP_E400MMC/Texture/trans.dds
[2026-09-22 23:04:53] Game Finding texture with name: trans.dds in root: SP_E400MMC/Model/Converted/E400MMC_ADL_10.9m_Voith_LowHeight_obj
[2026-09-22 23:04:53] Game Found texture at direct path: SP_E400MMC/Texture/trans.dds
[2026-09-22 23:04:53] Game Finding texture with name: trans.dds in root: SP_E400MMC/Model/Converted/E400MMC_ADL_10.9m_Voith_LowHeight_obj
[2026-09-22 23:04:53] Game Found texture at direct path: SP_E400MMC/Texture/trans.dds
[2026-09-22 23:04:53] Game Finding texture with name: TicketerScreens\Screen_Messaging_Green.dds in root: SP_E400MMC/Model/Converted/E400MMC_ADL_10.9m_Voith_LowHeight_obj
[2026-09-22 23:04:53] Game Found texture at direct path: SP_E400MMC/Texture/TicketerScreens/Screen_Messaging_Green.dds
[2026-09-22 23:04:53] Game Finding texture with name: reg.dds in root: SP_E400MMC/Model/Converted/E400MMC_ADL_10.9m_Voith_LowHeight_obj
[2026-09-22 23:04:53] Game Found texture at direct path: SP_E400MMC/Texture/reg.dds
[2026-09-22 23:04:53] Game Finding texture with name: TicketerScreens\Screen_MessagesPopup.dds in root: SP_E400MMC/Model/Converted/E400MMC_ADL_10.9m_Voith_LowHeight_obj
[2026-09-22 23:04:53] Game Found texture at direct path: SP_E400MMC/Texture/TicketerScreens/Screen_MessagesPopup.dds
[2026-09-22 23:04:53] Game Finding texture with name: reg.dds in root: SP_E400MMC/Model/Converted/E400MMC_ADL_10.9m_Voith_LowHeight_obj
[2026-09-22 23:04:53] Game Found texture at direct path: SP_E400MMC/Texture/reg.dds
[2026-09-22 23:04:53] Game Finding texture with name: trans.dds in root: SP_E400MMC/Model/Converted/E400MMC_ADL_10.9m_Voith_LowHeight_obj
[2026-09-22 23:04:53] Game Found texture at direct path: SP_E400MMC/Texture/trans.dds
[2026-09-22 23:04:53] Game Finding texture with name: trans.dds in root: SP_E400MMC/Model/Converted/E400MMC_ADL_10.9m_Voith_LowHeight_obj
[2026-09-22 23:04:53] Game Found texture at direct path: SP_E400MMC/Texture/trans.dds
[2026-09-22 23:04:53] Game Finding texture with name: reg.dds in root: SP_E400MMC/Model/Converted/E400MMC_ADL_10.9m_Voith_LowHeight_obj
[2026-09-22 23:04:53] Game Found texture at direct path: SP_E400MMC/Texture/reg.dds
[2026-09-22 23:04:53] Game Finding texture with name: TicketerScreens\Screen_Messaging_Backing.dds in root: SP_E400MMC/Model/Converted/E400MMC_ADL_10.9m_Voith_LowHeight_obj
[2026-09-22 23:04:53] Game Found texture at direct path: SP_E400MMC/Texture/TicketerScreens/Screen_Messaging_Backing.dds
[2026-09-22 23:04:53] Game Finding texture with name: reg.dds in root: SP_E400MMC/Model/Converted/E400MMC_ADL_10.9m_Voith_LowHeight_obj
[2026-09-22 23:04:53] Game Found texture at direct path: SP_E400MMC/Texture/reg.dds
[2026-09-22 23:04:53] Game Finding texture with name: reg.dds in root: SP_E400MMC/Model/Converted/E400MMC_ADL_10.9m_Voith_LowHeight_obj
[2026-09-22 23:04:53] Game Found texture at direct path: SP_E400MMC/Texture/reg.dds
[2026-09-22 23:04:53] Game Finding texture with name: reg.dds in root: SP_E400MMC/Model/Converted/E400MMC_ADL_10.9m_Voith_LowHeight_obj
[2026-09-22 23:04:53] Game Found texture at direct path: SP_E400MMC/Texture/reg.dds
[2026-09-22 23:04:53] Game Finding texture with name: trans.dds in root: SP_E400MMC/Model/Converted/E400MMC_ADL_10.9m_Voith_LowHeight_obj
[2026-09-22 23:04:53] Game Found texture at direct path: SP_E400MMC/Texture/trans.dds
[2026-09-22 23:04:53] Game Finding texture with name: trans.dds in root: SP_E400MMC/Model/Converted/E400MMC_ADL_10.9m_Voith_LowHeight_obj
[2026-09-22 23:04:53] Game Found texture at direct path: SP_E400MMC/Texture/trans.dds
[2026-09-22 23:04:53] Game Finding texture with name: trans.dds in root: SP_E400MMC/Model/Converted/E400MMC_ADL_10.9m_Voith_LowHeight_obj
[2026-09-22 23:04:53] Game Found texture at direct path: SP_E400MMC/Texture/trans.dds
[2026-09-22 23:04:53] Game Finding texture with name: trans.dds in root: SP_E400MMC/Model/Converted/E400MMC_ADL_10.9m_Voith_LowHeight_obj
[2026-09-22 23:04:53] Game Found texture at direct path: SP_E400MMC/Texture/trans.dds
[2026-09-22 23:04:53] Game Finding texture with name: reg.dds in root: SP_E400MMC/Model/Converted/E400MMC_ADL_10.9m_Voith_LowHeight_obj
[2026-09-22 23:04:53] Game Found texture at direct path: SP_E400MMC/Texture/reg.dds
[2026-09-22 23:04:53] Game Finding texture with name: reg.dds in root: SP_E400MMC/Model/Converted/E400MMC_ADL_10.9m_Voith_LowHeight_obj
[2026-09-22 23:04:53] Game Found texture at direct path: SP_E400MMC/Texture/reg.dds
[2026-09-22 23:04:53] Game Finding texture with name: reg.dds in root: SP_E400MMC/Model/Converted/E400MMC_ADL_10.9m_Voith_LowHeight_obj
[2026-09-22 23:04:53] Game Found texture at direct path: SP_E400MMC/Texture/reg.dds
[2026-09-22 23:04:53] Game Finding texture with name: reg.dds in root: SP_E400MMC/Model/Converted/E400MMC_ADL_10.9m_Voith_LowHeight_obj
[2026-09-22 23:04:53] Game Found texture at direct path: SP_E400MMC/Texture/reg.dds
[2026-09-22 23:04:53] Game Finding texture with name: trans.dds in root: SP_E400MMC/Model/Converted/E400MMC_ADL_10.9m_Voith_LowHeight_obj
[2026-09-22 23:04:53] Game Found texture at direct path: SP_E400MMC/Texture/trans.dds
[2026-09-22 23:04:53] Game Finding texture with name: trans.dds in root: SP_E400MMC/Model/Converted/E400MMC_ADL_10.9m_Voith_LowHeight_obj
[2026-09-22 23:04:53] Game Found texture at direct path: SP_E400MMC/Texture/trans.dds
[2026-09-22 23:04:53] Game Finding texture with name: trans.dds in root: SP_E400MMC/Model/Converted/E400MMC_ADL_10.9m_Voith_LowHeight_obj
[2026-09-22 23:04:53] Game Found texture at direct path: SP_E400MMC/Texture/trans.dds
[2026-09-22 23:04:53] Game Finding texture with name: reg.dds in root: SP_E400MMC/Model/Converted/E400MMC_ADL_10.9m_Voith_LowHeight_obj
[2026-09-22 23:04:53] Game Found texture at direct path: SP_E400MMC/Texture/reg.dds
[2026-09-22 23:04:53] Game Finding texture with name: reg.dds in root: SP_E400MMC/Model/Converted/E400MMC_ADL_10.9m_Voith_LowHeight_obj
[2026-09-22 23:04:53] Game Found texture at direct path: SP_E400MMC/Texture/reg.dds
[2026-09-22 23:04:53] Game Finding texture with name: reg.dds in root: SP_E400MMC/Model/Converted/E400MMC_ADL_10.9m_Voith_LowHeight_obj
[2026-09-22 23:04:53] Game Found texture at direct path: SP_E400MMC/Texture/reg.dds
[2026-09-22 23:04:53] Game Finding texture with name: reg.dds in root: SP_E400MMC/Model/Converted/E400MMC_ADL_10.9m_Voith_LowHeight_obj
[2026-09-22 23:04:53] Game Found texture at direct path: SP_E400MMC/Texture/reg.dds
[2026-09-22 23:04:53] Game Finding texture with name: reg.dds in root: SP_E400MMC/Model/Converted/E400MMC_ADL_10.9m_Voith_LowHeight_obj
[2026-09-22 23:04:53] Game Found texture at direct path: SP_E400MMC/Texture/reg.dds
[2026-09-22 23:04:53] Game Finding texture with name: reg.dds in root: SP_E400MMC/Model/Converted/E400MMC_ADL_10.9m_Voith_LowHeight_obj
[2026-09-22 23:04:53] Game Found texture at direct path: SP_E400MMC/Texture/reg.dds
[2026-09-22 23:04:53] Game Finding texture with name: reg.dds in root: SP_E400MMC/Model/Converted/E400MMC_ADL_10.9m_Voith_LowHeight_obj
[2026-09-22 23:04:53] Game Found texture at direct path: SP_E400MMC/Texture/reg.dds
[2026-09-22 23:04:53] Game Finding texture with name: reg.dds in root: SP_E400MMC/Model/Converted/E400MMC_ADL_10.9m_Voith_LowHeight_obj
[2026-09-22 23:04:53] Game Found texture at direct path: SP_E400MMC/Texture/reg.dds
[2026-09-22 23:04:53] Game Finding texture with name: reg.dds in root: SP_E400MMC/Model/Converted/E400MMC_ADL_10.9m_Voith_LowHeight_obj
[2026-09-22 23:04:53] Game Found texture at direct path: SP_E400MMC/Texture/reg.dds
[2026-09-22 23:04:53] Game Finding texture with name: reg.dds in root: SP_E400MMC/Model/Converted/E400MMC_ADL_10.9m_Voith_LowHeight_obj
[2026-09-22 23:04:53] Game Found texture at direct path: SP_E400MMC/Texture/reg.dds
[2026-09-22 23:04:53] Game Finding texture with name: reg.dds in root: SP_E400MMC/Model/Converted/E400MMC_ADL_10.9m_Voith_LowHeight_obj
[2026-09-22 23:04:53] Game Found texture at direct path: SP_E400MMC/Texture/reg.dds
[2026-09-22 23:04:53] Game Finding texture with name: reg.dds in root: SP_E400MMC/Model/Converted/E400MMC_ADL_10.9m_Voith_LowHeight_obj
[2026-09-22 23:04:53] Game Found texture at direct path: SP_E400MMC/Texture/reg.dds
[2026-09-22 23:04:53] Game Finding texture with name: reg.dds in root: SP_E400MMC/Model/Converted/E400MMC_ADL_10.9m_Voith_LowHeight_obj
[2026-09-22 23:04:53] Game Found texture at direct path: SP_E400MMC/Texture/reg.dds
[2026-09-22 23:04:53] Game Finding texture with name: reg.dds in root: SP_E400MMC/Model/Converted/E400MMC_ADL_10.9m_Voith_LowHeight_obj
[2026-09-22 23:04:53] Game Found texture at direct path: SP_E400MMC/Texture/reg.dds
[2026-09-22 23:04:53] Game Finding texture with name: reg.dds in root: SP_E400MMC/Model/Converted/E400MMC_ADL_10.9m_Voith_LowHeight_obj
[2026-09-22 23:04:53] Game Found texture at direct path: SP_E400MMC/Texture/reg.dds
[2026-09-22 23:04:53] Game Finding texture with name: reg.dds in root: SP_E400MMC/Model/Converted/E400MMC_ADL_10.9m_Voith_LowHeight_obj
[2026-09-22 23:04:53] Game Found texture at direct path: SP_E400MMC/Texture/reg.dds
[2026-09-22 23:04:53] Game Finding texture with name: reg.dds in root: SP_E400MMC/Model/Converted/E400MMC_ADL_10.9m_Voith_LowHeight_obj
[2026-09-22 23:04:53] Game Found texture at direct path: SP_E400MMC/Texture/reg.dds
[2026-09-22 23:04:53] Game Finding texture with name: reg.dds in root: SP_E400MMC/Model/Converted/E400MMC_ADL_10.9m_Voith_LowHeight_obj
[2026-09-22 23:04:53] Game Found texture at direct path: SP_E400MMC/Texture/reg.dds
[2026-09-22 23:04:53] Game Finding texture with name: reg.dds in root: SP_E400MMC/Model/Converted/E400MMC_ADL_10.9m_Voith_LowHeight_obj
[2026-09-22 23:04:53] Game Found texture at direct path: SP_E400MMC/Texture/reg.dds
[2026-09-22 23:04:53] Game Finding texture with name: reg.dds in root: SP_E400MMC/Model/Converted/E400MMC_ADL_10.9m_Voith_LowHeight_obj
[2026-09-22 23:04:53] Game Found texture at direct path: SP_E400MMC/Texture/reg.dds
[2026-09-22 23:04:53] Game Finding texture with name: reg.dds in root: SP_E400MMC/Model/Converted/E400MMC_ADL_10.9m_Voith_LowHeight_obj
[2026-09-22 23:04:53] Game Found texture at direct path: SP_E400MMC/Texture/reg.dds
[2026-09-22 23:04:53] Game Finding texture with name: reg.dds in root: SP_E400MMC/Model/Converted/E400MMC_ADL_10.9m_Voith_LowHeight_obj
[2026-09-22 23:04:53] Game Found texture at direct path: SP_E400MMC/Texture/reg.dds
[2026-09-22 23:04:53] Game Finding texture with name: reg.dds in root: SP_E400MMC/Model/Converted/E400MMC_ADL_10.9m_Voith_LowHeight_obj
[2026-09-22 23:04:53] Game Found texture at direct path: SP_E400MMC/Texture/reg.dds
[2026-09-22 23:04:53] Game Finding texture with name: reg.dds in root: SP_E400MMC/Model/Converted/E400MMC_ADL_10.9m_Voith_LowHeight_obj
[2026-09-22 23:04:53] Game Found texture at direct path: SP_E400MMC/Texture/reg.dds
[2026-09-22 23:04:53] Game Finding texture with name: reg.dds in root: SP_E400MMC/Model/Converted/E400MMC_ADL_10.9m_Voith_LowHeight_obj
[2026-09-22 23:04:53] Game Found texture at direct path: SP_E400MMC/Texture/reg.dds
[2026-09-22 23:04:53] Game Finding texture with name: reg.dds in root: SP_E400MMC/Model/Converted/E400MMC_ADL_10.9m_Voith_LowHeight_obj
[2026-09-22 23:04:53] Game Found texture at direct path: SP_E400MMC/Texture/reg.dds
[2026-09-22 23:04:53] Game Finding texture with name: reg.dds in root: SP_E400MMC/Model/Converted/E400MMC_ADL_10.9m_Voith_LowHeight_obj
[2026-09-22 23:04:53] Game Found texture at direct path: SP_E400MMC/Texture/reg.dds
[2026-09-22 23:04:53] Game Finding texture with name: reg.dds in root: SP_E400MMC/Model/Converted/E400MMC_ADL_10.9m_Voith_LowHeight_obj
[2026-09-22 23:04:53] Game Found texture at direct path: SP_E400MMC/Texture/reg.dds
[2026-09-22 23:04:53] Game Finding texture with name: reg.dds in root: SP_E400MMC/Model/Converted/E400MMC_ADL_10.9m_Voith_LowHeight_obj
[2026-09-22 23:04:53] Game Found texture at direct path: SP_E400MMC/Texture/reg.dds
[2026-09-22 23:04:53] Game Finding texture with name: reg.dds in root: SP_E400MMC/Model/Converted/E400MMC_ADL_10.9m_Voith_LowHeight_obj
[2026-09-22 23:04:53] Game Found texture at direct path: SP_E400MMC/Texture/reg.dds
[2026-09-22 23:04:53] Game Finding texture with name: reg.dds in root: SP_E400MMC/Model/Converted/E400MMC_ADL_10.9m_Voith_LowHeight_obj
[2026-09-22 23:04:53] Game Found texture at direct path: SP_E400MMC/Texture/reg.dds
[2026-09-22 23:04:53] Game Finding texture with name: reg.dds in root: SP_E400MMC/Model/Converted/E400MMC_ADL_10.9m_Voith_LowHeight_obj
[2026-09-22 23:04:53] Game Found texture at direct path: SP_E400MMC/Texture/reg.dds
[2026-09-22 23:04:53] Game Finding texture with name: reg.dds in root: SP_E400MMC/Model/Converted/E400MMC_ADL_10.9m_Voith_LowHeight_obj
[2026-09-22 23:04:53] Game Found texture at direct path: SP_E400MMC/Texture/reg.dds
[2026-09-22 23:04:53] Game Finding texture with name: reg.dds in root: SP_E400MMC/Model/Converted/E400MMC_ADL_10.9m_Voith_LowHeight_obj
[2026-09-22 23:04:53] Game Found texture at direct path: SP_E400MMC/Texture/reg.dds
[2026-09-22 23:04:53] Game Finding texture with name: reg.dds in root: SP_E400MMC/Model/Converted/E400MMC_ADL_10.9m_Voith_LowHeight_obj
[2026-09-22 23:04:53] Game Found texture at direct path: SP_E400MMC/Texture/reg.dds
[2026-09-22 23:04:53] Game Finding texture with name: reg.dds in root: SP_E400MMC/Model/Converted/E400MMC_ADL_10.9m_Voith_LowHeight_obj
[2026-09-22 23:04:53] Game Found texture at direct path: SP_E400MMC/Texture/reg.dds
[2026-09-22 23:04:53] Game Finding texture with name: reg.dds in root: SP_E400MMC/Model/Converted/E400MMC_ADL_10.9m_Voith_LowHeight_obj
[2026-09-22 23:04:53] Game Found texture at direct path: SP_E400MMC/Texture/reg.dds
[2026-09-22 23:04:53] Game Finding texture with name: reg.dds in root: SP_E400MMC/Model/Converted/E400MMC_ADL_10.9m_Voith_LowHeight_obj
[2026-09-22 23:04:53] Game Found texture at direct path: SP_E400MMC/Texture/reg.dds
[2026-09-22 23:04:53] Game Finding texture with name: reg.dds in root: SP_E400MMC/Model/Converted/E400MMC_ADL_10.9m_Voith_LowHeight_obj
[2026-09-22 23:04:53] Game Found texture at direct path: SP_E400MMC/Texture/reg.dds
[2026-09-22 23:04:53] Game Finding texture with name: trans.dds in root: SP_E400MMC/Model/Converted/E400MMC_ADL_10.9m_Voith_LowHeight_obj
[2026-09-22 23:04:53] Game Found texture at direct path: SP_E400MMC/Texture/trans.dds
[2026-09-22 23:04:53] Game Finding texture with name: trans.dds in root: SP_E400MMC/Model/Converted/E400MMC_ADL_10.9m_Voith_LowHeight_obj
[2026-09-22 23:04:53] Game Found texture at direct path: SP_E400MMC/Texture/trans.dds
[2026-09-22 23:04:53] Game Finding texture with name: TicketerScreens\Screen_Occupancy_Green.dds in root: SP_E400MMC/Model/Converted/E400MMC_ADL_10.9m_Voith_LowHeight_obj
[2026-09-22 23:04:53] Game Found texture at direct path: SP_E400MMC/Texture/TicketerScreens/Screen_Occupancy_Green.dds
[2026-09-22 23:04:53] Game Finding texture with name: reg.dds in root: SP_E400MMC/Model/Converted/E400MMC_ADL_10.9m_Voith_LowHeight_obj
[2026-09-22 23:04:53] Game Found texture at direct path: SP_E400MMC/Texture/reg.dds
[2026-09-22 23:04:53] Game Finding texture with name: reg.dds in root: SP_E400MMC/Model/Converted/E400MMC_ADL_10.9m_Voith_LowHeight_obj
[2026-09-22 23:04:53] Game Found texture at direct path: SP_E400MMC/Texture/reg.dds
[2026-09-22 23:04:53] Game Finding texture with name: reg.dds in root: SP_E400MMC/Model/Converted/E400MMC_ADL_10.9m_Voith_LowHeight_obj
[2026-09-22 23:04:53] Game Found texture at direct path: SP_E400MMC/Texture/reg.dds
[2026-09-22 23:04:53] Game Finding texture with name: reg.dds in root: SP_E400MMC/Model/Converted/E400MMC_ADL_10.9m_Voith_LowHeight_obj
[2026-09-22 23:04:53] Game Found texture at direct path: SP_E400MMC/Texture/reg.dds
[2026-09-22 23:04:53] Game Finding texture with name: reg.dds in root: SP_E400MMC/Model/Converted/E400MMC_ADL_10.9m_Voith_LowHeight_obj
[2026-09-22 23:04:53] Game Found texture at direct path: SP_E400MMC/Texture/reg.dds
[2026-09-22 23:04:53] Game Finding texture with name: TicketerScreens\Screen_Occupancy_Occupy.dds in root: SP_E400MMC/Model/Converted/E400MMC_ADL_10.9m_Voith_LowHeight_obj
[2026-09-22 23:04:53] Game Found texture at direct path: SP_E400MMC/Texture/TicketerScreens/Screen_Occupancy_Occupy.dds
[2026-09-22 23:04:53] Game Finding texture with name: trans.dds in root: SP_E400MMC/Model/Converted/E400MMC_ADL_10.9m_Voith_LowHeight_obj
[2026-09-22 23:04:53] Game Found texture at direct path: SP_E400MMC/Texture/trans.dds
[2026-09-22 23:04:53] Game Finding texture with name: trans.dds in root: SP_E400MMC/Model/Converted/E400MMC_ADL_10.9m_Voith_LowHeight_obj
[2026-09-22 23:04:53] Game Found texture at direct path: SP_E400MMC/Texture/trans.dds
[2026-09-22 23:04:53] Game Finding texture with name: trans.dds in root: SP_E400MMC/Model/Converted/E400MMC_ADL_10.9m_Voith_LowHeight_obj
[2026-09-22 23:04:53] Game Found texture at direct path: SP_E400MMC/Texture/trans.dds
[2026-09-22 23:04:53] Game Finding texture with name: trans.dds in root: SP_E400MMC/Model/Converted/E400MMC_ADL_10.9m_Voith_LowHeight_obj
[2026-09-22 23:04:53] Game Found texture at direct path: SP_E400MMC/Texture/trans.dds
[2026-09-22 23:04:53] Game Finding texture with name: trans.dds in root: SP_E400MMC/Model/Converted/E400MMC_ADL_10.9m_Voith_LowHeight_obj
[2026-09-22 23:04:53] Game Found texture at direct path: SP_E400MMC/Texture/trans.dds
[2026-09-22 23:04:53] Game Finding texture with name: trans.dds in root: SP_E400MMC/Model/Converted/E400MMC_ADL_10.9m_Voith_LowHeight_obj
[2026-09-22 23:04:53] Game Found texture at direct path: SP_E400MMC/Texture/trans.dds
[2026-09-22 23:04:53] Game Finding texture with name: trans.dds in root: SP_E400MMC/Model/Converted/E400MMC_ADL_10.9m_Voith_LowHeight_obj
[2026-09-22 23:04:53] Game Found texture at direct path: SP_E400MMC/Texture/trans.dds
[2026-09-22 23:04:53] Game Finding texture with name: trans.dds in root: SP_E400MMC/Model/Converted/E400MMC_ADL_10.9m_Voith_LowHeight_obj
[2026-09-22 23:04:53] Game Found texture at direct path: SP_E400MMC/Texture/trans.dds
[2026-09-22 23:04:53] Game Finding texture with name: trans.dds in root: SP_E400MMC/Model/Converted/E400MMC_ADL_10.9m_Voith_LowHeight_obj
[2026-09-22 23:04:53] Game Found texture at direct path: SP_E400MMC/Texture/trans.dds
[2026-09-22 23:04:53] Game Finding texture with name: reg.dds in root: SP_E400MMC/Model/Converted/E400MMC_ADL_10.9m_Voith_LowHeight_obj
[2026-09-22 23:04:53] Game Found texture at direct path: SP_E400MMC/Texture/reg.dds
[2026-09-22 23:04:53] Game Finding texture with name: reg.dds in root: SP_E400MMC/Model/Converted/E400MMC_ADL_10.9m_Voith_LowHeight_obj
[2026-09-22 23:04:53] Game Found texture at direct path: SP_E400MMC/Texture/reg.dds
[2026-09-22 23:04:53] Game Finding texture with name: reg.dds in root: SP_E400MMC/Model/Converted/E400MMC_ADL_10.9m_Voith_LowHeight_obj
[2026-09-22 23:04:53] Game Found texture at direct path: SP_E400MMC/Texture/reg.dds
[2026-09-22 23:04:53] Game Finding texture with name: reg.dds in root: SP_E400MMC/Model/Converted/E400MMC_ADL_10.9m_Voith_LowHeight_obj
[2026-09-22 23:04:53] Game Found texture at direct path: SP_E400MMC/Texture/reg.dds
[2026-09-22 23:04:53] Game Finding texture with name: trans.dds in root: SP_E400MMC/Model/Converted/E400MMC_ADL_10.9m_Voith_LowHeight_obj
[2026-09-22 23:04:53] Game Found texture at direct path: SP_E400MMC/Texture/trans.dds
[2026-09-22 23:04:53] Game Finding texture with name: trans.dds in root: SP_E400MMC/Model/Converted/E400MMC_ADL_10.9m_Voith_LowHeight_obj
[2026-09-22 23:04:53] Game Found texture at direct path: SP_E400MMC/Texture/trans.dds
[2026-09-22 23:04:53] Game Finding texture with name: trans.dds in root: SP_E400MMC/Model/Converted/E400MMC_ADL_10.9m_Voith_LowHeight_obj
[2026-09-22 23:04:53] Game Found texture at direct path: SP_E400MMC/Texture/trans.dds
[2026-09-22 23:04:53] Game Finding texture with name: trans.dds in root: SP_E400MMC/Model/Converted/E400MMC_ADL_10.9m_Voith_LowHeight_obj
[2026-09-22 23:04:53] Game Found texture at direct path: SP_E400MMC/Texture/trans.dds
[2026-09-22 23:04:53] Game Finding texture with name: reg.dds in root: SP_E400MMC/Model/Converted/E400MMC_ADL_10.9m_Voith_LowHeight_obj
[2026-09-22 23:04:53] Game Found texture at direct path: SP_E400MMC/Texture/reg.dds
[2026-09-22 23:04:53] Game Finding texture with name: reg.dds in root: SP_E400MMC/Model/Converted/E400MMC_ADL_10.9m_Voith_LowHeight_obj
[2026-09-22 23:04:53] Game Found texture at direct path: SP_E400MMC/Texture/reg.dds
[2026-09-22 23:04:53] Game Finding texture with name: reg.dds in root: SP_E400MMC/Model/Converted/E400MMC_ADL_10.9m_Voith_LowHeight_obj
[2026-09-22 23:04:53] Game Found texture at direct path: SP_E400MMC/Texture/reg.dds
[2026-09-22 23:04:53] Game Finding texture with name: reg.dds in root: SP_E400MMC/Model/Converted/E400MMC_ADL_10.9m_Voith_LowHeight_obj
[2026-09-22 23:04:53] Game Found texture at direct path: SP_E400MMC/Texture/reg.dds
[2026-09-22 23:04:53] Game Finding texture with name: reg.dds in root: SP_E400MMC/Model/Converted/E400MMC_ADL_10.9m_Voith_LowHeight_obj
[2026-09-22 23:04:53] Game Found texture at direct path: SP_E400MMC/Texture/reg.dds
[2026-09-22 23:04:53] Game Finding texture with name: reg.dds in root: SP_E400MMC/Model/Converted/E400MMC_ADL_10.9m_Voith_LowHeight_obj
[2026-09-22 23:04:53] Game Found texture at direct path: SP_E400MMC/Texture/reg.dds
[2026-09-22 23:04:53] Game Finding texture with name: reg.dds in root: SP_E400MMC/Model/Converted/E400MMC_ADL_10.9m_Voith_LowHeight_obj
[2026-09-22 23:04:53] Game Found texture at direct path: SP_E400MMC/Texture/reg.dds
[2026-09-22 23:04:53] Game Finding texture with name: reg.dds in root: SP_E400MMC/Model/Converted/E400MMC_ADL_10.9m_Voith_LowHeight_obj
[2026-09-22 23:04:53] Game Found texture at direct path: SP_E400MMC/Texture/reg.dds
[2026-09-22 23:04:53] Game Finding texture with name: reg.dds in root: SP_E400MMC/Model/Converted/E400MMC_ADL_10.9m_Voith_LowHeight_obj
[2026-09-22 23:04:53] Game Found texture at direct path: SP_E400MMC/Texture/reg.dds
[2026-09-22 23:04:53] Game Finding texture with name: reg.dds in root: SP_E400MMC/Model/Converted/E400MMC_ADL_10.9m_Voith_LowHeight_obj
[2026-09-22 23:04:53] Game Found texture at direct path: SP_E400MMC/Texture/reg.dds
[2026-09-22 23:04:53] Game Finding texture with name: reg.dds in root: SP_E400MMC/Model/Converted/E400MMC_ADL_10.9m_Voith_LowHeight_obj
[2026-09-22 23:04:53] Game Found texture at direct path: SP_E400MMC/Texture/reg.dds
[2026-09-22 23:04:53] Game Finding texture with name: reg.dds in root: SP_E400MMC/Model/Converted/E400MMC_ADL_10.9m_Voith_LowHeight_obj
[2026-09-22 23:04:53] Game Found texture at direct path: SP_E400MMC/Texture/reg.dds
[2026-09-22 23:04:53] Game Finding texture with name: reg.dds in root: SP_E400MMC/Model/Converted/E400MMC_ADL_10.9m_Voith_LowHeight_obj
[2026-09-22 23:04:53] Game Found texture at direct path: SP_E400MMC/Texture/reg.dds
[2026-09-22 23:04:53] Game Finding texture with name: reg.dds in root: SP_E400MMC/Model/Converted/E400MMC_ADL_10.9m_Voith_LowHeight_obj
[2026-09-22 23:04:53] Game Found texture at direct path: SP_E400MMC/Texture/reg.dds
[2026-09-22 23:04:53] Game Finding texture with name: reg.dds in root: SP_E400MMC/Model/Converted/E400MMC_ADL_10.9m_Voith_LowHeight_obj
[2026-09-22 23:04:53] Game Found texture at direct path: SP_E400MMC/Texture/reg.dds
[2026-09-22 23:04:53] Game Finding texture with name: reg.dds in root: SP_E400MMC/Model/Converted/E400MMC_ADL_10.9m_Voith_LowHeight_obj
[2026-09-22 23:04:53] Game Found texture at direct path: SP_E400MMC/Texture/reg.dds
[2026-09-22 23:04:53] Game Finding texture with name: reg.dds in root: SP_E400MMC/Model/Converted/E400MMC_ADL_10.9m_Voith_LowHeight_obj
[2026-09-22 23:04:53] Game Found texture at direct path: SP_E400MMC/Texture/reg.dds
[2026-09-22 23:04:53] Game Finding texture with name: reg.dds in root: SP_E400MMC/Model/Converted/E400MMC_ADL_10.9m_Voith_LowHeight_obj
[2026-09-22 23:04:53] Game Found texture at direct path: SP_E400MMC/Texture/reg.dds
[2026-09-22 23:04:53] Game Finding texture with name: reg.dds in root: SP_E400MMC/Model/Converted/E400MMC_ADL_10.9m_Voith_LowHeight_obj
[2026-09-22 23:04:53] Game Found texture at direct path: SP_E400MMC/Texture/reg.dds
[2026-09-22 23:04:53] Game Finding texture with name: reg.dds in root: SP_E400MMC/Model/Converted/E400MMC_ADL_10.9m_Voith_LowHeight_obj
[2026-09-22 23:04:53] Game Found texture at direct path: SP_E400MMC/Texture/reg.dds
[2026-09-22 23:04:53] Game Finding texture with name: reg.dds in root: SP_E400MMC/Model/Converted/E400MMC_ADL_10.9m_Voith_LowHeight_obj
[2026-09-22 23:04:53] Game Found texture at direct path: SP_E400MMC/Texture/reg.dds
[2026-09-22 23:04:53] Game Finding texture with name: reg.dds in root: SP_E400MMC/Model/Converted/E400MMC_ADL_10.9m_Voith_LowHeight_obj
[2026-09-22 23:04:53] Game Found texture at direct path: SP_E400MMC/Texture/reg.dds
[2026-09-22 23:04:53] Game Finding texture with name: reg.dds in root: SP_E400MMC/Model/Converted/E400MMC_ADL_10.9m_Voith_LowHeight_obj
[2026-09-22 23:04:53] Game Found texture at direct path: SP_E400MMC/Texture/reg.dds
[2026-09-22 23:04:53] Game Finding texture with name: reg.dds in root: SP_E400MMC/Model/Converted/E400MMC_ADL_10.9m_Voith_LowHeight_obj
[2026-09-22 23:04:53] Game Found texture at direct path: SP_E400MMC/Texture/reg.dds
[2026-09-22 23:04:53] Game Finding texture with name: reg.dds in root: SP_E400MMC/Model/Converted/E400MMC_ADL_10.9m_Voith_LowHeight_obj
[2026-09-22 23:04:53] Game Found texture at direct path: SP_E400MMC/Texture/reg.dds
[2026-09-22 23:04:53] Game Finding texture with name: reg.dds in root: SP_E400MMC/Model/Converted/E400MMC_ADL_10.9m_Voith_LowHeight_obj
[2026-09-22 23:04:53] Game Found texture at direct path: SP_E400MMC/Texture/reg.dds
[2026-09-22 23:04:53] Game Finding texture with name: reg.dds in root: SP_E400MMC/Model/Converted/E400MMC_ADL_10.9m_Voith_LowHeight_obj
[2026-09-22 23:04:53] Game Found texture at direct path: SP_E400MMC/Texture/reg.dds
[2026-09-22 23:04:53] Game Finding texture with name: reg.dds in root: SP_E400MMC/Model/Converted/E400MMC_ADL_10.9m_Voith_LowHeight_obj
[2026-09-22 23:04:53] Game Found texture at direct path: SP_E400MMC/Texture/reg.dds
[2026-09-22 23:04:53] Game Finding texture with name: reg.dds in root: SP_E400MMC/Model/Converted/E400MMC_ADL_10.9m_Voith_LowHeight_obj
[2026-09-22 23:04:53] Game Found texture at direct path: SP_E400MMC/Texture/reg.dds
[2026-09-22 23:04:53] Game Finding texture with name: reg.dds in root: SP_E400MMC/Model/Converted/E400MMC_ADL_10.9m_Voith_LowHeight_obj
[2026-09-22 23:04:53] Game Found texture at direct path: SP_E400MMC/Texture/reg.dds
[2026-09-22 23:04:53] Game Finding texture with name: reg.dds in root: SP_E400MMC/Model/Converted/E400MMC_ADL_10.9m_Voith_LowHeight_obj
[2026-09-22 23:04:53] Game Found texture at direct path: SP_E400MMC/Texture/reg.dds
[2026-09-22 23:04:53] Game Finding texture with name: reg.dds in root: SP_E400MMC/Model/Converted/E400MMC_ADL_10.9m_Voith_LowHeight_obj
[2026-09-22 23:04:53] Game Found texture at direct path: SP_E400MMC/Texture/reg.dds
[2026-09-22 23:04:53] Game Finding texture with name: reg.dds in root: SP_E400MMC/Model/Converted/E400MMC_ADL_10.9m_Voith_LowHeight_obj
[2026-09-22 23:04:53] Game Found texture at direct path: SP_E400MMC/Texture/reg.dds
[2026-09-22 23:04:53] Game Finding texture with name: reg.dds in root: SP_E400MMC/Model/Converted/E400MMC_ADL_10.9m_Voith_LowHeight_obj
[2026-09-22 23:04:53] Game Found texture at direct path: SP_E400MMC/Texture/reg.dds
[2026-09-22 23:04:53] Game Finding texture with name: reg.dds in root: SP_E400MMC/Model/Converted/E400MMC_ADL_10.9m_Voith_LowHeight_obj
[2026-09-22 23:04:53] Game Found texture at direct path: SP_E400MMC/Texture/reg.dds
[2026-09-22 23:04:53] Game Finding texture with name: Ticketer_MiniScreen_Backing.dds in root: SP_E400MMC/Model/Converted/E400MMC_ADL_10.9m_Voith_LowHeight_obj
[2026-09-22 23:04:53] Game Found texture at direct path: SP_E400MMC/Texture/Ticketer_MiniScreen_Backing.dds
[2026-09-22 23:04:53] Game Finding texture with name: reg.dds in root: SP_E400MMC/Model/Converted/E400MMC_ADL_10.9m_Voith_LowHeight_obj
[2026-09-22 23:04:53] Game Found texture at direct path: SP_E400MMC/Texture/reg.dds
[2026-09-22 23:04:53] Game Finding texture with name: reg.dds in root: SP_E400MMC/Model/Converted/E400MMC_ADL_10.9m_Voith_LowHeight_obj
[2026-09-22 23:04:53] Game Found texture at direct path: SP_E400MMC/Texture/reg.dds
[2026-09-22 23:04:53] Game Finding texture with name: reg.dds in root: SP_E400MMC/Model/Converted/E400MMC_ADL_10.9m_Voith_LowHeight_obj
[2026-09-22 23:04:53] Game Found texture at direct path: SP_E400MMC/Texture/reg.dds
[2026-09-22 23:04:53] Game Finding texture with name: reg.dds in root: SP_E400MMC/Model/Converted/E400MMC_ADL_10.9m_Voith_LowHeight_obj
[2026-09-22 23:04:53] Game Found texture at direct path: SP_E400MMC/Texture/reg.dds
[2026-09-22 23:04:53] Game Finding texture with name: Ticketer_ITSOCard.dds in root: SP_E400MMC/Model/Converted/E400MMC_ADL_10.9m_Voith_LowHeight_obj
[2026-09-22 23:04:53] Game Found texture at direct path: SP_E400MMC/Texture/Ticketer_ITSOCard.dds
[2026-09-22 23:04:53] Game Finding texture with name: Ticketer_ITSOCard.dds in root: SP_E400MMC/Model/Converted/E400MMC_ADL_10.9m_Voith_LowHeight_obj
[2026-09-22 23:04:53] Game Found texture at direct path: SP_E400MMC/Texture/Ticketer_ITSOCard.dds
[2026-09-22 23:04:53] Game Finding texture with name: Ticketer_TOTO.dds in root: SP_E400MMC/Model/Converted/E400MMC_ADL_10.9m_Voith_LowHeight_obj
[2026-09-22 23:04:53] Game Found texture at direct path: SP_E400MMC/Texture/Ticketer_TOTO.dds
[2026-09-22 23:04:53] Game Finding texture with name: Ticketer_TOTO.dds in root: SP_E400MMC/Model/Converted/E400MMC_ADL_10.9m_Voith_LowHeight_obj
[2026-09-22 23:04:53] Game Found texture at direct path: SP_E400MMC/Texture/Ticketer_TOTO.dds
[2026-09-22 23:04:53] Game Finding texture with name: Ticketer_TOTO.dds in root: SP_E400MMC/Model/Converted/E400MMC_ADL_10.9m_Voith_LowHeight_obj
[2026-09-22 23:04:53] Game Found texture at direct path: SP_E400MMC/Texture/Ticketer_TOTO.dds
[2026-09-22 23:04:53] Game Finding texture with name: Ticketer_TOTO.dds in root: SP_E400MMC/Model/Converted/E400MMC_ADL_10.9m_Voith_LowHeight_obj
[2026-09-22 23:04:53] Game Found texture at direct path: SP_E400MMC/Texture/Ticketer_TOTO.dds
[2026-09-22 23:04:53] Game Finding texture with name: Ticketer_TOTO.dds in root: SP_E400MMC/Model/Converted/E400MMC_ADL_10.9m_Voith_LowHeight_obj
[2026-09-22 23:04:53] Game Found texture at direct path: SP_E400MMC/Texture/Ticketer_TOTO.dds
[2026-09-22 23:04:53] Game Finding texture with name: Ticketer_MiniScreen_Backing.dds in root: SP_E400MMC/Model/Converted/E400MMC_ADL_10.9m_Voith_LowHeight_obj
[2026-09-22 23:04:53] Game Found texture at direct path: SP_E400MMC/Texture/Ticketer_MiniScreen_Backing.dds
[2026-09-22 23:04:53] Game Finding texture with name: reg.dds in root: SP_E400MMC/Model/Converted/E400MMC_ADL_10.9m_Voith_LowHeight_obj
[2026-09-22 23:04:53] Game Found texture at direct path: SP_E400MMC/Texture/reg.dds
[2026-09-22 23:04:53] Game Finding texture with name: reg.dds in root: SP_E400MMC/Model/Converted/E400MMC_ADL_10.9m_Voith_LowHeight_obj
[2026-09-22 23:04:53] Game Found texture at direct path: SP_E400MMC/Texture/reg.dds
[2026-09-22 23:04:53] Game Finding texture with name: Ticketer_BankCard.dds in root: SP_E400MMC/Model/Converted/E400MMC_ADL_10.9m_Voith_LowHeight_obj
[2026-09-22 23:04:53] Game Found texture at direct path: SP_E400MMC/Texture/Ticketer_BankCard.dds
[2026-09-22 23:04:53] Game Finding texture with name: E4_Cab_Misc.dds in root: SP_E400MMC/Model/Converted/E400MMC_ADL_10.9m_Voith_LowHeight_obj
[2026-09-22 23:04:53] Game Found texture at direct path: SP_E400MMC/Texture/E4_Cab_Misc.dds
[2026-09-22 23:04:53] Game Finding texture with name: RIBAS\E4_RIBAS.dds in root: SP_E400MMC/Model/Converted/E400MMC_ADL_10.9m_Voith_LowHeight_obj
[2026-09-22 23:04:53] Game Found texture at direct path: SP_E400MMC/Texture/RIBAS/E4_RIBAS.dds
[2026-09-22 23:04:53] Game Finding texture with name: RIBAS\E4_RIBAS.dds in root: SP_E400MMC/Model/Converted/E400MMC_ADL_10.9m_Voith_LowHeight_obj
[2026-09-22 23:04:53] Game Found texture at direct path: SP_E400MMC/Texture/RIBAS/E4_RIBAS.dds
[2026-09-22 23:04:53] Game Finding texture with name: RIBAS\E4_RIBAS.dds in root: SP_E400MMC/Model/Converted/E400MMC_ADL_10.9m_Voith_LowHeight_obj
[2026-09-22 23:04:53] Game Found texture at direct path: SP_E400MMC/Texture/RIBAS/E4_RIBAS.dds
[2026-09-22 23:04:53] Game Finding texture with name: RIBAS\E4_RIBAS.dds in root: SP_E400MMC/Model/Converted/E400MMC_ADL_10.9m_Voith_LowHeight_obj
[2026-09-22 23:04:53] Game Found texture at direct path: SP_E400MMC/Texture/RIBAS/E4_RIBAS.dds
[2026-09-22 23:04:53] Game Finding texture with name: RIBAS\E4_RIBAS.dds in root: SP_E400MMC/Model/Converted/E400MMC_ADL_10.9m_Voith_LowHeight_obj
[2026-09-22 23:04:53] Game Found texture at direct path: SP_E400MMC/Texture/RIBAS/E4_RIBAS.dds
[2026-09-22 23:04:53] Game Finding texture with name: RIBAS\E4_RIBAS.dds in root: SP_E400MMC/Model/Converted/E400MMC_ADL_10.9m_Voith_LowHeight_obj
[2026-09-22 23:04:53] Game Found texture at direct path: SP_E400MMC/Texture/RIBAS/E4_RIBAS.dds
[2026-09-22 23:04:53] Game Finding texture with name: RIBAS\E4_RIBAS.dds in root: SP_E400MMC/Model/Converted/E400MMC_ADL_10.9m_Voith_LowHeight_obj
[2026-09-22 23:04:53] Game Found texture at direct path: SP_E400MMC/Texture/RIBAS/E4_RIBAS.dds
[2026-09-22 23:04:53] Game Finding texture with name: RIBAS\E4_RIBAS.dds in root: SP_E400MMC/Model/Converted/E400MMC_ADL_10.9m_Voith_LowHeight_obj
[2026-09-22 23:04:53] Game Found texture at direct path: SP_E400MMC/Texture/RIBAS/E4_RIBAS.dds
[2026-09-22 23:04:53] Game Finding texture with name: RIBAS\E4_RIBAS.dds in root: SP_E400MMC/Model/Converted/E400MMC_ADL_10.9m_Voith_LowHeight_obj
[2026-09-22 23:04:53] Game Found texture at direct path: SP_E400MMC/Texture/RIBAS/E4_RIBAS.dds
[2026-09-22 23:04:53] Game Finding texture with name: RIBAS\E4_RIBAS.dds in root: SP_E400MMC/Model/Converted/E400MMC_ADL_10.9m_Voith_LowHeight_obj
[2026-09-22 23:04:53] Game Found texture at direct path: SP_E400MMC/Texture/RIBAS/E4_RIBAS.dds
[2026-09-22 23:04:53] Game Finding texture with name: RIBAS\E4_RIBAS.dds in root: SP_E400MMC/Model/Converted/E400MMC_ADL_10.9m_Voith_LowHeight_obj
[2026-09-22 23:04:53] Game Found texture at direct path: SP_E400MMC/Texture/RIBAS/E4_RIBAS.dds
[2026-09-22 23:04:53] Game Finding texture with name: RIBAS\E4_RIBAS.dds in root: SP_E400MMC/Model/Converted/E400MMC_ADL_10.9m_Voith_LowHeight_obj
[2026-09-22 23:04:53] Game Found texture at direct path: SP_E400MMC/Texture/RIBAS/E4_RIBAS.dds
[2026-09-22 23:04:53] Game Finding texture with name: RIBAS\E4_RIBAS.dds in root: SP_E400MMC/Model/Converted/E400MMC_ADL_10.9m_Voith_LowHeight_obj
[2026-09-22 23:04:53] Game Found texture at direct path: SP_E400MMC/Texture/RIBAS/E4_RIBAS.dds
[2026-09-22 23:04:53] Game Finding texture with name: RIBAS\E4_RIBAS.dds in root: SP_E400MMC/Model/Converted/E400MMC_ADL_10.9m_Voith_LowHeight_obj
[2026-09-22 23:04:53] Game Found texture at direct path: SP_E400MMC/Texture/RIBAS/E4_RIBAS.dds
[2026-09-22 23:04:53] Game Finding texture with name: RIBAS\E4_RIBAS.dds in root: SP_E400MMC/Model/Converted/E400MMC_ADL_10.9m_Voith_LowHeight_obj
[2026-09-22 23:04:53] Game Found texture at direct path: SP_E400MMC/Texture/RIBAS/E4_RIBAS.dds
[2026-09-22 23:04:53] Game Finding texture with name: RIBAS\E4_RIBAS.dds in root: SP_E400MMC/Model/Converted/E400MMC_ADL_10.9m_Voith_LowHeight_obj
[2026-09-22 23:04:53] Game Found texture at direct path: SP_E400MMC/Texture/RIBAS/E4_RIBAS.dds
[2026-09-22 23:04:53] Game Finding texture with name: E4_Doors.dds in root: SP_E400MMC/Model/Converted/E400MMC_ADL_10.9m_Voith_LowHeight_obj
[2026-09-22 23:04:53] Game Found texture at direct path: SP_E400MMC/Texture/E4_Doors.dds
[2026-09-22 23:04:53] Game Finding texture with name: E4_Doors.dds in root: SP_E400MMC/Model/Converted/E400MMC_ADL_10.9m_Voith_LowHeight_obj
[2026-09-22 23:04:53] Game Found texture at direct path: SP_E400MMC/Texture/E4_Doors.dds
[2026-09-22 23:04:53] Game Finding texture with name: Glass.dds in root: SP_E400MMC/Model/Converted/E400MMC_ADL_10.9m_Voith_LowHeight_obj
[2026-09-22 23:04:53] Game Found texture at direct path: SP_E400MMC/Texture/Glass.dds
[2026-09-22 23:04:53] Game Finding texture with name: E4_Interior_Poles.dds in root: SP_E400MMC/Model/Converted/E400MMC_ADL_10.9m_Voith_LowHeight_obj
[2026-09-22 23:04:53] Game Found texture at direct path: SP_E400MMC/Texture/E4_Interior_Poles.dds
[2026-09-22 23:04:53] Game Finding texture with name: E4_Doors.dds in root: SP_E400MMC/Model/Converted/E400MMC_ADL_10.9m_Voith_LowHeight_obj
[2026-09-22 23:04:53] Game Found texture at direct path: SP_E400MMC/Texture/E4_Doors.dds
[2026-09-22 23:04:53] Game Finding texture with name: Glass.dds in root: SP_E400MMC/Model/Converted/E400MMC_ADL_10.9m_Voith_LowHeight_obj
[2026-09-22 23:04:53] Game Found texture at direct path: SP_E400MMC/Texture/Glass.dds
[2026-09-22 23:04:53] Game Finding texture with name: E4_Interior_Poles.dds in root: SP_E400MMC/Model/Converted/E400MMC_ADL_10.9m_Voith_LowHeight_obj
[2026-09-22 23:04:53] Game Found texture at direct path: SP_E400MMC/Texture/E4_Interior_Poles.dds
[2026-09-22 23:04:53] Game Finding texture with name: E4_Doors.dds in root: SP_E400MMC/Model/Converted/E400MMC_ADL_10.9m_Voith_LowHeight_obj
[2026-09-22 23:04:53] Game Found texture at direct path: SP_E400MMC/Texture/E4_Doors.dds
[2026-09-22 23:04:53] Game Finding texture with name: E4_Doors.dds in root: SP_E400MMC/Model/Converted/E400MMC_ADL_10.9m_Voith_LowHeight_obj
[2026-09-22 23:04:53] Game Found texture at direct path: SP_E400MMC/Texture/E4_Doors.dds
[2026-09-22 23:04:53] Game Finding texture with name: E4_Doors.dds in root: SP_E400MMC/Model/Converted/E400MMC_ADL_10.9m_Voith_LowHeight_obj
[2026-09-22 23:04:53] Game Found texture at direct path: SP_E400MMC/Texture/E4_Doors.dds
[2026-09-22 23:04:53] Game Finding texture with name: E4_Doors.dds in root: SP_E400MMC/Model/Converted/E400MMC_ADL_10.9m_Voith_LowHeight_obj
[2026-09-22 23:04:53] Game Found texture at direct path: SP_E400MMC/Texture/E4_Doors.dds
[2026-09-22 23:04:53] Game Finding texture with name: Glass.dds in root: SP_E400MMC/Model/Converted/E400MMC_ADL_10.9m_Voith_LowHeight_obj
[2026-09-22 23:04:53] Game Found texture at direct path: SP_E400MMC/Texture/Glass.dds
[2026-09-22 23:04:53] Game Finding texture with name: E4_Interior_FrontGlass.dds in root: SP_E400MMC/Model/Converted/E400MMC_ADL_10.9m_Voith_LowHeight_obj
[2026-09-22 23:04:53] Game Found texture at direct path: SP_E400MMC/Texture/E4_Interior_FrontGlass.dds
[2026-09-22 23:04:53] Game Finding texture with name: Glass.dds in root: SP_E400MMC/Model/Converted/E400MMC_ADL_10.9m_Voith_LowHeight_obj
[2026-09-22 23:04:53] Game Found texture at direct path: SP_E400MMC/Texture/Glass.dds
[2026-09-22 23:04:53] Game Finding texture with name: Glass.dds in root: SP_E400MMC/Model/Converted/E400MMC_ADL_10.9m_Voith_LowHeight_obj
[2026-09-22 23:04:53] Game Found texture at direct path: SP_E400MMC/Texture/Glass.dds
[2026-09-22 23:04:53] Game Finding texture with name: Glass.dds in root: SP_E400MMC/Model/Converted/E400MMC_ADL_10.9m_Voith_LowHeight_obj
[2026-09-22 23:04:53] Game Found texture at direct path: SP_E400MMC/Texture/Glass.dds
[2026-09-22 23:04:53] Game Finding texture with name: Glass.dds in root: SP_E400MMC/Model/Converted/E400MMC_ADL_10.9m_Voith_LowHeight_obj
[2026-09-22 23:04:53] Game Found texture at direct path: SP_E400MMC/Texture/Glass.dds
[2026-09-22 23:04:53] Game Finding texture with name: Glass.dds in root: SP_E400MMC/Model/Converted/E400MMC_ADL_10.9m_Voith_LowHeight_obj
[2026-09-22 23:04:53] Game Found texture at direct path: SP_E400MMC/Texture/Glass.dds
[2026-09-22 23:04:53] Game Finding texture with name: Glass.dds in root: SP_E400MMC/Model/Converted/E400MMC_ADL_10.9m_Voith_LowHeight_obj
[2026-09-22 23:04:53] Game Found texture at direct path: SP_E400MMC/Texture/Glass.dds
[2026-09-22 23:04:53] Game Finding texture with name: E4_SunShield.dds in root: SP_E400MMC/Model/Converted/E400MMC_ADL_10.9m_Voith_LowHeight_obj
[2026-09-22 23:04:53] Game Found texture at direct path: SP_E400MMC/Texture/E4_SunShield.dds
[2026-09-22 23:04:53] Game Finding texture with name: Glass.dds in root: SP_E400MMC/Model/Converted/E400MMC_ADL_10.9m_Voith_LowHeight_obj
[2026-09-22 23:04:53] Game Found texture at direct path: SP_E400MMC/Texture/Glass.dds
[2026-09-22 23:04:53] Game Finding texture with name: Glass.dds in root: SP_E400MMC/Model/Converted/E400MMC_ADL_10.9m_Voith_LowHeight_obj
[2026-09-22 23:04:53] Game Found texture at direct path: SP_E400MMC/Texture/Glass.dds
[2026-09-22 23:04:53] Game Finding texture with name: E4_Cab_Misc.dds in root: SP_E400MMC/Model/Converted/E400MMC_ADL_10.9m_Voith_LowHeight_obj
[2026-09-22 23:04:53] Game Found texture at direct path: SP_E400MMC/Texture/E4_Cab_Misc.dds
[2026-09-22 23:04:53] Game Finding texture with name: Glass.dds in root: SP_E400MMC/Model/Converted/E400MMC_ADL_10.9m_Voith_LowHeight_obj
[2026-09-22 23:04:53] Game Found texture at direct path: SP_E400MMC/Texture/Glass.dds
[2026-09-22 23:04:53] Game Finding texture with name: E4_WindowStamp_B.dds in root: SP_E400MMC/Model/Converted/E400MMC_ADL_10.9m_Voith_LowHeight_obj
[2026-09-22 23:04:53] Game Found texture at direct path: SP_E400MMC/Texture/E4_WindowStamp_B.dds
[2026-09-22 23:04:53] Game Finding texture with name: E4_Cab_Misc.dds in root: SP_E400MMC/Model/Converted/E400MMC_ADL_10.9m_Voith_LowHeight_obj
[2026-09-22 23:04:53] Game Found texture at direct path: SP_E400MMC/Texture/E4_Cab_Misc.dds
[2026-09-22 23:04:53] Game Finding texture with name: Glass.dds in root: SP_E400MMC/Model/Converted/E400MMC_ADL_10.9m_Voith_LowHeight_obj
[2026-09-22 23:04:53] Game Found texture at direct path: SP_E400MMC/Texture/Glass.dds
[2026-09-22 23:04:53] Game Finding texture with name: E4_WindowStamp_B.dds in root: SP_E400MMC/Model/Converted/E400MMC_ADL_10.9m_Voith_LowHeight_obj
[2026-09-22 23:04:53] Game Found texture at direct path: SP_E400MMC/Texture/E4_WindowStamp_B.dds
[2026-09-22 23:04:53] Game Finding texture with name: E4_Cab_Misc.dds in root: SP_E400MMC/Model/Converted/E400MMC_ADL_10.9m_Voith_LowHeight_obj
[2026-09-22 23:04:53] Game Found texture at direct path: SP_E400MMC/Texture/E4_Cab_Misc.dds
[2026-09-22 23:04:53] Game Finding texture with name: Glass.dds in root: SP_E400MMC/Model/Converted/E400MMC_ADL_10.9m_Voith_LowHeight_obj
[2026-09-22 23:04:53] Game Found texture at direct path: SP_E400MMC/Texture/Glass.dds
[2026-09-22 23:04:53] Game Finding texture with name: E4_WindowStamp_B.dds in root: SP_E400MMC/Model/Converted/E400MMC_ADL_10.9m_Voith_LowHeight_obj
[2026-09-22 23:04:53] Game Found texture at direct path: SP_E400MMC/Texture/E4_WindowStamp_B.dds
[2026-09-22 23:04:53] Game Finding texture with name: E4_Cab_Misc.dds in root: SP_E400MMC/Model/Converted/E400MMC_ADL_10.9m_Voith_LowHeight_obj
[2026-09-22 23:04:53] Game Found texture at direct path: SP_E400MMC/Texture/E4_Cab_Misc.dds
[2026-09-22 23:04:53] Game Finding texture with name: Glass.dds in root: SP_E400MMC/Model/Converted/E400MMC_ADL_10.9m_Voith_LowHeight_obj
[2026-09-22 23:04:53] Game Found texture at direct path: SP_E400MMC/Texture/Glass.dds
[2026-09-22 23:04:53] Game Finding texture with name: E4_WindowStamp_B.dds in root: SP_E400MMC/Model/Converted/E400MMC_ADL_10.9m_Voith_LowHeight_obj
[2026-09-22 23:04:53] Game Found texture at direct path: SP_E400MMC/Texture/E4_WindowStamp_B.dds
[2026-09-22 23:04:53] Game Finding texture with name: E4_WindowFrits.dds in root: SP_E400MMC/Model/Converted/E400MMC_ADL_10.9m_Voith_LowHeight_obj
[2026-09-22 23:04:53] Game Found texture at direct path: SP_E400MMC/Texture/E4_WindowFrits.dds
[2026-09-22 23:04:53] Game Finding texture with name: E4_WindowFrits.dds in root: SP_E400MMC/Model/Converted/E400MMC_ADL_10.9m_Voith_LowHeight_obj
[2026-09-22 23:04:53] Game Found texture at direct path: SP_E400MMC/Texture/E4_WindowFrits.dds
[2026-09-22 23:04:53] Game Finding texture with name: E4_Windows_Decals_Interior.dds in root: SP_E400MMC/Model/Converted/E400MMC_ADL_10.9m_Voith_LowHeight_obj
[2026-09-22 23:04:53] Game Found texture at direct path: SP_E400MMC/Texture/E4_Windows_Decals_Interior.dds
[2026-09-22 23:04:53] Game Finding texture with name: E4_Windows_Decals_Interior.dds in root: SP_E400MMC/Model/Converted/E400MMC_ADL_10.9m_Voith_LowHeight_obj
[2026-09-22 23:04:53] Game Found texture at direct path: SP_E400MMC/Texture/E4_Windows_Decals_Interior.dds
[2026-09-22 23:04:53] Game Finding texture with name: E4_Windows_Decals_Interior.dds in root: SP_E400MMC/Model/Converted/E400MMC_ADL_10.9m_Voith_LowHeight_obj
[2026-09-22 23:04:53] Game Found texture at direct path: SP_E400MMC/Texture/E4_Windows_Decals_Interior.dds
[2026-09-22 23:04:53] Game Finding texture with name: E4_Windows_Decals_Interior.dds in root: SP_E400MMC/Model/Converted/E400MMC_ADL_10.9m_Voith_LowHeight_obj
[2026-09-22 23:04:53] Game Found texture at direct path: SP_E400MMC/Texture/E4_Windows_Decals_Interior.dds
[2026-09-22 23:04:53] Game Finding texture with name: E4_Windows_Decals_Interior.dds in root: SP_E400MMC/Model/Converted/E400MMC_ADL_10.9m_Voith_LowHeight_obj
[2026-09-22 23:04:53] Game Found texture at direct path: SP_E400MMC/Texture/E4_Windows_Decals_Interior.dds
[2026-09-22 23:04:53] Game Finding texture with name: E4_Windows_Decals_Interior.dds in root: SP_E400MMC/Model/Converted/E400MMC_ADL_10.9m_Voith_LowHeight_obj
[2026-09-22 23:04:53] Game Found texture at direct path: SP_E400MMC/Texture/E4_Windows_Decals_Interior.dds
[2026-09-22 23:04:53] Game Finding texture with name: E4_Windows_Decals_Interior.dds in root: SP_E400MMC/Model/Converted/E400MMC_ADL_10.9m_Voith_LowHeight_obj
[2026-09-22 23:04:53] Game Found texture at direct path: SP_E400MMC/Texture/E4_Windows_Decals_Interior.dds
[2026-09-22 23:04:53] Game Finding texture with name: E4_Windows_Decals_Interior.dds in root: SP_E400MMC/Model/Converted/E400MMC_ADL_10.9m_Voith_LowHeight_obj
[2026-09-22 23:04:53] Game Found texture at direct path: SP_E400MMC/Texture/E4_Windows_Decals_Interior.dds
[2026-09-22 23:04:53] Game Finding texture with name: E4_Windows_Decals_Interior.dds in root: SP_E400MMC/Model/Converted/E400MMC_ADL_10.9m_Voith_LowHeight_obj
[2026-09-22 23:04:53] Game Found texture at direct path: SP_E400MMC/Texture/E4_Windows_Decals_Interior.dds
[2026-09-22 23:04:53] Game Finding texture with name: E4_Windows_Decals_Interior.dds in root: SP_E400MMC/Model/Converted/E400MMC_ADL_10.9m_Voith_LowHeight_obj
[2026-09-22 23:04:53] Game Found texture at direct path: SP_E400MMC/Texture/E4_Windows_Decals_Interior.dds
[2026-09-22 23:04:53] Game Finding texture with name: E4_Windows_Decals_Interior.dds in root: SP_E400MMC/Model/Converted/E400MMC_ADL_10.9m_Voith_LowHeight_obj
[2026-09-22 23:04:53] Game Found texture at direct path: SP_E400MMC/Texture/E4_Windows_Decals_Interior.dds
[2026-09-22 23:04:53] Game Finding texture with name: E4_Windows_Decals_Interior.dds in root: SP_E400MMC/Model/Converted/E400MMC_ADL_10.9m_Voith_LowHeight_obj
[2026-09-22 23:04:53] Game Found texture at direct path: SP_E400MMC/Texture/E4_Windows_Decals_Interior.dds
[2026-09-22 23:04:53] Game Finding texture with name: E4_Windows_Decals_Interior.dds in root: SP_E400MMC/Model/Converted/E400MMC_ADL_10.9m_Voith_LowHeight_obj
[2026-09-22 23:04:53] Game Found texture at direct path: SP_E400MMC/Texture/E4_Windows_Decals_Interior.dds
[2026-09-22 23:04:53] Game Finding texture with name: E4_Windows_Decals_Exterior.dds in root: SP_E400MMC/Model/Converted/E400MMC_ADL_10.9m_Voith_LowHeight_obj
[2026-09-22 23:04:53] Game Found texture at direct path: SP_E400MMC/Texture/E4_Windows_Decals_Exterior.dds
[2026-09-22 23:04:53] Game Finding texture with name: E4_Windows_Decals_Exterior.dds in root: SP_E400MMC/Model/Converted/E400MMC_ADL_10.9m_Voith_LowHeight_obj
[2026-09-22 23:04:53] Game Found texture at direct path: SP_E400MMC/Texture/E4_Windows_Decals_Exterior.dds
[2026-09-22 23:04:53] Game Finding texture with name: E4_Windows_Decals_Exterior.dds in root: SP_E400MMC/Model/Converted/E400MMC_ADL_10.9m_Voith_LowHeight_obj
[2026-09-22 23:04:53] Game Found texture at direct path: SP_E400MMC/Texture/E4_Windows_Decals_Exterior.dds
[2026-09-22 23:04:53] Game Finding texture with name: E4_Windows_Decals_Exterior.dds in root: SP_E400MMC/Model/Converted/E400MMC_ADL_10.9m_Voith_LowHeight_obj
[2026-09-22 23:04:53] Game Found texture at direct path: SP_E400MMC/Texture/E4_Windows_Decals_Exterior.dds
[2026-09-22 23:04:53] Game Finding texture with name: E4_Windows_Decals_Exterior.dds in root: SP_E400MMC/Model/Converted/E400MMC_ADL_10.9m_Voith_LowHeight_obj
[2026-09-22 23:04:53] Game Found texture at direct path: SP_E400MMC/Texture/E4_Windows_Decals_Exterior.dds
[2026-09-22 23:04:53] Game Finding texture with name: E4_Windows_Decals_Exterior.dds in root: SP_E400MMC/Model/Converted/E400MMC_ADL_10.9m_Voith_LowHeight_obj
[2026-09-22 23:04:53] Game Found texture at direct path: SP_E400MMC/Texture/E4_Windows_Decals_Exterior.dds
[2026-09-22 23:04:53] Game Finding texture with name: E4_Windows_Decals_Exterior.dds in root: SP_E400MMC/Model/Converted/E400MMC_ADL_10.9m_Voith_LowHeight_obj
[2026-09-22 23:04:53] Game Found texture at direct path: SP_E400MMC/Texture/E4_Windows_Decals_Exterior.dds
[2026-09-22 23:04:53] Game Finding texture with name: E4_Windows_Decals_Exterior.dds in root: SP_E400MMC/Model/Converted/E400MMC_ADL_10.9m_Voith_LowHeight_obj
[2026-09-22 23:04:53] Game Found texture at direct path: SP_E400MMC/Texture/E4_Windows_Decals_Exterior.dds
[2026-09-22 23:04:53] Game Finding texture with name: E4_Windows_Decals_Exterior.dds in root: SP_E400MMC/Model/Converted/E400MMC_ADL_10.9m_Voith_LowHeight_obj
[2026-09-22 23:04:53] Game Found texture at direct path: SP_E400MMC/Texture/E4_Windows_Decals_Exterior.dds
[2026-09-22 23:04:53] Game Finding texture with name: E4_Windows_Decals_Exterior.dds in root: SP_E400MMC/Model/Converted/E400MMC_ADL_10.9m_Voith_LowHeight_obj
[2026-09-22 23:04:53] Game Found texture at direct path: SP_E400MMC/Texture/E4_Windows_Decals_Exterior.dds
[2026-09-22 23:04:53] Game Finding texture with name: E4_Windows_Decals_Exterior.dds in root: SP_E400MMC/Model/Converted/E400MMC_ADL_10.9m_Voith_LowHeight_obj
[2026-09-22 23:04:53] Game Found texture at direct path: SP_E400MMC/Texture/E4_Windows_Decals_Exterior.dds
[2026-09-22 23:04:53] Game Finding texture with name: E4_Windows_Decals_Exterior.dds in root: SP_E400MMC/Model/Converted/E400MMC_ADL_10.9m_Voith_LowHeight_obj
[2026-09-22 23:04:53] Game Found texture at direct path: SP_E400MMC/Texture/E4_Windows_Decals_Exterior.dds
[2026-09-22 23:04:53] Game Finding texture with name: E4_Windows_Decals_Exterior.dds in root: SP_E400MMC/Model/Converted/E400MMC_ADL_10.9m_Voith_LowHeight_obj
[2026-09-22 23:04:53] Game Found texture at direct path: SP_E400MMC/Texture/E4_Windows_Decals_Exterior.dds
[2026-09-22 23:04:53] Game Finding texture with name: E4_CabWindowDecals.dds in root: SP_E400MMC/Model/Converted/E400MMC_ADL_10.9m_Voith_LowHeight_obj
[2026-09-22 23:04:53] Game Found texture at direct path: SP_E400MMC/Texture/E4_CabWindowDecals.dds
[2026-09-22 23:04:53] Game Finding texture with name: E4_WindowStamp_B.dds in root: SP_E400MMC/Model/Converted/E400MMC_ADL_10.9m_Voith_LowHeight_obj
[2026-09-22 23:04:53] Game Found texture at direct path: SP_E400MMC/Texture/E4_WindowStamp_B.dds
[2026-09-22 23:04:53] Game Finding texture with name: E4_WindowStamp_Finn.dds in root: SP_E400MMC/Model/Converted/E400MMC_ADL_10.9m_Voith_LowHeight_obj
[2026-09-22 23:04:53] Game Found texture at direct path: SP_E400MMC/Texture/E4_WindowStamp_Finn.dds
[2026-09-22 23:04:53] Game Finding texture with name: E4_WindowStamp_B.dds in root: SP_E400MMC/Model/Converted/E400MMC_ADL_10.9m_Voith_LowHeight_obj
[2026-09-22 23:04:53] Game Found texture at direct path: SP_E400MMC/Texture/E4_WindowStamp_B.dds
[2026-09-22 23:04:53] Game Finding texture with name: E4_WindowStamp_B.dds in root: SP_E400MMC/Model/Converted/E400MMC_ADL_10.9m_Voith_LowHeight_obj
[2026-09-22 23:04:53] Game Found texture at direct path: SP_E400MMC/Texture/E4_WindowStamp_B.dds
[2026-09-22 23:04:53] Game Finding texture with name: E4_WindowStamp_B.dds in root: SP_E400MMC/Model/Converted/E400MMC_ADL_10.9m_Voith_LowHeight_obj
[2026-09-22 23:04:53] Game Found texture at direct path: SP_E400MMC/Texture/E4_WindowStamp_B.dds
[2026-09-22 23:04:53] Game Finding texture with name: Glass.dds in root: SP_E400MMC/Model/Converted/E400MMC_ADL_10.9m_Voith_LowHeight_obj
[2026-09-22 23:04:53] Game Found texture at direct path: SP_E400MMC/Texture/Glass.dds
[2026-09-22 23:04:53] Game Finding texture with name: Glass.dds in root: SP_E400MMC/Model/Converted/E400MMC_ADL_10.9m_Voith_LowHeight_obj
[2026-09-22 23:04:53] Game Found texture at direct path: SP_E400MMC/Texture/Glass.dds
[2026-09-22 23:04:53] Game Finding texture with name: Glass.dds in root: SP_E400MMC/Model/Converted/E400MMC_ADL_10.9m_Voith_LowHeight_obj
[2026-09-22 23:04:53] Game Found texture at direct path: SP_E400MMC/Texture/Glass.dds
[2026-09-22 23:04:53] Game Finding texture with name: E4_Cab_AssaultShield.dds in root: SP_E400MMC/Model/Converted/E400MMC_ADL_10.9m_Voith_LowHeight_obj
[2026-09-22 23:04:53] Game Found texture at direct path: SP_E400MMC/Texture/E4_Cab_AssaultShield.dds
[2026-09-22 23:04:53] Game Finding texture with name: Glass.dds in root: SP_E400MMC/Model/Converted/E400MMC_ADL_10.9m_Voith_LowHeight_obj
[2026-09-22 23:04:53] Game Found texture at direct path: SP_E400MMC/Texture/Glass.dds
[2026-09-22 23:04:53] Game Finding texture with name: Glass.dds in root: SP_E400MMC/Model/Converted/E400MMC_ADL_10.9m_Voith_LowHeight_obj
[2026-09-22 23:04:53] Game Found texture at direct path: SP_E400MMC/Texture/Glass.dds
[2026-09-22 23:04:53] Game Finding texture with name: E4_Rain_Static.dds in root: SP_E400MMC/Model/Converted/E400MMC_ADL_10.9m_Voith_LowHeight_obj
[2026-09-22 23:04:53] Game Found texture at direct path: SP_E400MMC/Texture/E4_Rain_Static.dds
[2026-09-22 23:04:53] Game Finding texture with name: E4_Rain_Static.dds in root: SP_E400MMC/Model/Converted/E400MMC_ADL_10.9m_Voith_LowHeight_obj
[2026-09-22 23:04:53] Game Found texture at direct path: SP_E400MMC/Texture/E4_Rain_Static.dds
[2026-09-22 23:04:53] Game Finding texture with name: E4_Rain_Static.dds in root: SP_E400MMC/Model/Converted/E400MMC_ADL_10.9m_Voith_LowHeight_obj
[2026-09-22 23:04:53] Game Found texture at direct path: SP_E400MMC/Texture/E4_Rain_Static.dds
[2026-09-22 23:04:53] Game Finding texture with name: E4_Rain_Static.dds in root: SP_E400MMC/Model/Converted/E400MMC_ADL_10.9m_Voith_LowHeight_obj
[2026-09-22 23:04:53] Game Found texture at direct path: SP_E400MMC/Texture/E4_Rain_Static.dds
[2026-09-22 23:04:53] Game Finding texture with name: E4_Rain_Static.dds in root: SP_E400MMC/Model/Converted/E400MMC_ADL_10.9m_Voith_LowHeight_obj
[2026-09-22 23:04:53] Game Found texture at direct path: SP_E400MMC/Texture/E4_Rain_Static.dds
[2026-09-22 23:04:53] Game Finding texture with name: E4_Rain_Static.dds in root: SP_E400MMC/Model/Converted/E400MMC_ADL_10.9m_Voith_LowHeight_obj
[2026-09-22 23:04:53] Game Found texture at direct path: SP_E400MMC/Texture/E4_Rain_Static.dds
[2026-09-22 23:04:53] Game Finding texture with name: E4_Rain_Static.dds in root: SP_E400MMC/Model/Converted/E400MMC_ADL_10.9m_Voith_LowHeight_obj
[2026-09-22 23:04:53] Game Found texture at direct path: SP_E400MMC/Texture/E4_Rain_Static.dds
[2026-09-22 23:04:53] Game Finding texture with name: E4_Rain_Static.dds in root: SP_E400MMC/Model/Converted/E400MMC_ADL_10.9m_Voith_LowHeight_obj
[2026-09-22 23:04:53] Game Found texture at direct path: SP_E400MMC/Texture/E4_Rain_Static.dds
[2026-09-22 23:04:53] Game Finding texture with name: E4_Rain_Static.dds in root: SP_E400MMC/Model/Converted/E400MMC_ADL_10.9m_Voith_LowHeight_obj
[2026-09-22 23:04:53] Game Found texture at direct path: SP_E400MMC/Texture/E4_Rain_Static.dds
[2026-09-22 23:04:53] Game Finding texture with name: E4_Rain_Static.dds in root: SP_E400MMC/Model/Converted/E400MMC_ADL_10.9m_Voith_LowHeight_obj
[2026-09-22 23:04:53] Game Found texture at direct path: SP_E400MMC/Texture/E4_Rain_Static.dds
[2026-09-22 23:04:53] Game Finding texture with name: E4_Rain_Static.dds in root: SP_E400MMC/Model/Converted/E400MMC_ADL_10.9m_Voith_LowHeight_obj
[2026-09-22 23:04:53] Game Found texture at direct path: SP_E400MMC/Texture/E4_Rain_Static.dds
[2026-09-22 23:04:53] Game Finding texture with name: E4_Rain_Static.dds in root: SP_E400MMC/Model/Converted/E400MMC_ADL_10.9m_Voith_LowHeight_obj
[2026-09-22 23:04:53] Game Found texture at direct path: SP_E400MMC/Texture/E4_Rain_Static.dds
[2026-09-22 23:04:53] Game Finding texture with name: E4_Rain_Static.dds in root: SP_E400MMC/Model/Converted/E400MMC_ADL_10.9m_Voith_LowHeight_obj
[2026-09-22 23:04:53] Game Found texture at direct path: SP_E400MMC/Texture/E4_Rain_Static.dds
[2026-09-22 23:04:53] Game Finding texture with name: E4_Rain_Static.dds in root: SP_E400MMC/Model/Converted/E400MMC_ADL_10.9m_Voith_LowHeight_obj
[2026-09-22 23:04:53] Game Found texture at direct path: SP_E400MMC/Texture/E4_Rain_Static.dds
[2026-09-22 23:04:53] Game Finding texture with name: E4_Rain_Static.dds in root: SP_E400MMC/Model/Converted/E400MMC_ADL_10.9m_Voith_LowHeight_obj
[2026-09-22 23:04:53] Game Found texture at direct path: SP_E400MMC/Texture/E4_Rain_Static.dds
[2026-09-22 23:04:53] Game Finding texture with name: E4_Rain_Static.dds in root: SP_E400MMC/Model/Converted/E400MMC_ADL_10.9m_Voith_LowHeight_obj
[2026-09-22 23:04:53] Game Found texture at direct path: SP_E400MMC/Texture/E4_Rain_Static.dds
[2026-09-22 23:04:53] Game Finding texture with name: E4_Rain_Static.dds in root: SP_E400MMC/Model/Converted/E400MMC_ADL_10.9m_Voith_LowHeight_obj
[2026-09-22 23:04:53] Game Found texture at direct path: SP_E400MMC/Texture/E4_Rain_Static.dds
[2026-09-22 23:04:53] Game Finding texture with name: E4_Rain_Static.dds in root: SP_E400MMC/Model/Converted/E400MMC_ADL_10.9m_Voith_LowHeight_obj
[2026-09-22 23:04:53] Game Found texture at direct path: SP_E400MMC/Texture/E4_Rain_Static.dds
[2026-09-22 23:04:53] Game Finding texture with name: E4_Rain_Static.dds in root: SP_E400MMC/Model/Converted/E400MMC_ADL_10.9m_Voith_LowHeight_obj
[2026-09-22 23:04:53] Game Found texture at direct path: SP_E400MMC/Texture/E4_Rain_Static.dds
[2026-09-22 23:04:53] Game Finding texture with name: E4_Rain_Static.dds in root: SP_E400MMC/Model/Converted/E400MMC_ADL_10.9m_Voith_LowHeight_obj
[2026-09-22 23:04:53] Game Found texture at direct path: SP_E400MMC/Texture/E4_Rain_Static.dds
[2026-09-22 23:04:53] Game Finding texture with name: E4_Rain_Static.dds in root: SP_E400MMC/Model/Converted/E400MMC_ADL_10.9m_Voith_LowHeight_obj
[2026-09-22 23:04:53] Game Found texture at direct path: SP_E400MMC/Texture/E4_Rain_Static.dds
[2026-09-22 23:04:53] Game Finding texture with name: E4_Rain_Static.dds in root: SP_E400MMC/Model/Converted/E400MMC_ADL_10.9m_Voith_LowHeight_obj
[2026-09-22 23:04:53] Game Found texture at direct path: SP_E400MMC/Texture/E4_Rain_Static.dds
[2026-09-22 23:04:53] Game Finding texture with name: E4_Interior_Decals.dds in root: SP_E400MMC/Model/Converted/E400MMC_ADL_10.9m_Voith_LowHeight_obj
[2026-09-22 23:04:53] Game Found texture at direct path: SP_E400MMC/Texture/E4_Interior_Decals.dds
[2026-09-22 23:04:53] Game Loading OBJ model from path: SP_E400MMC/Model/Converted/E400MMC_ADL_10.9m_Voith_LowHeight_obj/Exterior/Body/ADL/10.9m/LowHeight/E4_Exterior_Body.obj
[2026-09-22 23:04:53] Game Finding texture with name: E4_Body_10.9_LowHeight.png in root: SP_E400MMC/Model/Converted/E400MMC_ADL_10.9m_Voith_LowHeight_obj/Exterior/Body/ADL/10.9m/LowHeight
[2026-09-22 23:04:53] Game Found texture at recursive path with extension: SP_E400MMC/Texture/E4_Body_10.9_LowHeight.dds
[2026-09-22 23:04:53] Game Finding texture with name: Glass.png in root: SP_E400MMC/Model/Converted/E400MMC_ADL_10.9m_Voith_LowHeight_obj/Exterior/Body/ADL/10.9m/LowHeight
[2026-09-22 23:04:53] Game Found texture at recursive path with extension: SP_E400MMC/Texture/Glass.dds
[2026-09-22 23:04:53] Game Finding texture with name: E4_Body_ExteriorDetail.png in root: SP_E400MMC/Model/Converted/E400MMC_ADL_10.9m_Voith_LowHeight_obj/Exterior/Body/ADL/10.9m/LowHeight
[2026-09-22 23:04:53] Game Found texture at recursive path with extension: SP_E400MMC/Texture/E4_Body_ExteriorDetail.dds
[2026-09-22 23:04:53] Game Finding texture with name: Grey.png in root: SP_E400MMC/Model/Converted/E400MMC_ADL_10.9m_Voith_LowHeight_obj/Exterior/Body/ADL/10.9m/LowHeight
[2026-09-22 23:04:53] Game Found texture at recursive path with extension: SP_E400MMC/Texture/Grey.bmp
[2026-09-22 23:04:53] Game Loading texture from path: SP_E400MMC/Texture/E4_Body_10.9_LowHeight.dds
[2026-09-22 23:04:53] Game Reading image from path: SP_E400MMC\Texture\E4_Body_10.9_LowHeight.dds
[2026-09-22 23:04:53] Game Loading texture from path: SP_E400MMC/Texture/Grey.bmp
[2026-09-22 23:04:53] Game Reading image from path: SP_E400MMC\Texture\Grey.bmp
[2026-09-22 23:04:53] Game Loading OBJ model from path: SP_E400MMC/Model/Converted/E400MMC_ADL_10.9m_Voith_LowHeight_obj/Exterior/Body/ADL/10.9m/LowHeight/E4_Exterior_Body_Ceiling.obj
[2026-09-22 23:04:53] Game Finding texture with name: E4_Body_10.9_LowHeight.png in root: SP_E400MMC/Model/Converted/E400MMC_ADL_10.9m_Voith_LowHeight_obj/Exterior/Body/ADL/10.9m/LowHeight
[2026-09-22 23:04:53] Game Found texture at recursive path with extension: SP_E400MMC/Texture/E4_Body_10.9_LowHeight.dds
[2026-09-22 23:04:53] Game Loading texture from path: SP_E400MMC/Texture/E4_Body_10.9_LowHeight.dds
[2026-09-22 23:04:53] Game Loading OBJ model from path: SP_E400MMC/Model/Converted/E400MMC_ADL_10.9m_Voith_LowHeight_obj/Exterior/Body/ADL/10.9m/LowHeight/E4_Exterior_Body_Ceiling_Skylights.obj
[2026-09-22 23:04:53] Game Finding texture with name: E4_Body_10.9_LowHeight.png in root: SP_E400MMC/Model/Converted/E400MMC_ADL_10.9m_Voith_LowHeight_obj/Exterior/Body/ADL/10.9m/LowHeight
[2026-09-22 23:04:53] Game Found texture at recursive path with extension: SP_E400MMC/Texture/E4_Body_10.9_LowHeight.dds
[2026-09-22 23:04:53] Game Loading texture from path: SP_E400MMC/Texture/E4_Body_10.9_LowHeight.dds
[2026-09-22 23:04:53] Game Loading OBJ model from path: SP_E400MMC/Model/Converted/E400MMC_ADL_10.9m_Voith_LowHeight_obj/Exterior/Body/ADL/10.9m/LowHeight/E4_Exterior_Body_BatteryBay.obj
[2026-09-22 23:04:53] Game Finding texture with name: E4_Body_10.9_LowHeight.png in root: SP_E400MMC/Model/Converted/E400MMC_ADL_10.9m_Voith_LowHeight_obj/Exterior/Body/ADL/10.9m/LowHeight
[2026-09-22 23:04:53] Game Found texture at recursive path with extension: SP_E400MMC/Texture/E4_Body_10.9_LowHeight.dds
[2026-09-22 23:04:53] Game Finding texture with name: Glass.png in root: SP_E400MMC/Model/Converted/E400MMC_ADL_10.9m_Voith_LowHeight_obj/Exterior/Body/ADL/10.9m/LowHeight
[2026-09-22 23:04:53] Game Found texture at recursive path with extension: SP_E400MMC/Texture/Glass.dds
[2026-09-22 23:04:53] Game Finding texture with name: E4_Body_ExteriorDetail.png in root: SP_E400MMC/Model/Converted/E400MMC_ADL_10.9m_Voith_LowHeight_obj/Exterior/Body/ADL/10.9m/LowHeight
[2026-09-22 23:04:53] Game Found texture at recursive path with extension: SP_E400MMC/Texture/E4_Body_ExteriorDetail.dds
[2026-09-22 23:04:53] Game Finding texture with name: Grey.png in root: SP_E400MMC/Model/Converted/E400MMC_ADL_10.9m_Voith_LowHeight_obj/Exterior/Body/ADL/10.9m/LowHeight
[2026-09-22 23:04:53] Game Found texture at recursive path with extension: SP_E400MMC/Texture/Grey.bmp
[2026-09-22 23:04:53] Game Finding texture with name: E4_Cab_Misc.png in root: SP_E400MMC/Model/Converted/E400MMC_ADL_10.9m_Voith_LowHeight_obj/Exterior/Body/ADL/10.9m/LowHeight
[2026-09-22 23:04:53] Game Found texture at recursive path with extension: SP_E400MMC/Texture/E4_Cab_Misc.dds
[2026-09-22 23:04:53] Game Loading texture from path: SP_E400MMC/Texture/E4_Body_10.9_LowHeight.dds
[2026-09-22 23:04:53] Game Loading texture from path: SP_E400MMC/Texture/Grey.bmp
[2026-09-22 23:04:53] Game Loading texture from path: SP_E400MMC/Texture/E4_Cab_Misc.dds
[2026-09-22 23:04:53] Game Reading image from path: SP_E400MMC\Texture\E4_Cab_Misc.dds
[2026-09-22 23:04:53] Game Loading OBJ model from path: SP_E400MMC/Model/Converted/E400MMC_ADL_10.9m_Voith_LowHeight_obj/Exterior/Body/ADL/10.9m/LowHeight/E4_Exterior_Body_Batteries.obj
[2026-09-22 23:04:53] Game Finding texture with name: E4_Body_10.9_LowHeight.png in root: SP_E400MMC/Model/Converted/E400MMC_ADL_10.9m_Voith_LowHeight_obj/Exterior/Body/ADL/10.9m/LowHeight
[2026-09-22 23:04:53] Game Found texture at recursive path with extension: SP_E400MMC/Texture/E4_Body_10.9_LowHeight.dds
[2026-09-22 23:04:53] Game Loading texture from path: SP_E400MMC/Texture/E4_Body_10.9_LowHeight.dds
[2026-09-22 23:04:53] Game Loading OBJ model from path: SP_E400MMC/Model/Converted/E400MMC_ADL_10.9m_Voith_LowHeight_obj/Exterior/Body/ADL/10.9m/LowHeight/E4_Exterior_Body_Rear_Blank.obj
[2026-09-22 23:04:53] Game Finding texture with name: E4_Body_10.9_LowHeight.png in root: SP_E400MMC/Model/Converted/E400MMC_ADL_10.9m_Voith_LowHeight_obj/Exterior/Body/ADL/10.9m/LowHeight
[2026-09-22 23:04:53] Game Found texture at recursive path with extension: SP_E400MMC/Texture/E4_Body_10.9_LowHeight.dds
[2026-09-22 23:04:53] Game Finding texture with name: Glass.png in root: SP_E400MMC/Model/Converted/E400MMC_ADL_10.9m_Voith_LowHeight_obj/Exterior/Body/ADL/10.9m/LowHeight
[2026-09-22 23:04:53] Game Found texture at recursive path with extension: SP_E400MMC/Texture/Glass.dds
[2026-09-22 23:04:53] Game Finding texture with name: E4_Body_ExteriorDetail.png in root: SP_E400MMC/Model/Converted/E400MMC_ADL_10.9m_Voith_LowHeight_obj/Exterior/Body/ADL/10.9m/LowHeight
[2026-09-22 23:04:53] Game Found texture at recursive path with extension: SP_E400MMC/Texture/E4_Body_ExteriorDetail.dds
[2026-09-22 23:04:53] Game Loading texture from path: SP_E400MMC/Texture/E4_Body_10.9_LowHeight.dds
[2026-09-22 23:04:53] Game Loading OBJ model from path: SP_E400MMC/Model/Converted/E400MMC_ADL_10.9m_Voith_LowHeight_obj/Exterior/Body/ADL/10.9m/LowHeight/E4_Exterior_Body_Rear_Aircon.obj
[2026-09-22 23:04:53] Game Finding texture with name: E4_Body_10.9_LowHeight.png in root: SP_E400MMC/Model/Converted/E400MMC_ADL_10.9m_Voith_LowHeight_obj/Exterior/Body/ADL/10.9m/LowHeight
[2026-09-22 23:04:53] Game Found texture at recursive path with extension: SP_E400MMC/Texture/E4_Body_10.9_LowHeight.dds
[2026-09-22 23:04:53] Game Finding texture with name: Glass.png in root: SP_E400MMC/Model/Converted/E400MMC_ADL_10.9m_Voith_LowHeight_obj/Exterior/Body/ADL/10.9m/LowHeight
[2026-09-22 23:04:53] Game Found texture at recursive path with extension: SP_E400MMC/Texture/Glass.dds
[2026-09-22 23:04:53] Game Finding texture with name: E4_Body_ExteriorDetail.png in root: SP_E400MMC/Model/Converted/E400MMC_ADL_10.9m_Voith_LowHeight_obj/Exterior/Body/ADL/10.9m/LowHeight
[2026-09-22 23:04:53] Game Found texture at recursive path with extension: SP_E400MMC/Texture/E4_Body_ExteriorDetail.dds
[2026-09-22 23:04:53] Game Finding texture with name: Grey.png in root: SP_E400MMC/Model/Converted/E400MMC_ADL_10.9m_Voith_LowHeight_obj/Exterior/Body/ADL/10.9m/LowHeight
[2026-09-22 23:04:53] Game Found texture at recursive path with extension: SP_E400MMC/Texture/Grey.bmp
[2026-09-22 23:04:53] Game Loading texture from path: SP_E400MMC/Texture/E4_Body_10.9_LowHeight.dds
[2026-09-22 23:04:53] Game Loading texture from path: SP_E400MMC/Texture/Grey.bmp
[2026-09-22 23:04:53] Game Loading OBJ model from path: SP_E400MMC/Model/Converted/E400MMC_ADL_10.9m_Voith_LowHeight_obj/Exterior/Body/ADL/10.9m/LowHeight/E4_Exterior_Body_Glass.obj
[2026-09-22 23:04:53] Game Finding texture with name: E4_Body_10.9_LowHeight.png in root: SP_E400MMC/Model/Converted/E400MMC_ADL_10.9m_Voith_LowHeight_obj/Exterior/Body/ADL/10.9m/LowHeight
[2026-09-22 23:04:53] Game Found texture at recursive path with extension: SP_E400MMC/Texture/E4_Body_10.9_LowHeight.dds
[2026-09-22 23:04:53] Game Finding texture with name: Glass.png in root: SP_E400MMC/Model/Converted/E400MMC_ADL_10.9m_Voith_LowHeight_obj/Exterior/Body/ADL/10.9m/LowHeight
[2026-09-22 23:04:53] Game Found texture at recursive path with extension: SP_E400MMC/Texture/Glass.dds
[2026-09-22 23:04:53] Game Finding texture with name: E4_Body_ExteriorDetail.png in root: SP_E400MMC/Model/Converted/E400MMC_ADL_10.9m_Voith_LowHeight_obj/Exterior/Body/ADL/10.9m/LowHeight
[2026-09-22 23:04:53] Game Found texture at recursive path with extension: SP_E400MMC/Texture/E4_Body_ExteriorDetail.dds
[2026-09-22 23:04:53] Game Loading texture from path: SP_E400MMC/Texture/E4_Body_10.9_LowHeight.dds
[2026-09-22 23:04:53] Game Loading OBJ model from path: SP_E400MMC/Model/Converted/E400MMC_ADL_10.9m_Voith_LowHeight_obj/Exterior/Body/ADL/10.9m/LowHeight/E4_Exterior_EngineBay.obj
[2026-09-22 23:04:53] Game Finding texture with name: E4_Body_10.9_LowHeight.png in root: SP_E400MMC/Model/Converted/E400MMC_ADL_10.9m_Voith_LowHeight_obj/Exterior/Body/ADL/10.9m/LowHeight
[2026-09-22 23:04:53] Game Found texture at recursive path with extension: SP_E400MMC/Texture/E4_Body_10.9_LowHeight.dds
[2026-09-22 23:04:53] Game Finding texture with name: E4_Body_ExteriorDetail.png in root: SP_E400MMC/Model/Converted/E400MMC_ADL_10.9m_Voith_LowHeight_obj/Exterior/Body/ADL/10.9m/LowHeight
[2026-09-22 23:04:53] Game Found texture at recursive path with extension: SP_E400MMC/Texture/E4_Body_ExteriorDetail.dds
[2026-09-22 23:04:53] Game Finding texture with name: Grey.png in root: SP_E400MMC/Model/Converted/E400MMC_ADL_10.9m_Voith_LowHeight_obj/Exterior/Body/ADL/10.9m/LowHeight
[2026-09-22 23:04:53] Game Found texture at recursive path with extension: SP_E400MMC/Texture/Grey.bmp
[2026-09-22 23:04:53] Game Loading texture from path: SP_E400MMC/Texture/Grey.bmp
[2026-09-22 23:04:53] Game Loading texture from path: SP_E400MMC/Texture/E4_Body_10.9_LowHeight.dds
[2026-09-22 23:04:53] Game Loading OBJ model from path: SP_E400MMC/Model/Converted/E400MMC_ADL_10.9m_Voith_LowHeight_obj/Exterior/Body/ADL/10.9m/LowHeight/E4_Exterior_AdBoards_Rear.obj
[2026-09-22 23:04:53] Game Finding texture with name: E4_Body_10.9_LowHeight.png in root: SP_E400MMC/Model/Converted/E400MMC_ADL_10.9m_Voith_LowHeight_obj/Exterior/Body/ADL/10.9m/LowHeight
[2026-09-22 23:04:53] Game Found texture at recursive path with extension: SP_E400MMC/Texture/E4_Body_10.9_LowHeight.dds
[2026-09-22 23:04:53] Game Finding texture with name: E4_Exterior_Adboards.png in root: SP_E400MMC/Model/Converted/E400MMC_ADL_10.9m_Voith_LowHeight_obj/Exterior/Body/ADL/10.9m/LowHeight
[2026-09-22 23:04:53] Game Found texture at recursive path: SP_E400MMC/Texture/_!Templates/E4_Exterior_Adboards.png
[2026-09-22 23:04:53] Game Loading texture from path: SP_E400MMC/Texture/_!Templates/E4_Exterior_Adboards.png
[2026-09-22 23:04:53] Game Reading image from path: SP_E400MMC\Texture\_!Templates\E4_Exterior_Adboards.png
[2026-09-22 23:04:53] Game Loading texture from path: SP_E400MMC/Texture/E4_Body_10.9_LowHeight.dds
[2026-09-22 23:04:53] Game Loading OBJ model from path: SP_E400MMC/Model/Converted/E400MMC_ADL_10.9m_Voith_LowHeight_obj/Exterior/Body/ADL/10.9m/E4_Exterior_Vents_Backing_EngineBay.obj
[2026-09-22 23:04:53] Game Finding texture with name: Grey.png in root: SP_E400MMC/Model/Converted/E400MMC_ADL_10.9m_Voith_LowHeight_obj/Exterior/Body/ADL/10.9m
[2026-09-22 23:04:53] Game Found texture at recursive path with extension: SP_E400MMC/Texture/Grey.bmp
[2026-09-22 23:04:53] Game Loading texture from path: SP_E400MMC/Texture/Grey.bmp
[2026-09-22 23:04:53] Game Loading OBJ model from path: SP_E400MMC/Model/Converted/E400MMC_ADL_10.9m_Voith_LowHeight_obj/Exterior/Body/ADL/10.9m/E4_Exterior_EngineBayBacking.obj
[2026-09-22 23:04:53] Game Finding texture with name: Grey.png in root: SP_E400MMC/Model/Converted/E400MMC_ADL_10.9m_Voith_LowHeight_obj/Exterior/Body/ADL/10.9m
[2026-09-22 23:04:53] Game Found texture at recursive path with extension: SP_E400MMC/Texture/Grey.bmp
[2026-09-22 23:04:53] Game Finding texture with name: E4_EngineBay_E40D.png in root: SP_E400MMC/Model/Converted/E400MMC_ADL_10.9m_Voith_LowHeight_obj/Exterior/Body/ADL/10.9m
[2026-09-22 23:04:53] Game Found texture at recursive path with extension: SP_E400MMC/Texture/E4_EngineBay_E40D.dds
[2026-09-22 23:04:53] Game Loading texture from path: SP_E400MMC/Texture/Grey.bmp
[2026-09-22 23:04:53] Game Loading texture from path: SP_E400MMC/Texture/E4_EngineBay_E40D.dds
[2026-09-22 23:04:53] Game Reading image from path: SP_E400MMC\Texture\E4_EngineBay_E40D.dds
[2026-09-22 23:04:53] Game Loading OBJ model from path: SP_E400MMC/Model/Converted/E400MMC_ADL_10.9m_Voith_LowHeight_obj/Exterior/Body/ADL/10.9m/E4_Body_ExteriorDetail.obj
[2026-09-22 23:04:53] Game Finding texture with name: E4_Body_ExteriorDetail.png in root: SP_E400MMC/Model/Converted/E400MMC_ADL_10.9m_Voith_LowHeight_obj/Exterior/Body/ADL/10.9m
[2026-09-22 23:04:53] Game Found texture at recursive path with extension: SP_E400MMC/Texture/E4_Body_ExteriorDetail.dds
[2026-09-22 23:04:53] Game Loading texture from path: SP_E400MMC/Texture/E4_Body_ExteriorDetail.dds
[2026-09-22 23:04:53] Game Reading image from path: SP_E400MMC\Texture\E4_Body_ExteriorDetail.dds
[2026-09-22 23:04:53] Game Loading OBJ model from path: SP_E400MMC/Model/Converted/E400MMC_ADL_10.9m_Voith_LowHeight_obj/Exterior/Body/ADL/10.9m/E4_Body_ExteriorDetail_Coolant.obj
[2026-09-22 23:04:53] Game Finding texture with name: E4_Body_ExteriorDetail.png in root: SP_E400MMC/Model/Converted/E400MMC_ADL_10.9m_Voith_LowHeight_obj/Exterior/Body/ADL/10.9m
[2026-09-22 23:04:53] Game Found texture at recursive path with extension: SP_E400MMC/Texture/E4_Body_ExteriorDetail.dds
[2026-09-22 23:04:53] Game Finding texture with name: E4_Body_ExteriorDetail.png in root: SP_E400MMC/Model/Converted/E400MMC_ADL_10.9m_Voith_LowHeight_obj/Exterior/Body/ADL/10.9m
[2026-09-22 23:04:53] Game Found texture at recursive path with extension: SP_E400MMC/Texture/E4_Body_ExteriorDetail.dds
[2026-09-22 23:04:53] Game Finding texture with name: E4_Body_ExteriorDetail.png in root: SP_E400MMC/Model/Converted/E400MMC_ADL_10.9m_Voith_LowHeight_obj/Exterior/Body/ADL/10.9m
[2026-09-22 23:04:53] Game Found texture at recursive path with extension: SP_E400MMC/Texture/E4_Body_ExteriorDetail.dds
[2026-09-22 23:04:53] Game Loading texture from path: SP_E400MMC/Texture/E4_Body_ExteriorDetail.dds
[2026-09-22 23:04:53] Game Loading OBJ model from path: SP_E400MMC/Model/Converted/E400MMC_ADL_10.9m_Voith_LowHeight_obj/Exterior/Body/ADL/10.9m/E4_Body_ExteriorDetail_Coolant_Press.obj
[2026-09-22 23:04:53] Game Finding texture with name: E4_Body_ExteriorDetail.png in root: SP_E400MMC/Model/Converted/E400MMC_ADL_10.9m_Voith_LowHeight_obj/Exterior/Body/ADL/10.9m
[2026-09-22 23:04:53] Game Found texture at recursive path with extension: SP_E400MMC/Texture/E4_Body_ExteriorDetail.dds
[2026-09-22 23:04:53] Game Loading texture from path: SP_E400MMC/Texture/E4_Body_ExteriorDetail.dds
[2026-09-22 23:04:53] Game Loading OBJ model from path: SP_E400MMC/Model/Converted/E400MMC_ADL_10.9m_Voith_LowHeight_obj/Exterior/Body/ADL/10.9m/E4_Body_ExteriorDetail_FuelFlap.obj
[2026-09-22 23:04:53] Game Finding texture with name: E4_Body_ExteriorDetail.png in root: SP_E400MMC/Model/Converted/E400MMC_ADL_10.9m_Voith_LowHeight_obj/Exterior/Body/ADL/10.9m
[2026-09-22 23:04:53] Game Found texture at recursive path with extension: SP_E400MMC/Texture/E4_Body_ExteriorDetail.dds
[2026-09-22 23:04:53] Game Finding texture with name: Grey.png in root: SP_E400MMC/Model/Converted/E400MMC_ADL_10.9m_Voith_LowHeight_obj/Exterior/Body/ADL/10.9m
[2026-09-22 23:04:53] Game Found texture at recursive path with extension: SP_E400MMC/Texture/Grey.bmp
[2026-09-22 23:04:53] Game Loading texture from path: SP_E400MMC/Texture/E4_Body_ExteriorDetail.dds
[2026-09-22 23:04:53] Game Loading texture from path: SP_E400MMC/Texture/Grey.bmp
[2026-09-22 23:04:53] Game Loading OBJ model from path: SP_E400MMC/Model/Converted/E400MMC_ADL_10.9m_Voith_LowHeight_obj/Exterior/Body/ADL/10.9m/E4_Body_ExteriorDetail_AdBlueFlap.obj
[2026-09-22 23:04:53] Game Finding texture with name: E4_Body_ExteriorDetail.png in root: SP_E400MMC/Model/Converted/E400MMC_ADL_10.9m_Voith_LowHeight_obj/Exterior/Body/ADL/10.9m
[2026-09-22 23:04:53] Game Found texture at recursive path with extension: SP_E400MMC/Texture/E4_Body_ExteriorDetail.dds
[2026-09-22 23:04:53] Game Finding texture with name: Grey.png in root: SP_E400MMC/Model/Converted/E400MMC_ADL_10.9m_Voith_LowHeight_obj/Exterior/Body/ADL/10.9m
[2026-09-22 23:04:53] Game Found texture at recursive path with extension: SP_E400MMC/Texture/Grey.bmp
[2026-09-22 23:04:53] Game Loading texture from path: SP_E400MMC/Texture/E4_Body_ExteriorDetail.dds
[2026-09-22 23:04:53] Game Loading texture from path: SP_E400MMC/Texture/Grey.bmp
[2026-09-22 23:04:53] Game Loading OBJ model from path: SP_E400MMC/Model/Converted/E400MMC_ADL_10.9m_Voith_LowHeight_obj/Exterior/Body/ADL/10.9m/E4_Exterior_MudFlaps.obj
[2026-09-22 23:04:53] Game Finding texture with name: E4_Exterior_MudFlaps.png in root: SP_E400MMC/Model/Converted/E400MMC_ADL_10.9m_Voith_LowHeight_obj/Exterior/Body/ADL/10.9m
[2026-09-22 23:04:53] Game Found texture at recursive path with extension: SP_E400MMC/Texture/E4_Exterior_MudFlaps.dds
[2026-09-22 23:04:53] Game Loading texture from path: SP_E400MMC/Texture/E4_Exterior_MudFlaps.dds
[2026-09-22 23:04:53] Game Reading image from path: SP_E400MMC\Texture\E4_Exterior_MudFlaps.dds
[2026-09-22 23:04:53] Game Loading OBJ model from path: SP_E400MMC/Model/Converted/E400MMC_ADL_10.9m_Voith_LowHeight_obj/Exterior/Body/E4_Button_Exterior_DoorControl.obj
[2026-09-22 23:04:53] Game Finding texture with name: E4_Interior_Decals.png in root: SP_E400MMC/Model/Converted/E400MMC_ADL_10.9m_Voith_LowHeight_obj/Exterior/Body
[2026-09-22 23:04:53] Game Found texture at recursive path with extension: SP_E400MMC/Texture/E4_Interior_Decals.dds
[2026-09-22 23:04:53] Game Loading texture from path: SP_E400MMC/Texture/E4_Interior_Decals.dds
[2026-09-22 23:04:53] Game Reading image from path: SP_E400MMC\Texture\E4_Interior_Decals.dds
[2026-09-22 23:04:53] Game Loading OBJ model from path: SP_E400MMC/Model/Converted/E400MMC_ADL_10.9m_Voith_LowHeight_obj/Exterior/Body/E4_Button_Exterior_DoorControl_Flap.obj
[2026-09-22 23:04:53] Game Finding texture with name: E4_Interior_Decals.png in root: SP_E400MMC/Model/Converted/E400MMC_ADL_10.9m_Voith_LowHeight_obj/Exterior/Body
[2026-09-22 23:04:53] Game Found texture at recursive path with extension: SP_E400MMC/Texture/E4_Interior_Decals.dds
[2026-09-22 23:04:53] Game Loading texture from path: SP_E400MMC/Texture/E4_Interior_Decals.dds
[2026-09-22 23:04:53] Game Loading OBJ model from path: SP_E400MMC/Model/Converted/E400MMC_ADL_10.9m_Voith_LowHeight_obj/Exterior/Body/E4_Button_Exterior_DisabledRequest.obj
[2026-09-22 23:04:53] Game Finding texture with name: E4_ExteriorLights.png in root: SP_E400MMC/Model/Converted/E400MMC_ADL_10.9m_Voith_LowHeight_obj/Exterior/Body
[2026-09-22 23:04:53] Game Found texture at recursive path with extension: SP_E400MMC/Texture/E4_ExteriorLights.dds
[2026-09-22 23:04:53] Game Finding texture with name: Glass.png in root: SP_E400MMC/Model/Converted/E400MMC_ADL_10.9m_Voith_LowHeight_obj/Exterior/Body
[2026-09-22 23:04:53] Game Found texture at recursive path with extension: SP_E400MMC/Texture/Glass.dds
[2026-09-22 23:04:53] Game Loading texture from path: SP_E400MMC/Texture/E4_ExteriorLights.dds
[2026-09-22 23:04:53] Game Reading image from path: SP_E400MMC\Texture\E4_ExteriorLights.dds
[2026-09-22 23:04:53] Game Loading OBJ model from path: SP_E400MMC/Model/Converted/E400MMC_ADL_10.9m_Voith_LowHeight_obj/Exterior/Body/ADL/10.9m/LowHeight/E4_Exterior_AdBoards.obj
[2026-09-22 23:04:53] Game Finding texture with name: E4_Body_10.9_LowHeight.png in root: SP_E400MMC/Model/Converted/E400MMC_ADL_10.9m_Voith_LowHeight_obj/Exterior/Body/ADL/10.9m/LowHeight
[2026-09-22 23:04:53] Game Found texture at recursive path with extension: SP_E400MMC/Texture/E4_Body_10.9_LowHeight.dds
[2026-09-22 23:04:53] Game Finding texture with name: E4_Exterior_Adboards.png in root: SP_E400MMC/Model/Converted/E400MMC_ADL_10.9m_Voith_LowHeight_obj/Exterior/Body/ADL/10.9m/LowHeight
[2026-09-22 23:04:53] Game Found texture at recursive path: SP_E400MMC/Texture/_!Templates/E4_Exterior_Adboards.png
[2026-09-22 23:04:53] Game Loading texture from path: SP_E400MMC/Texture/_!Templates/E4_Exterior_Adboards.png
[2026-09-22 23:04:53] Game Loading texture from path: SP_E400MMC/Texture/E4_Body_10.9_LowHeight.dds
[2026-09-22 23:04:53] Game Loading OBJ model from path: SP_E400MMC/Model/Converted/E400MMC_ADL_10.9m_Voith_LowHeight_obj/Exterior/Body/ADL/10.9m/E4_Exterior_Vents_Backing.obj
[2026-09-22 23:04:53] Game Finding texture with name: Grey.png in root: SP_E400MMC/Model/Converted/E400MMC_ADL_10.9m_Voith_LowHeight_obj/Exterior/Body/ADL/10.9m
[2026-09-22 23:04:53] Game Found texture at recursive path with extension: SP_E400MMC/Texture/Grey.bmp
[2026-09-22 23:04:53] Game Loading texture from path: SP_E400MMC/Texture/Grey.bmp
[2026-09-22 23:04:53] Game Loading OBJ model from path: SP_E400MMC/Model/Converted/E400MMC_ADL_10.9m_Voith_LowHeight_obj/Exterior/Body/ADL/10.9m/E4_Exterior_CCTVCameras.obj
[2026-09-22 23:04:53] Game Finding texture with name: E4_CCTVCamera.png in root: SP_E400MMC/Model/Converted/E400MMC_ADL_10.9m_Voith_LowHeight_obj/Exterior/Body/ADL/10.9m
[2026-09-22 23:04:53] Game Found texture at recursive path with extension: SP_E400MMC/Texture/E4_CCTVCamera.dds
[2026-09-22 23:04:53] Game Loading texture from path: SP_E400MMC/Texture/E4_CCTVCamera.dds
[2026-09-22 23:04:53] Game Reading image from path: SP_E400MMC\Texture\E4_CCTVCamera.dds
[2026-09-22 23:04:53] Game Loading OBJ model from path: SP_E400MMC/Model/Converted/E400MMC_ADL_10.9m_Voith_LowHeight_obj/Exterior/Body/ADL/10.9m/E4_Exterior_Chassis.obj
[2026-09-22 23:04:53] Game Finding texture with name: E4_Chassis.png in root: SP_E400MMC/Model/Converted/E400MMC_ADL_10.9m_Voith_LowHeight_obj/Exterior/Body/ADL/10.9m
[2026-09-22 23:04:53] Game Found texture at recursive path with extension: SP_E400MMC/Texture/E4_Chassis.dds
[2026-09-22 23:04:53] Game Loading texture from path: SP_E400MMC/Texture/E4_Chassis.dds
[2026-09-22 23:04:53] Game Reading image from path: SP_E400MMC\Texture\E4_Chassis.dds
[2026-09-22 23:04:53] Game Loading OBJ model from path: SP_E400MMC/Model/Converted/E400MMC_ADL_10.9m_Voith_LowHeight_obj/Exterior/Body/ADL/10.9m/LowHeight/E4_Exterior_Door_Gutter.obj
[2026-09-22 23:04:53] Game Finding texture with name: E4_Body_10.9_LowHeight.png in root: SP_E400MMC/Model/Converted/E400MMC_ADL_10.9m_Voith_LowHeight_obj/Exterior/Body/ADL/10.9m/LowHeight
[2026-09-22 23:04:53] Game Found texture at recursive path with extension: SP_E400MMC/Texture/E4_Body_10.9_LowHeight.dds
[2026-09-22 23:04:53] Game Loading texture from path: SP_E400MMC/Texture/E4_Body_10.9_LowHeight.dds
[2026-09-22 23:04:53] Game Loading OBJ model from path: SP_E400MMC/Model/Converted/E400MMC_ADL_10.9m_Voith_LowHeight_obj/Exterior/Body/ADL/10.9m/LowHeight/E4_Exterior_Door_Rubber.obj
[2026-09-22 23:04:53] Game Finding texture with name: E4_Body_10.9_LowHeight.png in root: SP_E400MMC/Model/Converted/E400MMC_ADL_10.9m_Voith_LowHeight_obj/Exterior/Body/ADL/10.9m/LowHeight
[2026-09-22 23:04:53] Game Found texture at recursive path with extension: SP_E400MMC/Texture/E4_Body_10.9_LowHeight.dds
[2026-09-22 23:04:53] Game Loading texture from path: SP_E400MMC/Texture/E4_Body_10.9_LowHeight.dds
[2026-09-22 23:04:53] Game Loading OBJ model from path: SP_E400MMC/Model/Converted/E400MMC_ADL_10.9m_Voith_LowHeight_obj/Exterior/Body/ADL/10.9m/E4_Exterior_Exhaust.obj
[2026-09-22 23:04:53] Game Finding texture with name: E4_Exterior_Exhaust.png in root: SP_E400MMC/Model/Converted/E400MMC_ADL_10.9m_Voith_LowHeight_obj/Exterior/Body/ADL/10.9m
[2026-09-22 23:04:53] Game Found texture at recursive path with extension: SP_E400MMC/Texture/E4_Exterior_Exhaust.dds
[2026-09-22 23:04:53] Game Loading texture from path: SP_E400MMC/Texture/E4_Exterior_Exhaust.dds
[2026-09-22 23:04:53] Game Reading image from path: SP_E400MMC\Texture\E4_Exterior_Exhaust.dds
[2026-09-22 23:04:53] Game Loading OBJ model from path: SP_E400MMC/Model/Converted/E400MMC_ADL_10.9m_Voith_LowHeight_obj/Exterior/Body/ADL/10.9m/LowHeight/E4_Exterior_ExitDoor.obj
[2026-09-22 23:04:53] Game Finding texture with name: E4_Body_10.9_LowHeight.png in root: SP_E400MMC/Model/Converted/E400MMC_ADL_10.9m_Voith_LowHeight_obj/Exterior/Body/ADL/10.9m/LowHeight
[2026-09-22 23:04:53] Game Found texture at recursive path with extension: SP_E400MMC/Texture/E4_Body_10.9_LowHeight.dds
[2026-09-22 23:04:53] Game Finding texture with name: Glass.png in root: SP_E400MMC/Model/Converted/E400MMC_ADL_10.9m_Voith_LowHeight_obj/Exterior/Body/ADL/10.9m/LowHeight
[2026-09-22 23:04:53] Game Found texture at recursive path with extension: SP_E400MMC/Texture/Glass.dds
[2026-09-22 23:04:53] Game Finding texture with name: E4_Body_ExteriorDetail.png in root: SP_E400MMC/Model/Converted/E400MMC_ADL_10.9m_Voith_LowHeight_obj/Exterior/Body/ADL/10.9m/LowHeight
[2026-09-22 23:04:53] Game Found texture at recursive path with extension: SP_E400MMC/Texture/E4_Body_ExteriorDetail.dds
[2026-09-22 23:04:53] Game Loading texture from path: SP_E400MMC/Texture/E4_Body_10.9_LowHeight.dds
[2026-09-22 23:04:53] Game Loading texture from path: SP_E400MMC/Texture/E4_Body_ExteriorDetail.dds
[2026-09-22 23:04:53] Game Loading OBJ model from path: SP_E400MMC/Model/Converted/E400MMC_ADL_10.9m_Voith_LowHeight_obj/Exterior/Body/ADL/10.9m/LowHeight/E4_Exterior_RoofDetail.obj
[2026-09-22 23:04:53] Game Finding texture with name: E4_Body_10.9_LowHeight.png in root: SP_E400MMC/Model/Converted/E400MMC_ADL_10.9m_Voith_LowHeight_obj/Exterior/Body/ADL/10.9m/LowHeight
[2026-09-22 23:04:53] Game Found texture at recursive path with extension: SP_E400MMC/Texture/E4_Body_10.9_LowHeight.dds
[2026-09-22 23:04:53] Game Loading texture from path: SP_E400MMC/Texture/E4_Body_10.9_LowHeight.dds
[2026-09-22 23:04:53] Game Loading OBJ model from path: SP_E400MMC/Model/Converted/E400MMC_ADL_10.9m_Voith_LowHeight_obj/Exterior/Body/LowHeight/E4_Exterior_TreeBar.obj
[2026-09-22 23:04:53] Game Finding texture with name: E4_Exterior_TreeBar.png in root: SP_E400MMC/Model/Converted/E400MMC_ADL_10.9m_Voith_LowHeight_obj/Exterior/Body/LowHeight
[2026-09-22 23:04:53] Game Found texture at recursive path with extension: SP_E400MMC/Texture/E4_Exterior_TreeBar.dds
[2026-09-22 23:04:53] Game Loading texture from path: SP_E400MMC/Texture/E4_Exterior_TreeBar.dds
[2026-09-22 23:04:53] Game Reading image from path: SP_E400MMC\Texture\E4_Exterior_TreeBar.dds
[2026-09-22 23:04:53] Game Loading OBJ model from path: SP_E400MMC/Model/Converted/E400MMC_ADL_10.9m_Voith_LowHeight_obj/Exterior/Body/ADL/10.9m/LowHeight/E4_Exterior_WheelArches.obj
[2026-09-22 23:04:53] Game Finding texture with name: E4_Body_10.9_LowHeight.png in root: SP_E400MMC/Model/Converted/E400MMC_ADL_10.9m_Voith_LowHeight_obj/Exterior/Body/ADL/10.9m/LowHeight
[2026-09-22 23:04:53] Game Found texture at recursive path with extension: SP_E400MMC/Texture/E4_Body_10.9_LowHeight.dds
[2026-09-22 23:04:53] Game Finding texture with name: Glass.png in root: SP_E400MMC/Model/Converted/E400MMC_ADL_10.9m_Voith_LowHeight_obj/Exterior/Body/ADL/10.9m/LowHeight
[2026-09-22 23:04:53] Game Found texture at recursive path with extension: SP_E400MMC/Texture/Glass.dds
[2026-09-22 23:04:53] Game Finding texture with name: E4_Body_ExteriorDetail.png in root: SP_E400MMC/Model/Converted/E400MMC_ADL_10.9m_Voith_LowHeight_obj/Exterior/Body/ADL/10.9m/LowHeight
[2026-09-22 23:04:53] Game Found texture at recursive path with extension: SP_E400MMC/Texture/E4_Body_ExteriorDetail.dds
[2026-09-22 23:04:53] Game Loading texture from path: SP_E400MMC/Texture/E4_Body_10.9_LowHeight.dds
[2026-09-22 23:04:53] Game Loading OBJ model from path: SP_E400MMC/Model/Converted/E400MMC_ADL_10.9m_Voith_LowHeight_obj/Exterior/Body/E4_Exterior_Wiper_1.obj
[2026-09-22 23:04:53] Game Finding texture with name: E4_Wipers.png in root: SP_E400MMC/Model/Converted/E400MMC_ADL_10.9m_Voith_LowHeight_obj/Exterior/Body
[2026-09-22 23:04:53] Game Found texture at recursive path with extension: SP_E400MMC/Texture/E4_Wipers.dds
[2026-09-22 23:04:53] Game Loading texture from path: SP_E400MMC/Texture/E4_Wipers.dds
[2026-09-22 23:04:53] Game Reading image from path: SP_E400MMC\Texture\E4_Wipers.dds
[2026-09-22 23:04:53] Game Loading OBJ model from path: SP_E400MMC/Model/Converted/E400MMC_ADL_10.9m_Voith_LowHeight_obj/Exterior/Body/E4_Exterior_Wiper_2.obj
[2026-09-22 23:04:53] Game Finding texture with name: E4_Wipers.png in root: SP_E400MMC/Model/Converted/E400MMC_ADL_10.9m_Voith_LowHeight_obj/Exterior/Body
[2026-09-22 23:04:53] Game Found texture at recursive path with extension: SP_E400MMC/Texture/E4_Wipers.dds
[2026-09-22 23:04:53] Game Loading texture from path: SP_E400MMC/Texture/E4_Wipers.dds
[2026-09-22 23:04:53] Game Loading OBJ model from path: SP_E400MMC/Model/Converted/E400MMC_ADL_10.9m_Voith_LowHeight_obj/Exterior/Body/ADL/10.9m/LowHeight/E4_ExteriorLights_Split.obj
[2026-09-22 23:04:53] Game Finding texture with name: E4_ExteriorLights.png in root: SP_E400MMC/Model/Converted/E400MMC_ADL_10.9m_Voith_LowHeight_obj/Exterior/Body/ADL/10.9m/LowHeight
[2026-09-22 23:04:53] Game Found texture at recursive path with extension: SP_E400MMC/Texture/E4_ExteriorLights.dds
[2026-09-22 23:04:53] Game Finding texture with name: E4_ExteriorLights.png in root: SP_E400MMC/Model/Converted/E400MMC_ADL_10.9m_Voith_LowHeight_obj/Exterior/Body/ADL/10.9m/LowHeight
[2026-09-22 23:04:53] Game Found texture at recursive path with extension: SP_E400MMC/Texture/E4_ExteriorLights.dds
[2026-09-22 23:04:53] Game Finding texture with name: E4_ExteriorLights.png in root: SP_E400MMC/Model/Converted/E400MMC_ADL_10.9m_Voith_LowHeight_obj/Exterior/Body/ADL/10.9m/LowHeight
[2026-09-22 23:04:53] Game Found texture at recursive path with extension: SP_E400MMC/Texture/E4_ExteriorLights.dds
[2026-09-22 23:04:53] Game Finding texture with name: E4_ExteriorLights.png in root: SP_E400MMC/Model/Converted/E400MMC_ADL_10.9m_Voith_LowHeight_obj/Exterior/Body/ADL/10.9m/LowHeight
[2026-09-22 23:04:53] Game Found texture at recursive path with extension: SP_E400MMC/Texture/E4_ExteriorLights.dds
[2026-09-22 23:04:53] Game Finding texture with name: E4_ExteriorLights.png in root: SP_E400MMC/Model/Converted/E400MMC_ADL_10.9m_Voith_LowHeight_obj/Exterior/Body/ADL/10.9m/LowHeight
[2026-09-22 23:04:54] Game Found texture at recursive path with extension: SP_E400MMC/Texture/E4_ExteriorLights.dds
[2026-09-22 23:04:54] Game Finding texture with name: E4_ExteriorLights.png in root: SP_E400MMC/Model/Converted/E400MMC_ADL_10.9m_Voith_LowHeight_obj/Exterior/Body/ADL/10.9m/LowHeight
[2026-09-22 23:04:54] Game Found texture at recursive path with extension: SP_E400MMC/Texture/E4_ExteriorLights.dds
[2026-09-22 23:04:54] Game Finding texture with name: E4_ExteriorLights.png in root: SP_E400MMC/Model/Converted/E400MMC_ADL_10.9m_Voith_LowHeight_obj/Exterior/Body/ADL/10.9m/LowHeight
[2026-09-22 23:04:54] Game Found texture at recursive path with extension: SP_E400MMC/Texture/E4_ExteriorLights.dds
[2026-09-22 23:04:54] Game Finding texture with name: E4_ExteriorLights.png in root: SP_E400MMC/Model/Converted/E400MMC_ADL_10.9m_Voith_LowHeight_obj/Exterior/Body/ADL/10.9m/LowHeight
[2026-09-22 23:04:54] Game Found texture at recursive path with extension: SP_E400MMC/Texture/E4_ExteriorLights.dds
[2026-09-22 23:04:54] Game Loading texture from path: SP_E400MMC/Texture/E4_ExteriorLights.dds
[2026-09-22 23:04:54] Game Loading OBJ model from path: SP_E400MMC/Model/Converted/E400MMC_ADL_10.9m_Voith_LowHeight_obj/Exterior/Body/ADL/10.9m/LowHeight/E4_ExteriorLights_Halo.obj
[2026-09-22 23:04:54] Game Finding texture with name: E4_ExteriorLights_Round.png in root: SP_E400MMC/Model/Converted/E400MMC_ADL_10.9m_Voith_LowHeight_obj/Exterior/Body/ADL/10.9m/LowHeight
[2026-09-22 23:04:54] Game Found texture at recursive path with extension: SP_E400MMC/Texture/E4_ExteriorLights_Round.dds
[2026-09-22 23:04:54] Game Finding texture with name: E4_ExteriorLights_Round.png in root: SP_E400MMC/Model/Converted/E400MMC_ADL_10.9m_Voith_LowHeight_obj/Exterior/Body/ADL/10.9m/LowHeight
[2026-09-22 23:04:54] Game Found texture at recursive path with extension: SP_E400MMC/Texture/E4_ExteriorLights_Round.dds
[2026-09-22 23:04:54] Game Finding texture with name: E4_ExteriorLights_Round.png in root: SP_E400MMC/Model/Converted/E400MMC_ADL_10.9m_Voith_LowHeight_obj/Exterior/Body/ADL/10.9m/LowHeight
[2026-09-22 23:04:54] Game Found texture at recursive path with extension: SP_E400MMC/Texture/E4_ExteriorLights_Round.dds
[2026-09-22 23:04:54] Game Finding texture with name: E4_ExteriorLights_Round.png in root: SP_E400MMC/Model/Converted/E400MMC_ADL_10.9m_Voith_LowHeight_obj/Exterior/Body/ADL/10.9m/LowHeight
[2026-09-22 23:04:54] Game Found texture at recursive path with extension: SP_E400MMC/Texture/E4_ExteriorLights_Round.dds
[2026-09-22 23:04:54] Game Finding texture with name: E4_ExteriorLights_Round.png in root: SP_E400MMC/Model/Converted/E400MMC_ADL_10.9m_Voith_LowHeight_obj/Exterior/Body/ADL/10.9m/LowHeight
[2026-09-22 23:04:54] Game Found texture at recursive path with extension: SP_E400MMC/Texture/E4_ExteriorLights_Round.dds
[2026-09-22 23:04:54] Game Finding texture with name: E4_ExteriorLights_Round.png in root: SP_E400MMC/Model/Converted/E400MMC_ADL_10.9m_Voith_LowHeight_obj/Exterior/Body/ADL/10.9m/LowHeight
[2026-09-22 23:04:54] Game Found texture at recursive path with extension: SP_E400MMC/Texture/E4_ExteriorLights_Round.dds
[2026-09-22 23:04:54] Game Finding texture with name: E4_ExteriorLights_Round.png in root: SP_E400MMC/Model/Converted/E400MMC_ADL_10.9m_Voith_LowHeight_obj/Exterior/Body/ADL/10.9m/LowHeight
[2026-09-22 23:04:54] Game Found texture at recursive path with extension: SP_E400MMC/Texture/E4_ExteriorLights_Round.dds
[2026-09-22 23:04:54] Game Finding texture with name: E4_ExteriorLights_Round.png in root: SP_E400MMC/Model/Converted/E400MMC_ADL_10.9m_Voith_LowHeight_obj/Exterior/Body/ADL/10.9m/LowHeight
[2026-09-22 23:04:54] Game Found texture at recursive path with extension: SP_E400MMC/Texture/E4_ExteriorLights_Round.dds
[2026-09-22 23:04:54] Game Loading texture from path: SP_E400MMC/Texture/E4_ExteriorLights_Round.dds
[2026-09-22 23:04:54] Game Reading image from path: SP_E400MMC\Texture\E4_ExteriorLights_Round.dds
[2026-09-22 23:04:54] Game Loading OBJ model from path: SP_E400MMC/Model/Converted/E400MMC_ADL_10.9m_Voith_LowHeight_obj/Exterior/Body/M_Offside_#Arm.obj
[2026-09-22 23:04:54] Game Finding texture with name: E4_Mirrors_Arms.png in root: SP_E400MMC/Model/Converted/E400MMC_ADL_10.9m_Voith_LowHeight_obj/Exterior/Body
[2026-09-22 23:04:54] Game Found texture at recursive path with extension: SP_E400MMC/Texture/E4_Mirrors_Arms.dds
[2026-09-22 23:04:54] Game Loading texture from path: SP_E400MMC/Texture/E4_Mirrors_Arms.dds
[2026-09-22 23:04:54] Game Reading image from path: SP_E400MMC\Texture\E4_Mirrors_Arms.dds
[2026-09-22 23:04:54] Game Loading OBJ model from path: SP_E400MMC/Model/Converted/E400MMC_ADL_10.9m_Voith_LowHeight_obj/Exterior/Body/M_Nearside_#LongArm.obj
[2026-09-22 23:04:54] Game Finding texture with name: E4_Mirrors_Arms.png in root: SP_E400MMC/Model/Converted/E400MMC_ADL_10.9m_Voith_LowHeight_obj/Exterior/Body
[2026-09-22 23:04:54] Game Found texture at recursive path with extension: SP_E400MMC/Texture/E4_Mirrors_Arms.dds
[2026-09-22 23:04:54] Game Loading texture from path: SP_E400MMC/Texture/E4_Mirrors_Arms.dds
[2026-09-22 23:04:54] Game Loading OBJ model from path: SP_E400MMC/Model/Converted/E400MMC_ADL_10.9m_Voith_LowHeight_obj/Exterior/Body/M_Nearside_#ShortArm.obj
[2026-09-22 23:04:54] Game Finding texture with name: E4_Mirrors_Arms.png in root: SP_E400MMC/Model/Converted/E400MMC_ADL_10.9m_Voith_LowHeight_obj/Exterior/Body
[2026-09-22 23:04:54] Game Found texture at recursive path with extension: SP_E400MMC/Texture/E4_Mirrors_Arms.dds
[2026-09-22 23:04:54] Game Loading texture from path: SP_E400MMC/Texture/E4_Mirrors_Arms.dds
[2026-09-22 23:04:54] Game Loading OBJ model from path: SP_E400MMC/Model/Converted/E400MMC_ADL_10.9m_Voith_LowHeight_obj/Exterior/Body/M_Nearside_Spaf_Long.obj
[2026-09-22 23:04:54] Game Finding texture with name: E4_Mirrors_Arms.png in root: SP_E400MMC/Model/Converted/E400MMC_ADL_10.9m_Voith_LowHeight_obj/Exterior/Body
[2026-09-22 23:04:54] Game Found texture at recursive path with extension: SP_E400MMC/Texture/E4_Mirrors_Arms.dds
[2026-09-22 23:04:54] Game Finding texture with name: E4_Mirrors.png in root: SP_E400MMC/Model/Converted/E400MMC_ADL_10.9m_Voith_LowHeight_obj/Exterior/Body
[2026-09-22 23:04:54] Game Found texture at recursive path: SP_E400MMC/Texture/_!Templates/E4_Mirrors.png
[2026-09-22 23:04:54] Game Finding texture with name: E4_Mirrors.png in root: SP_E400MMC/Model/Converted/E400MMC_ADL_10.9m_Voith_LowHeight_obj/Exterior/Body
[2026-09-22 23:04:54] Game Found texture at recursive path: SP_E400MMC/Texture/_!Templates/E4_Mirrors.png
[2026-09-22 23:04:54] Game Finding texture with name: reflexion1.png in root: SP_E400MMC/Model/Converted/E400MMC_ADL_10.9m_Voith_LowHeight_obj/Exterior/Body
[2026-09-22 23:04:54] Game Found texture at recursive path with extension: SP_E400MMC/Texture/reflexion1.bmp
[2026-09-22 23:04:54] Game Finding texture with name: reflexion0.png in root: SP_E400MMC/Model/Converted/E400MMC_ADL_10.9m_Voith_LowHeight_obj/Exterior/Body
[2026-09-22 23:04:54] Game Found texture at recursive path with extension: SP_E400MMC/Texture/reflexion0.bmp
[2026-09-22 23:04:54] Game Loading texture from path: SP_E400MMC/Texture/_!Templates/E4_Mirrors.png
[2026-09-22 23:04:54] Game Reading image from path: SP_E400MMC\Texture\_!Templates\E4_Mirrors.png
[2026-09-22 23:04:54] Game Loading texture from path: SP_E400MMC/Texture/reflexion1.bmp
[2026-09-22 23:04:54] Game Reading image from path: SP_E400MMC\Texture\reflexion1.bmp
[2026-09-22 23:04:54] Game Loading OBJ model from path: SP_E400MMC/Model/Converted/E400MMC_ADL_10.9m_Voith_LowHeight_obj/Exterior/Body/M_Nearside_Spaf_Short.obj
[2026-09-22 23:04:54] Game Finding texture with name: E4_Mirrors_Arms.png in root: SP_E400MMC/Model/Converted/E400MMC_ADL_10.9m_Voith_LowHeight_obj/Exterior/Body
[2026-09-22 23:04:54] Game Found texture at recursive path with extension: SP_E400MMC/Texture/E4_Mirrors_Arms.dds
[2026-09-22 23:04:54] Game Finding texture with name: E4_Mirrors.png in root: SP_E400MMC/Model/Converted/E400MMC_ADL_10.9m_Voith_LowHeight_obj/Exterior/Body
[2026-09-22 23:04:54] Game Found texture at recursive path: SP_E400MMC/Texture/_!Templates/E4_Mirrors.png
[2026-09-22 23:04:54] Game Finding texture with name: E4_Mirrors.png in root: SP_E400MMC/Model/Converted/E400MMC_ADL_10.9m_Voith_LowHeight_obj/Exterior/Body
[2026-09-22 23:04:54] Game Found texture at recursive path: SP_E400MMC/Texture/_!Templates/E4_Mirrors.png
[2026-09-22 23:04:54] Game Finding texture with name: reflexion1.png in root: SP_E400MMC/Model/Converted/E400MMC_ADL_10.9m_Voith_LowHeight_obj/Exterior/Body
[2026-09-22 23:04:54] Game Found texture at recursive path with extension: SP_E400MMC/Texture/reflexion1.bmp
[2026-09-22 23:04:54] Game Finding texture with name: reflexion0.png in root: SP_E400MMC/Model/Converted/E400MMC_ADL_10.9m_Voith_LowHeight_obj/Exterior/Body
[2026-09-22 23:04:54] Game Found texture at recursive path with extension: SP_E400MMC/Texture/reflexion0.bmp
[2026-09-22 23:04:54] Game Loading texture from path: SP_E400MMC/Texture/_!Templates/E4_Mirrors.png
[2026-09-22 23:04:54] Game Loading texture from path: SP_E400MMC/Texture/reflexion1.bmp
[2026-09-22 23:04:54] Game Loading OBJ model from path: SP_E400MMC/Model/Converted/E400MMC_ADL_10.9m_Voith_LowHeight_obj/Exterior/Body/M_Offside_Spaf.obj
[2026-09-22 23:04:54] Game Finding texture with name: E4_Mirrors_Arms.png in root: SP_E400MMC/Model/Converted/E400MMC_ADL_10.9m_Voith_LowHeight_obj/Exterior/Body
[2026-09-22 23:04:54] Game Found texture at recursive path with extension: SP_E400MMC/Texture/E4_Mirrors_Arms.dds
[2026-09-22 23:04:54] Game Finding texture with name: E4_Mirrors.png in root: SP_E400MMC/Model/Converted/E400MMC_ADL_10.9m_Voith_LowHeight_obj/Exterior/Body
[2026-09-22 23:04:54] Game Found texture at recursive path: SP_E400MMC/Texture/_!Templates/E4_Mirrors.png
[2026-09-22 23:04:54] Game Finding texture with name: E4_Mirrors.png in root: SP_E400MMC/Model/Converted/E400MMC_ADL_10.9m_Voith_LowHeight_obj/Exterior/Body
[2026-09-22 23:04:54] Game Found texture at recursive path: SP_E400MMC/Texture/_!Templates/E4_Mirrors.png
[2026-09-22 23:04:54] Game Finding texture with name: reflexion1.png in root: SP_E400MMC/Model/Converted/E400MMC_ADL_10.9m_Voith_LowHeight_obj/Exterior/Body
[2026-09-22 23:04:54] Game Found texture at recursive path with extension: SP_E400MMC/Texture/reflexion1.bmp
[2026-09-22 23:04:54] Game Finding texture with name: reflexion0.png in root: SP_E400MMC/Model/Converted/E400MMC_ADL_10.9m_Voith_LowHeight_obj/Exterior/Body
[2026-09-22 23:04:54] Game Found texture at recursive path with extension: SP_E400MMC/Texture/reflexion0.bmp
[2026-09-22 23:04:54] Game Loading texture from path: SP_E400MMC/Texture/_!Templates/E4_Mirrors.png
[2026-09-22 23:04:54] Game Loading texture from path: SP_E400MMC/Texture/reflexion0.bmp
[2026-09-22 23:04:54] Game Reading image from path: SP_E400MMC\Texture\reflexion0.bmp
[2026-09-22 23:04:54] Game Loading OBJ model from path: SP_E400MMC/Model/Converted/E400MMC_ADL_10.9m_Voith_LowHeight_obj/Exterior/Body/M_Nearside_Ash_Long.obj
[2026-09-22 23:04:54] Game Finding texture with name: E4_Mirrors_Ashtree.png in root: SP_E400MMC/Model/Converted/E400MMC_ADL_10.9m_Voith_LowHeight_obj/Exterior/Body
[2026-09-22 23:04:54] Game Found texture at recursive path: SP_E400MMC/Texture/_!Templates/E4_Mirrors_Ashtree.png
[2026-09-22 23:04:54] Game Finding texture with name: reflexion1.png in root: SP_E400MMC/Model/Converted/E400MMC_ADL_10.9m_Voith_LowHeight_obj/Exterior/Body
[2026-09-22 23:04:54] Game Found texture at recursive path with extension: SP_E400MMC/Texture/reflexion1.bmp
[2026-09-22 23:04:54] Game Loading texture from path: SP_E400MMC/Texture/reflexion1.bmp
[2026-09-22 23:04:54] Game Loading texture from path: SP_E400MMC/Texture/_!Templates/E4_Mirrors_Ashtree.png
[2026-09-22 23:04:54] Game Reading image from path: SP_E400MMC\Texture\_!Templates\E4_Mirrors_Ashtree.png
[2026-09-22 23:04:54] Game Loading OBJ model from path: SP_E400MMC/Model/Converted/E400MMC_ADL_10.9m_Voith_LowHeight_obj/Exterior/Body/M_Nearside_Ash_Short.obj
[2026-09-22 23:04:54] Game Finding texture with name: E4_Mirrors_Ashtree.png in root: SP_E400MMC/Model/Converted/E400MMC_ADL_10.9m_Voith_LowHeight_obj/Exterior/Body
[2026-09-22 23:04:54] Game Found texture at recursive path: SP_E400MMC/Texture/_!Templates/E4_Mirrors_Ashtree.png
[2026-09-22 23:04:54] Game Finding texture with name: reflexion1.png in root: SP_E400MMC/Model/Converted/E400MMC_ADL_10.9m_Voith_LowHeight_obj/Exterior/Body
[2026-09-22 23:04:54] Game Found texture at recursive path with extension: SP_E400MMC/Texture/reflexion1.bmp
[2026-09-22 23:04:54] Game Loading texture from path: SP_E400MMC/Texture/reflexion1.bmp
[2026-09-22 23:04:54] Game Loading texture from path: SP_E400MMC/Texture/_!Templates/E4_Mirrors_Ashtree.png
[2026-09-22 23:04:54] Game Loading OBJ model from path: SP_E400MMC/Model/Converted/E400MMC_ADL_10.9m_Voith_LowHeight_obj/Exterior/Body/M_Offside_Ash.obj
[2026-09-22 23:04:54] Game Finding texture with name: E4_Mirrors_Ashtree.png in root: SP_E400MMC/Model/Converted/E400MMC_ADL_10.9m_Voith_LowHeight_obj/Exterior/Body
[2026-09-22 23:04:54] Game Found texture at recursive path: SP_E400MMC/Texture/_!Templates/E4_Mirrors_Ashtree.png
[2026-09-22 23:04:54] Game Finding texture with name: reflexion0.png in root: SP_E400MMC/Model/Converted/E400MMC_ADL_10.9m_Voith_LowHeight_obj/Exterior/Body
[2026-09-22 23:04:54] Game Found texture at recursive path with extension: SP_E400MMC/Texture/reflexion0.bmp
[2026-09-22 23:04:54] Game Loading texture from path: SP_E400MMC/Texture/reflexion0.bmp
[2026-09-22 23:04:54] Game Loading texture from path: SP_E400MMC/Texture/_!Templates/E4_Mirrors_Ashtree.png
[2026-09-22 23:04:54] Game Loading OBJ model from path: SP_E400MMC/Model/Converted/E400MMC_ADL_10.9m_Voith_LowHeight_obj/Exterior/Body/E4_Mirrors_Cameras.obj
[2026-09-22 23:04:54] Game Finding texture with name: E4_Mirrors_Cameras.png in root: SP_E400MMC/Model/Converted/E400MMC_ADL_10.9m_Voith_LowHeight_obj/Exterior/Body
[2026-09-22 23:04:54] Game Found texture at recursive path with extension: SP_E400MMC/Texture/E4_Mirrors_Cameras.dds
[2026-09-22 23:04:54] Game Loading texture from path: SP_E400MMC/Texture/E4_Mirrors_Cameras.dds
[2026-09-22 23:04:54] Game Reading image from path: SP_E400MMC\Texture\E4_Mirrors_Cameras.dds
[2026-09-22 23:04:54] Game Loading OBJ model from path: SP_E400MMC/Model/Converted/E400MMC_ADL_10.9m_Voith_LowHeight_obj/Exterior/Body/ADL/10.9m/E4_Exterior_ReflectorMarkers.obj
[2026-09-22 23:04:54] Game Finding texture with name: E4_ExteriorLights.png in root: SP_E400MMC/Model/Converted/E400MMC_ADL_10.9m_Voith_LowHeight_obj/Exterior/Body/ADL/10.9m
[2026-09-22 23:04:54] Game Found texture at recursive path with extension: SP_E400MMC/Texture/E4_ExteriorLights.dds
[2026-09-22 23:04:54] Game Loading texture from path: SP_E400MMC/Texture/E4_ExteriorLights.dds
[2026-09-22 23:04:54] Game Loading OBJ model from path: SP_E400MMC/Model/Converted/E400MMC_ADL_10.9m_Voith_LowHeight_obj/Exterior/Body/ADL/10.9m/E4_RegPlates.obj
[2026-09-22 23:04:54] Game Finding texture with name: E4_Regplates.png in root: SP_E400MMC/Model/Converted/E400MMC_ADL_10.9m_Voith_LowHeight_obj/Exterior/Body/ADL/10.9m
[2026-09-22 23:04:54] Game Found texture at recursive path with extension: SP_E400MMC/Texture/E4_Regplates.dds
[2026-09-22 23:04:54] Game Loading texture from path: SP_E400MMC/Texture/E4_Regplates.dds
[2026-09-22 23:04:54] Game Reading image from path: SP_E400MMC\Texture\E4_Regplates.dds
[2026-09-22 23:04:54] Game Loading OBJ model from path: SP_E400MMC/Model/Converted/E400MMC_ADL_10.9m_Voith_LowHeight_obj/Exterior/Body/ADL/10.9m/E4_RegPlates_Text.obj
[2026-09-22 23:04:54] Game Finding texture with name: reg.png in root: SP_E400MMC/Model/Converted/E400MMC_ADL_10.9m_Voith_LowHeight_obj/Exterior/Body/ADL/10.9m
[2026-09-22 23:04:54] Game Found texture at recursive path with extension: SP_E400MMC/Texture/reg.dds
[2026-09-22 23:04:54] Game Loading texture from path: SP_E400MMC/Texture/reg.dds
[2026-09-22 23:04:54] Game Reading image from path: SP_E400MMC\Texture\reg.dds
[2026-09-22 23:04:54] Game Loading OBJ model from path: SP_E400MMC/Model/Converted/E400MMC_ADL_10.9m_Voith_LowHeight_obj/Exterior/Body/E4_Exterior_SideIndicators_L.obj
[2026-09-22 23:04:54] Game Finding texture with name: E4_ExteriorLights.png in root: SP_E400MMC/Model/Converted/E400MMC_ADL_10.9m_Voith_LowHeight_obj/Exterior/Body
[2026-09-22 23:04:54] Game Found texture at recursive path with extension: SP_E400MMC/Texture/E4_ExteriorLights.dds
[2026-09-22 23:04:54] Game Loading texture from path: SP_E400MMC/Texture/E4_ExteriorLights.dds
[2026-09-22 23:04:54] Game Loading OBJ model from path: SP_E400MMC/Model/Converted/E400MMC_ADL_10.9m_Voith_LowHeight_obj/Exterior/Body/E4_Exterior_SideIndicators_R.obj
[2026-09-22 23:04:54] Game Finding texture with name: E4_ExteriorLights.png in root: SP_E400MMC/Model/Converted/E400MMC_ADL_10.9m_Voith_LowHeight_obj/Exterior/Body
[2026-09-22 23:04:54] Game Found texture at recursive path with extension: SP_E400MMC/Texture/E4_ExteriorLights.dds
[2026-09-22 23:04:54] Game Loading texture from path: SP_E400MMC/Texture/E4_ExteriorLights.dds
[2026-09-22 23:04:54] Game Loading OBJ model from path: SP_E400MMC/Model/Converted/E400MMC_ADL_10.9m_Voith_LowHeight_obj/Exterior/Body/E4_Exterior_ADLBadge_FrontLeft.obj
[2026-09-22 23:04:54] Game Finding texture with name: E4_ExteriorADLBadge.png in root: SP_E400MMC/Model/Converted/E400MMC_ADL_10.9m_Voith_LowHeight_obj/Exterior/Body
[2026-09-22 23:04:54] Game Found texture at recursive path with extension: SP_E400MMC/Texture/E4_ExteriorADLBadge.dds
[2026-09-22 23:04:54] Game Loading texture from path: SP_E400MMC/Texture/E4_ExteriorADLBadge.dds
[2026-09-22 23:04:54] Game Reading image from path: SP_E400MMC\Texture\E4_ExteriorADLBadge.dds
[2026-09-22 23:04:54] Game Loading OBJ model from path: SP_E400MMC/Model/Converted/E400MMC_ADL_10.9m_Voith_LowHeight_obj/Exterior/Body/E4_Exterior_ADLBadge_FrontMiddle.obj
[2026-09-22 23:04:54] Game Finding texture with name: E4_ExteriorADLBadge.png in root: SP_E400MMC/Model/Converted/E400MMC_ADL_10.9m_Voith_LowHeight_obj/Exterior/Body
[2026-09-22 23:04:54] Game Found texture at recursive path with extension: SP_E400MMC/Texture/E4_ExteriorADLBadge.dds
[2026-09-22 23:04:54] Game Loading texture from path: SP_E400MMC/Texture/E4_ExteriorADLBadge.dds
[2026-09-22 23:04:54] Game Loading OBJ model from path: SP_E400MMC/Model/Converted/E400MMC_ADL_10.9m_Voith_LowHeight_obj/Exterior/Body/ADL/10.9m/E4_Exterior_ADLBadge_RearBottom.obj
[2026-09-22 23:04:54] Game Finding texture with name: E4_ExteriorADLBadge.png in root: SP_E400MMC/Model/Converted/E400MMC_ADL_10.9m_Voith_LowHeight_obj/Exterior/Body/ADL/10.9m
[2026-09-22 23:04:54] Game Found texture at recursive path with extension: SP_E400MMC/Texture/E4_ExteriorADLBadge.dds
[2026-09-22 23:04:54] Game Loading texture from path: SP_E400MMC/Texture/E4_ExteriorADLBadge.dds
[2026-09-22 23:04:54] Game Loading OBJ model from path: SP_E400MMC/Model/Converted/E400MMC_ADL_10.9m_Voith_LowHeight_obj/Exterior/Body/ADL/10.9m/E4_Exterior_ADLBadge_RearTop.obj
[2026-09-22 23:04:54] Game Finding texture with name: E4_ExteriorADLBadge.png in root: SP_E400MMC/Model/Converted/E400MMC_ADL_10.9m_Voith_LowHeight_obj/Exterior/Body/ADL/10.9m
[2026-09-22 23:04:54] Game Found texture at recursive path with extension: SP_E400MMC/Texture/E4_ExteriorADLBadge.dds
[2026-09-22 23:04:54] Game Loading texture from path: SP_E400MMC/Texture/E4_ExteriorADLBadge.dds
[2026-09-22 23:04:54] Game Loading OBJ model from path: SP_E400MMC/Model/Converted/E400MMC_ADL_10.9m_Voith_LowHeight_obj/Exterior/Body/ADL/10.9m/E4_Exterior_ADLBadge_RearTopMiddle.obj
[2026-09-22 23:04:54] Game Finding texture with name: E4_ExteriorADLBadge.png in root: SP_E400MMC/Model/Converted/E400MMC_ADL_10.9m_Voith_LowHeight_obj/Exterior/Body/ADL/10.9m
[2026-09-22 23:04:54] Game Found texture at recursive path with extension: SP_E400MMC/Texture/E4_ExteriorADLBadge.dds
[2026-09-22 23:04:54] Game Loading texture from path: SP_E400MMC/Texture/E4_ExteriorADLBadge.dds
[2026-09-22 23:04:54] Game Loading OBJ model from path: SP_E400MMC/Model/Converted/E400MMC_ADL_10.9m_Voith_LowHeight_obj/Exterior/Wheels/E4_Wheel_FrontLeft.obj
[2026-09-22 23:04:54] Game Finding texture with name: E4_Wheel_Tyre.png in root: SP_E400MMC/Model/Converted/E400MMC_ADL_10.9m_Voith_LowHeight_obj/Exterior/Wheels
[2026-09-22 23:04:54] Game Found texture at recursive path with extension: SP_E400MMC/Texture/E4_Wheel_Tyre.dds
[2026-09-22 23:04:54] Game Finding texture with name: E4_Wheel_Tread.png in root: SP_E400MMC/Model/Converted/E400MMC_ADL_10.9m_Voith_LowHeight_obj/Exterior/Wheels
[2026-09-22 23:04:54] Game Found texture at recursive path with extension: SP_E400MMC/Texture/E4_Wheel_Tread.dds
[2026-09-22 23:04:54] Game Finding texture with name: E4_Wheel_FrontNuts.png in root: SP_E400MMC/Model/Converted/E400MMC_ADL_10.9m_Voith_LowHeight_obj/Exterior/Wheels
[2026-09-22 23:04:54] Game Found texture at recursive path: SP_E400MMC/Texture/_!Templates/Wheels/E4_Wheel_FrontNuts.png
[2026-09-22 23:04:54] Game Finding texture with name: E4_WheelTrim_Front.png in root: SP_E400MMC/Model/Converted/E400MMC_ADL_10.9m_Voith_LowHeight_obj/Exterior/Wheels
[2026-09-22 23:04:54] Game Found texture at recursive path: SP_E400MMC/Texture/_!Templates/Wheels/E4_WheelTrim_Front.png
[2026-09-22 23:04:54] Game Finding texture with name: E4_Wheel_Scania_FrontAxle.png in root: SP_E400MMC/Model/Converted/E400MMC_ADL_10.9m_Voith_LowHeight_obj/Exterior/Wheels
[2026-09-22 23:04:54] Game Found texture at recursive path: SP_E400MMC/Texture/_!Templates/Wheels/E4_Wheel_Scania_FrontAxle.png
[2026-09-22 23:04:54] Game Loading texture from path: SP_E400MMC/Texture/E4_Wheel_Tyre.dds
[2026-09-22 23:04:54] Game Reading image from path: SP_E400MMC\Texture\E4_Wheel_Tyre.dds
[2026-09-22 23:04:54] Game Loading texture from path: SP_E400MMC/Texture/E4_Wheel_Tread.dds
[2026-09-22 23:04:54] Game Reading image from path: SP_E400MMC\Texture\E4_Wheel_Tread.dds
[2026-09-22 23:04:54] Game Loading texture from path: SP_E400MMC/Texture/_!Templates/Wheels/E4_Wheel_FrontNuts.png
[2026-09-22 23:04:54] Game Reading image from path: SP_E400MMC\Texture\_!Templates\Wheels\E4_Wheel_FrontNuts.png
[2026-09-22 23:04:54] Game Loading OBJ model from path: SP_E400MMC/Model/Converted/E400MMC_ADL_10.9m_Voith_LowHeight_obj/Exterior/Wheels/ADL/E4_Wheel_FrontLeft_SpicerAxle.obj
[2026-09-22 23:04:54] Game Finding texture with name: E4_Wheel_FrontAxle_Spicer.png in root: SP_E400MMC/Model/Converted/E400MMC_ADL_10.9m_Voith_LowHeight_obj/Exterior/Wheels/ADL
[2026-09-22 23:04:54] Game Found texture at recursive path: SP_E400MMC/Texture/_!Templates/Wheels/E4_Wheel_FrontAxle_Spicer.png
[2026-09-22 23:04:54] Game Loading texture from path: SP_E400MMC/Texture/_!Templates/Wheels/E4_Wheel_FrontAxle_Spicer.png
[2026-09-22 23:04:54] Game Reading image from path: SP_E400MMC\Texture\_!Templates\Wheels\E4_Wheel_FrontAxle_Spicer.png
[2026-09-22 23:04:54] Game Loading OBJ model from path: SP_E400MMC/Model/Converted/E400MMC_ADL_10.9m_Voith_LowHeight_obj/Exterior/Wheels/E4_Wheel_FrontLeft_Rim.obj
[2026-09-22 23:04:54] Game Finding texture with name: E4_WheelTrim_Front.png in root: SP_E400MMC/Model/Converted/E400MMC_ADL_10.9m_Voith_LowHeight_obj/Exterior/Wheels
[2026-09-22 23:04:54] Game Found texture at recursive path: SP_E400MMC/Texture/_!Templates/Wheels/E4_WheelTrim_Front.png
[2026-09-22 23:04:54] Game Loading texture from path: SP_E400MMC/Texture/_!Templates/Wheels/E4_WheelTrim_Front.png
[2026-09-22 23:04:54] Game Reading image from path: SP_E400MMC\Texture\_!Templates\Wheels\E4_WheelTrim_Front.png
[2026-09-22 23:04:54] Game Loading OBJ model from path: SP_E400MMC/Model/Converted/E400MMC_ADL_10.9m_Voith_LowHeight_obj/Exterior/Wheels/E4_Wheel_FrontLeft_Rim_Alcoa.obj
[2026-09-22 23:04:54] Game Loading OBJ model from path: SP_E400MMC/Model/Converted/E400MMC_ADL_10.9m_Voith_LowHeight_obj/Exterior/Wheels/E4_Wheel_FrontLeft_Trim1.obj
[2026-09-22 23:04:54] Game Finding texture with name: E4_Wheel_Trim1.png in root: SP_E400MMC/Model/Converted/E400MMC_ADL_10.9m_Voith_LowHeight_obj/Exterior/Wheels
[2026-09-22 23:04:54] Game Found texture at recursive path: SP_E400MMC/Texture/_!Templates/Wheels/E4_Wheel_Trim1.png
[2026-09-22 23:04:54] Game Loading texture from path: SP_E400MMC/Texture/_!Templates/Wheels/E4_Wheel_Trim1.png
[2026-09-22 23:04:54] Game Reading image from path: SP_E400MMC\Texture\_!Templates\Wheels\E4_Wheel_Trim1.png
[2026-09-22 23:04:54] Game Loading OBJ model from path: SP_E400MMC/Model/Converted/E400MMC_ADL_10.9m_Voith_LowHeight_obj/Exterior/Wheels/E4_Wheel_FrontLeft_Trim2.obj
[2026-09-22 23:04:54] Game Finding texture with name: E4_Wheel_Trim2.png in root: SP_E400MMC/Model/Converted/E400MMC_ADL_10.9m_Voith_LowHeight_obj/Exterior/Wheels
[2026-09-22 23:04:54] Game Found texture at recursive path: SP_E400MMC/Texture/_!Templates/Wheels/E4_Wheel_Trim2.png
[2026-09-22 23:04:54] Game Loading texture from path: SP_E400MMC/Texture/_!Templates/Wheels/E4_Wheel_Trim2.png
[2026-09-22 23:04:54] Game Reading image from path: SP_E400MMC\Texture\_!Templates\Wheels\E4_Wheel_Trim2.png
[2026-09-22 23:04:54] Game Loading OBJ model from path: SP_E400MMC/Model/Converted/E400MMC_ADL_10.9m_Voith_LowHeight_obj/Exterior/Wheels/E4_Wheel_FrontLeft_NutIndicators.obj
[2026-09-22 23:04:54] Game Finding texture with name: E4_Wheel_NutIndicators.png in root: SP_E400MMC/Model/Converted/E400MMC_ADL_10.9m_Voith_LowHeight_obj/Exterior/Wheels
[2026-09-22 23:04:54] Game Found texture at recursive path: SP_E400MMC/Texture/_!Templates/Wheels/E4_Wheel_NutIndicators.png
[2026-09-22 23:04:54] Game Loading texture from path: SP_E400MMC/Texture/_!Templates/Wheels/E4_Wheel_NutIndicators.png
[2026-09-22 23:04:54] Game Reading image from path: SP_E400MMC\Texture\_!Templates\Wheels\E4_Wheel_NutIndicators.png
[2026-09-22 23:04:54] Game Loading OBJ model from path: SP_E400MMC/Model/Converted/E400MMC_ADL_10.9m_Voith_LowHeight_obj/Exterior/Wheels/E4_Wheel_FrontRight.obj
[2026-09-22 23:04:54] Game Finding texture with name: E4_Wheel_Tyre.png in root: SP_E400MMC/Model/Converted/E400MMC_ADL_10.9m_Voith_LowHeight_obj/Exterior/Wheels
[2026-09-22 23:04:54] Game Found texture at recursive path with extension: SP_E400MMC/Texture/E4_Wheel_Tyre.dds
[2026-09-22 23:04:54] Game Finding texture with name: E4_Wheel_Tread.png in root: SP_E400MMC/Model/Converted/E400MMC_ADL_10.9m_Voith_LowHeight_obj/Exterior/Wheels
[2026-09-22 23:04:54] Game Found texture at recursive path with extension: SP_E400MMC/Texture/E4_Wheel_Tread.dds
[2026-09-22 23:04:54] Game Finding texture with name: E4_Wheel_FrontNuts.png in root: SP_E400MMC/Model/Converted/E400MMC_ADL_10.9m_Voith_LowHeight_obj/Exterior/Wheels
[2026-09-22 23:04:54] Game Found texture at recursive path: SP_E400MMC/Texture/_!Templates/Wheels/E4_Wheel_FrontNuts.png
[2026-09-22 23:04:54] Game Finding texture with name: E4_WheelTrim_Front.png in root: SP_E400MMC/Model/Converted/E400MMC_ADL_10.9m_Voith_LowHeight_obj/Exterior/Wheels
[2026-09-22 23:04:54] Game Found texture at recursive path: SP_E400MMC/Texture/_!Templates/Wheels/E4_WheelTrim_Front.png
[2026-09-22 23:04:54] Game Finding texture with name: E4_Wheel_Scania_FrontAxle.png in root: SP_E400MMC/Model/Converted/E400MMC_ADL_10.9m_Voith_LowHeight_obj/Exterior/Wheels
[2026-09-22 23:04:54] Game Found texture at recursive path: SP_E400MMC/Texture/_!Templates/Wheels/E4_Wheel_Scania_FrontAxle.png
[2026-09-22 23:04:54] Game Loading texture from path: SP_E400MMC/Texture/E4_Wheel_Tyre.dds
[2026-09-22 23:04:54] Game Loading texture from path: SP_E400MMC/Texture/E4_Wheel_Tread.dds
[2026-09-22 23:04:54] Game Loading texture from path: SP_E400MMC/Texture/_!Templates/Wheels/E4_Wheel_FrontNuts.png
[2026-09-22 23:04:54] Game Loading OBJ model from path: SP_E400MMC/Model/Converted/E400MMC_ADL_10.9m_Voith_LowHeight_obj/Exterior/Wheels/ADL/E4_Wheel_FrontRight_SpicerAxle.obj
[2026-09-22 23:04:54] Game Finding texture with name: E4_Wheel_FrontAxle_Spicer.png in root: SP_E400MMC/Model/Converted/E400MMC_ADL_10.9m_Voith_LowHeight_obj/Exterior/Wheels/ADL
[2026-09-22 23:04:54] Game Found texture at recursive path: SP_E400MMC/Texture/_!Templates/Wheels/E4_Wheel_FrontAxle_Spicer.png
[2026-09-22 23:04:54] Game Loading texture from path: SP_E400MMC/Texture/_!Templates/Wheels/E4_Wheel_FrontAxle_Spicer.png
[2026-09-22 23:04:54] Game Loading OBJ model from path: SP_E400MMC/Model/Converted/E400MMC_ADL_10.9m_Voith_LowHeight_obj/Exterior/Wheels/E4_Wheel_FrontRight_Rim.obj
[2026-09-22 23:04:54] Game Finding texture with name: E4_WheelTrim_Front.png in root: SP_E400MMC/Model/Converted/E400MMC_ADL_10.9m_Voith_LowHeight_obj/Exterior/Wheels
[2026-09-22 23:04:54] Game Found texture at recursive path: SP_E400MMC/Texture/_!Templates/Wheels/E4_WheelTrim_Front.png
[2026-09-22 23:04:54] Game Loading texture from path: SP_E400MMC/Texture/_!Templates/Wheels/E4_WheelTrim_Front.png
[2026-09-22 23:04:54] Game Loading OBJ model from path: SP_E400MMC/Model/Converted/E400MMC_ADL_10.9m_Voith_LowHeight_obj/Exterior/Wheels/E4_Wheel_FrontRight_Rim_Alcoa.obj
[2026-09-22 23:04:54] Game Loading OBJ model from path: SP_E400MMC/Model/Converted/E400MMC_ADL_10.9m_Voith_LowHeight_obj/Exterior/Wheels/E4_Wheel_FrontRight_Trim1.obj
[2026-09-22 23:04:54] Game Finding texture with name: E4_Wheel_Trim1.png in root: SP_E400MMC/Model/Converted/E400MMC_ADL_10.9m_Voith_LowHeight_obj/Exterior/Wheels
[2026-09-22 23:04:54] Game Found texture at recursive path: SP_E400MMC/Texture/_!Templates/Wheels/E4_Wheel_Trim1.png
[2026-09-22 23:04:54] Game Loading texture from path: SP_E400MMC/Texture/_!Templates/Wheels/E4_Wheel_Trim1.png
[2026-09-22 23:04:54] Game Loading OBJ model from path: SP_E400MMC/Model/Converted/E400MMC_ADL_10.9m_Voith_LowHeight_obj/Exterior/Wheels/E4_Wheel_FrontRight_Trim2.obj
[2026-09-22 23:04:54] Game Finding texture with name: E4_Wheel_Trim2.png in root: SP_E400MMC/Model/Converted/E400MMC_ADL_10.9m_Voith_LowHeight_obj/Exterior/Wheels
[2026-09-22 23:04:54] Game Found texture at recursive path: SP_E400MMC/Texture/_!Templates/Wheels/E4_Wheel_Trim2.png
[2026-09-22 23:04:54] Game Loading texture from path: SP_E400MMC/Texture/_!Templates/Wheels/E4_Wheel_Trim2.png
[2026-09-22 23:04:54] Game Loading OBJ model from path: SP_E400MMC/Model/Converted/E400MMC_ADL_10.9m_Voith_LowHeight_obj/Exterior/Wheels/E4_Wheel_FrontRight_NutIndicators.obj
[2026-09-22 23:04:54] Game Finding texture with name: E4_Wheel_NutIndicators.png in root: SP_E400MMC/Model/Converted/E400MMC_ADL_10.9m_Voith_LowHeight_obj/Exterior/Wheels
[2026-09-22 23:04:54] Game Found texture at recursive path: SP_E400MMC/Texture/_!Templates/Wheels/E4_Wheel_NutIndicators.png
[2026-09-22 23:04:54] Game Loading texture from path: SP_E400MMC/Texture/_!Templates/Wheels/E4_Wheel_NutIndicators.png
[2026-09-22 23:04:54] Game Loading OBJ model from path: SP_E400MMC/Model/Converted/E400MMC_ADL_10.9m_Voith_LowHeight_obj/Exterior/Wheels/ADL/10.9m/E4_Wheel_RearLeft.obj
[2026-09-22 23:04:54] Game Finding texture with name: E4_Wheel_Tread.png in root: SP_E400MMC/Model/Converted/E400MMC_ADL_10.9m_Voith_LowHeight_obj/Exterior/Wheels/ADL/10.9m
[2026-09-22 23:04:54] Game Found texture at recursive path with extension: SP_E400MMC/Texture/E4_Wheel_Tread.dds
[2026-09-22 23:04:54] Game Finding texture with name: E4_Wheel_Tyre.png in root: SP_E400MMC/Model/Converted/E400MMC_ADL_10.9m_Voith_LowHeight_obj/Exterior/Wheels/ADL/10.9m
[2026-09-22 23:04:54] Game Found texture at recursive path with extension: SP_E400MMC/Texture/E4_Wheel_Tyre.dds
[2026-09-22 23:04:54] Game Finding texture with name: E4_WheelTrim_Rear.png in root: SP_E400MMC/Model/Converted/E400MMC_ADL_10.9m_Voith_LowHeight_obj/Exterior/Wheels/ADL/10.9m
[2026-09-22 23:04:54] Game Found texture at recursive path: SP_E400MMC/Texture/_!Templates/Wheels/E4_WheelTrim_Rear.png
[2026-09-22 23:04:54] Game Finding texture with name: E4_Wheel_RearAxle.png in root: SP_E400MMC/Model/Converted/E400MMC_ADL_10.9m_Voith_LowHeight_obj/Exterior/Wheels/ADL/10.9m
[2026-09-22 23:04:54] Game Found texture at recursive path: SP_E400MMC/Texture/_!Templates/Wheels/E4_Wheel_RearAxle.png
[2026-09-22 23:04:54] Game Finding texture with name: E4_Wheel_RearNuts.png in root: SP_E400MMC/Model/Converted/E400MMC_ADL_10.9m_Voith_LowHeight_obj/Exterior/Wheels/ADL/10.9m
[2026-09-22 23:04:54] Game Found texture at recursive path: SP_E400MMC/Texture/_!Templates/Wheels/E4_Wheel_RearNuts.png
[2026-09-22 23:04:54] Game Finding texture with name: E4_WheelTrim_Front.png in root: SP_E400MMC/Model/Converted/E400MMC_ADL_10.9m_Voith_LowHeight_obj/Exterior/Wheels/ADL/10.9m
[2026-09-22 23:04:54] Game Found texture at recursive path: SP_E400MMC/Texture/_!Templates/Wheels/E4_WheelTrim_Front.png
[2026-09-22 23:04:54] Game Finding texture with name: E4_Wheel_Scania_FrontAxle.png in root: SP_E400MMC/Model/Converted/E400MMC_ADL_10.9m_Voith_LowHeight_obj/Exterior/Wheels/ADL/10.9m
[2026-09-22 23:04:54] Game Found texture at recursive path: SP_E400MMC/Texture/_!Templates/Wheels/E4_Wheel_Scania_FrontAxle.png
[2026-09-22 23:04:54] Game Loading texture from path: SP_E400MMC/Texture/_!Templates/Wheels/E4_Wheel_RearAxle.png
[2026-09-22 23:04:54] Game Reading image from path: SP_E400MMC\Texture\_!Templates\Wheels\E4_Wheel_RearAxle.png
[2026-09-22 23:04:54] Game Loading texture from path: SP_E400MMC/Texture/E4_Wheel_Tread.dds
[2026-09-22 23:04:54] Game Loading texture from path: SP_E400MMC/Texture/_!Templates/Wheels/E4_Wheel_RearNuts.png
[2026-09-22 23:04:54] Game Reading image from path: SP_E400MMC\Texture\_!Templates\Wheels\E4_Wheel_RearNuts.png
[2026-09-22 23:04:54] Game Loading texture from path: SP_E400MMC/Texture/E4_Wheel_Tyre.dds
[2026-09-22 23:04:54] Game Loading OBJ model from path: SP_E400MMC/Model/Converted/E400MMC_ADL_10.9m_Voith_LowHeight_obj/Exterior/Wheels/ADL/10.9m/E4_Wheel_RearLeft_Rim.obj
[2026-09-22 23:04:54] Game Finding texture with name: E4_WheelTrim_Rear.png in root: SP_E400MMC/Model/Converted/E400MMC_ADL_10.9m_Voith_LowHeight_obj/Exterior/Wheels/ADL/10.9m
[2026-09-22 23:04:54] Game Found texture at recursive path: SP_E400MMC/Texture/_!Templates/Wheels/E4_WheelTrim_Rear.png
[2026-09-22 23:04:54] Game Loading texture from path: SP_E400MMC/Texture/_!Templates/Wheels/E4_WheelTrim_Rear.png
[2026-09-22 23:04:54] Game Reading image from path: SP_E400MMC\Texture\_!Templates\Wheels\E4_WheelTrim_Rear.png
[2026-09-22 23:04:54] Game Loading OBJ model from path: SP_E400MMC/Model/Converted/E400MMC_ADL_10.9m_Voith_LowHeight_obj/Exterior/Wheels/ADL/10.9m/E4_Wheel_RearLeft_Rim_Alcoa.obj
[2026-09-22 23:04:54] Game Loading OBJ model from path: SP_E400MMC/Model/Converted/E400MMC_ADL_10.9m_Voith_LowHeight_obj/Exterior/Wheels/ADL/10.9m/E4_Wheel_RearLeft_NutIndicators.obj
[2026-09-22 23:04:54] Game Finding texture with name: E4_Wheel_NutIndicators.png in root: SP_E400MMC/Model/Converted/E400MMC_ADL_10.9m_Voith_LowHeight_obj/Exterior/Wheels/ADL/10.9m
[2026-09-22 23:04:54] Game Found texture at recursive path: SP_E400MMC/Texture/_!Templates/Wheels/E4_Wheel_NutIndicators.png
[2026-09-22 23:04:54] Game Loading texture from path: SP_E400MMC/Texture/_!Templates/Wheels/E4_Wheel_NutIndicators.png
[2026-09-22 23:04:54] Game Loading OBJ model from path: SP_E400MMC/Model/Converted/E400MMC_ADL_10.9m_Voith_LowHeight_obj/Exterior/Wheels/ADL/10.9m/E4_Wheel_RearRight.obj
[2026-09-22 23:04:54] Game Finding texture with name: E4_Wheel_Tread.png in root: SP_E400MMC/Model/Converted/E400MMC_ADL_10.9m_Voith_LowHeight_obj/Exterior/Wheels/ADL/10.9m
[2026-09-22 23:04:54] Game Found texture at recursive path with extension: SP_E400MMC/Texture/E4_Wheel_Tread.dds
[2026-09-22 23:04:54] Game Finding texture with name: E4_Wheel_Tyre.png in root: SP_E400MMC/Model/Converted/E400MMC_ADL_10.9m_Voith_LowHeight_obj/Exterior/Wheels/ADL/10.9m
[2026-09-22 23:04:54] Game Found texture at recursive path with extension: SP_E400MMC/Texture/E4_Wheel_Tyre.dds
[2026-09-22 23:04:54] Game Finding texture with name: E4_WheelTrim_Rear.png in root: SP_E400MMC/Model/Converted/E400MMC_ADL_10.9m_Voith_LowHeight_obj/Exterior/Wheels/ADL/10.9m
[2026-09-22 23:04:54] Game Found texture at recursive path: SP_E400MMC/Texture/_!Templates/Wheels/E4_WheelTrim_Rear.png
[2026-09-22 23:04:54] Game Finding texture with name: E4_Wheel_RearAxle.png in root: SP_E400MMC/Model/Converted/E400MMC_ADL_10.9m_Voith_LowHeight_obj/Exterior/Wheels/ADL/10.9m
[2026-09-22 23:04:54] Game Found texture at recursive path: SP_E400MMC/Texture/_!Templates/Wheels/E4_Wheel_RearAxle.png
[2026-09-22 23:04:54] Game Finding texture with name: E4_Wheel_RearNuts.png in root: SP_E400MMC/Model/Converted/E400MMC_ADL_10.9m_Voith_LowHeight_obj/Exterior/Wheels/ADL/10.9m
[2026-09-22 23:04:54] Game Found texture at recursive path: SP_E400MMC/Texture/_!Templates/Wheels/E4_Wheel_RearNuts.png
[2026-09-22 23:04:54] Game Finding texture with name: E4_WheelTrim_Front.png in root: SP_E400MMC/Model/Converted/E400MMC_ADL_10.9m_Voith_LowHeight_obj/Exterior/Wheels/ADL/10.9m
[2026-09-22 23:04:54] Game Found texture at recursive path: SP_E400MMC/Texture/_!Templates/Wheels/E4_WheelTrim_Front.png
[2026-09-22 23:04:54] Game Finding texture with name: E4_Wheel_Scania_FrontAxle.png in root: SP_E400MMC/Model/Converted/E400MMC_ADL_10.9m_Voith_LowHeight_obj/Exterior/Wheels/ADL/10.9m
[2026-09-22 23:04:54] Game Found texture at recursive path: SP_E400MMC/Texture/_!Templates/Wheels/E4_Wheel_Scania_FrontAxle.png
[2026-09-22 23:04:54] Game Loading texture from path: SP_E400MMC/Texture/_!Templates/Wheels/E4_Wheel_RearAxle.png
[2026-09-22 23:04:54] Game Loading texture from path: SP_E400MMC/Texture/E4_Wheel_Tread.dds
[2026-09-22 23:04:54] Game Loading texture from path: SP_E400MMC/Texture/_!Templates/Wheels/E4_Wheel_RearNuts.png
[2026-09-22 23:04:54] Game Loading texture from path: SP_E400MMC/Texture/E4_Wheel_Tyre.dds
[2026-09-22 23:04:54] Game Loading OBJ model from path: SP_E400MMC/Model/Converted/E400MMC_ADL_10.9m_Voith_LowHeight_obj/Exterior/Wheels/ADL/10.9m/E4_Wheel_RearRight_Rim.obj
[2026-09-22 23:04:54] Game Finding texture with name: E4_WheelTrim_Rear.png in root: SP_E400MMC/Model/Converted/E400MMC_ADL_10.9m_Voith_LowHeight_obj/Exterior/Wheels/ADL/10.9m
[2026-09-22 23:04:54] Game Found texture at recursive path: SP_E400MMC/Texture/_!Templates/Wheels/E4_WheelTrim_Rear.png
[2026-09-22 23:04:54] Game Loading texture from path: SP_E400MMC/Texture/_!Templates/Wheels/E4_WheelTrim_Rear.png
[2026-09-22 23:04:54] Game Loading OBJ model from path: SP_E400MMC/Model/Converted/E400MMC_ADL_10.9m_Voith_LowHeight_obj/Exterior/Wheels/ADL/10.9m/E4_Wheel_RearRight_Rim_Alcoa.obj
[2026-09-22 23:04:54] Game Loading OBJ model from path: SP_E400MMC/Model/Converted/E400MMC_ADL_10.9m_Voith_LowHeight_obj/Exterior/Wheels/ADL/10.9m/E4_Wheel_RearRight_NutIndicators.obj
[2026-09-22 23:04:54] Game Finding texture with name: E4_Wheel_NutIndicators.png in root: SP_E400MMC/Model/Converted/E400MMC_ADL_10.9m_Voith_LowHeight_obj/Exterior/Wheels/ADL/10.9m
[2026-09-22 23:04:54] Game Found texture at recursive path: SP_E400MMC/Texture/_!Templates/Wheels/E4_Wheel_NutIndicators.png
[2026-09-22 23:04:54] Game Loading texture from path: SP_E400MMC/Texture/_!Templates/Wheels/E4_Wheel_NutIndicators.png
[2026-09-22 23:04:54] Game Loading OBJ model from path: SP_E400MMC/Model/Converted/E400MMC_ADL_10.9m_Voith_LowHeight_obj/Exterior/Body/ADL/10.9m/E4_Shadow.obj
[2026-09-22 23:04:54] Game Finding texture with name: Shadow.png in root: SP_E400MMC/Model/Converted/E400MMC_ADL_10.9m_Voith_LowHeight_obj/Exterior/Body/ADL/10.9m
[2026-09-22 23:04:54] Game Found texture at recursive path with extension: SP_E400MMC/Texture/Shadow.tga
[2026-09-22 23:04:54] Game Loading texture from path: SP_E400MMC/Texture/Shadow.tga
[2026-09-22 23:04:54] Game Reading image from path: SP_E400MMC\Texture\Shadow.tga
[2026-09-22 23:04:54] Game Loading OBJ model from path: SP_E400MMC/Model/Converted/E400MMC_ADL_10.9m_Voith_LowHeight_obj/Exterior/Hanover/LowHeight/E4_Hanover_Screen_Front.obj
[2026-09-22 23:04:54] Game Finding texture with name: Grey.png in root: SP_E400MMC/Model/Converted/E400MMC_ADL_10.9m_Voith_LowHeight_obj/Exterior/Hanover/LowHeight
[2026-09-22 23:04:54] Game Found texture at recursive path with extension: SP_E400MMC/Texture/Grey.bmp
[2026-09-22 23:04:54] Game Finding texture with name: E4_Cab_Decals.png in root: SP_E400MMC/Model/Converted/E400MMC_ADL_10.9m_Voith_LowHeight_obj/Exterior/Hanover/LowHeight
[2026-09-22 23:04:54] Game Found texture at recursive path with extension: SP_E400MMC/Texture/E4_Cab_Decals.dds
[2026-09-22 23:04:54] Game Finding texture with name: SP_Hanover_Base.png in root: SP_E400MMC/Model/Converted/E400MMC_ADL_10.9m_Voith_LowHeight_obj/Exterior/Hanover/LowHeight
[2026-09-22 23:04:54] Game Found texture at recursive path with extension: SP_E400MMC/Texture/SP_Hanover_Base.dds
[2026-09-22 23:04:54] Game Finding texture with name: SP_Hanover_Orange.png in root: SP_E400MMC/Model/Converted/E400MMC_ADL_10.9m_Voith_LowHeight_obj/Exterior/Hanover/LowHeight
[2026-09-22 23:04:54] Game Found texture at recursive path with extension: SP_E400MMC/Texture/SP_Hanover_Orange.dds
[2026-09-22 23:04:54] Game Loading texture from path: SP_E400MMC/Texture/Grey.bmp
[2026-09-22 23:04:54] Game Loading texture from path: SP_E400MMC/Texture/SP_Hanover_Base.dds
[2026-09-22 23:04:54] Game Reading image from path: SP_E400MMC\Texture\SP_Hanover_Base.dds
[2026-09-22 23:04:54] Game Loading texture from path: SP_E400MMC/Texture/E4_Cab_Decals.dds
[2026-09-22 23:04:54] Game Reading image from path: SP_E400MMC\Texture\E4_Cab_Decals.dds
[2026-09-22 23:04:54] Game Loading texture from path: SP_E400MMC/Texture/SP_Hanover_Orange.dds
[2026-09-22 23:04:54] Game Reading image from path: SP_E400MMC\Texture\SP_Hanover_Orange.dds
[2026-09-22 23:04:54] Game Loading OBJ model from path: SP_E400MMC/Model/Converted/E400MMC_ADL_10.9m_Voith_LowHeight_obj/Exterior/Hanover/ADL/10.9m/E4_Hanover_Screen_Rear_Small.obj
[2026-09-22 23:04:54] Game Finding texture with name: SP_Hanover_Base.png in root: SP_E400MMC/Model/Converted/E400MMC_ADL_10.9m_Voith_LowHeight_obj/Exterior/Hanover/ADL/10.9m
[2026-09-22 23:04:55] Game Found texture at recursive path with extension: SP_E400MMC/Texture/SP_Hanover_Base.dds
[2026-09-22 23:04:55] Game Finding texture with name: SP_Hanover_Orange.png in root: SP_E400MMC/Model/Converted/E400MMC_ADL_10.9m_Voith_LowHeight_obj/Exterior/Hanover/ADL/10.9m
[2026-09-22 23:04:55] Game Found texture at recursive path with extension: SP_E400MMC/Texture/SP_Hanover_Orange.dds
[2026-09-22 23:04:55] Game Finding texture with name: Grey.png in root: SP_E400MMC/Model/Converted/E400MMC_ADL_10.9m_Voith_LowHeight_obj/Exterior/Hanover/ADL/10.9m
[2026-09-22 23:04:55] Game Found texture at recursive path with extension: SP_E400MMC/Texture/Grey.bmp
[2026-09-22 23:04:55] Game Finding texture with name: Glass.png in root: SP_E400MMC/Model/Converted/E400MMC_ADL_10.9m_Voith_LowHeight_obj/Exterior/Hanover/ADL/10.9m
[2026-09-22 23:04:55] Game Found texture at recursive path with extension: SP_E400MMC/Texture/Glass.dds
[2026-09-22 23:04:55] Game Loading texture from path: SP_E400MMC/Texture/SP_Hanover_Base.dds
[2026-09-22 23:04:55] Game Loading texture from path: SP_E400MMC/Texture/SP_Hanover_Orange.dds
[2026-09-22 23:04:55] Game Loading texture from path: SP_E400MMC/Texture/Grey.bmp
[2026-09-22 23:04:55] Game Loading OBJ model from path: SP_E400MMC/Model/Converted/E400MMC_ADL_10.9m_Voith_LowHeight_obj/Exterior/Hanover/ADL/10.9m/E4_Hanover_Screen_Rear_FullTop.obj
[2026-09-22 23:04:55] Game Finding texture with name: SP_Hanover_Base.png in root: SP_E400MMC/Model/Converted/E400MMC_ADL_10.9m_Voith_LowHeight_obj/Exterior/Hanover/ADL/10.9m
[2026-09-22 23:04:55] Game Found texture at recursive path with extension: SP_E400MMC/Texture/SP_Hanover_Base.dds
[2026-09-22 23:04:55] Game Finding texture with name: SP_Hanover_Orange.png in root: SP_E400MMC/Model/Converted/E400MMC_ADL_10.9m_Voith_LowHeight_obj/Exterior/Hanover/ADL/10.9m
[2026-09-22 23:04:55] Game Found texture at recursive path with extension: SP_E400MMC/Texture/SP_Hanover_Orange.dds
[2026-09-22 23:04:55] Game Loading texture from path: SP_E400MMC/Texture/SP_Hanover_Orange.dds
[2026-09-22 23:04:55] Game Loading texture from path: SP_E400MMC/Texture/SP_Hanover_Base.dds
[2026-09-22 23:04:55] Game Loading OBJ model from path: SP_E400MMC/Model/Converted/E400MMC_ADL_10.9m_Voith_LowHeight_obj/Exterior/Hanover/ADL/10.9m/E4_Hanover_Screen_Rear_FullBottom.obj
[2026-09-22 23:04:55] Game Finding texture with name: SP_Hanover_Base.png in root: SP_E400MMC/Model/Converted/E400MMC_ADL_10.9m_Voith_LowHeight_obj/Exterior/Hanover/ADL/10.9m
[2026-09-22 23:04:55] Game Found texture at recursive path with extension: SP_E400MMC/Texture/SP_Hanover_Base.dds
[2026-09-22 23:04:55] Game Finding texture with name: SP_Hanover_Orange.png in root: SP_E400MMC/Model/Converted/E400MMC_ADL_10.9m_Voith_LowHeight_obj/Exterior/Hanover/ADL/10.9m
[2026-09-22 23:04:55] Game Found texture at recursive path with extension: SP_E400MMC/Texture/SP_Hanover_Orange.dds
[2026-09-22 23:04:55] Game Finding texture with name: Grey.png in root: SP_E400MMC/Model/Converted/E400MMC_ADL_10.9m_Voith_LowHeight_obj/Exterior/Hanover/ADL/10.9m
[2026-09-22 23:04:55] Game Found texture at recursive path with extension: SP_E400MMC/Texture/Grey.bmp
[2026-09-22 23:04:55] Game Finding texture with name: Glass.png in root: SP_E400MMC/Model/Converted/E400MMC_ADL_10.9m_Voith_LowHeight_obj/Exterior/Hanover/ADL/10.9m
[2026-09-22 23:04:55] Game Found texture at recursive path with extension: SP_E400MMC/Texture/Glass.dds
[2026-09-22 23:04:55] Game Loading texture from path: SP_E400MMC/Texture/SP_Hanover_Orange.dds
[2026-09-22 23:04:55] Game Loading texture from path: SP_E400MMC/Texture/SP_Hanover_Base.dds
[2026-09-22 23:04:55] Game Loading texture from path: SP_E400MMC/Texture/Grey.bmp
[2026-09-22 23:04:55] Game Loading OBJ model from path: SP_E400MMC/Model/Converted/E400MMC_ADL_10.9m_Voith_LowHeight_obj/Exterior/Hanover/E4_Hanover_Screen_Nearside_Bottom.obj
[2026-09-22 23:04:55] Game Finding texture with name: SP_Hanover_Base.png in root: SP_E400MMC/Model/Converted/E400MMC_ADL_10.9m_Voith_LowHeight_obj/Exterior/Hanover
[2026-09-22 23:04:55] Game Found texture at recursive path with extension: SP_E400MMC/Texture/SP_Hanover_Base.dds
[2026-09-22 23:04:55] Game Finding texture with name: SP_Hanover_Orange.png in root: SP_E400MMC/Model/Converted/E400MMC_ADL_10.9m_Voith_LowHeight_obj/Exterior/Hanover
[2026-09-22 23:04:55] Game Found texture at recursive path with extension: SP_E400MMC/Texture/SP_Hanover_Orange.dds
[2026-09-22 23:04:55] Game Finding texture with name: Grey.png in root: SP_E400MMC/Model/Converted/E400MMC_ADL_10.9m_Voith_LowHeight_obj/Exterior/Hanover
[2026-09-22 23:04:55] Game Found texture at recursive path with extension: SP_E400MMC/Texture/Grey.bmp
[2026-09-22 23:04:55] Game Finding texture with name: Glass.png in root: SP_E400MMC/Model/Converted/E400MMC_ADL_10.9m_Voith_LowHeight_obj/Exterior/Hanover
[2026-09-22 23:04:55] Game Found texture at recursive path with extension: SP_E400MMC/Texture/Glass.dds
[2026-09-22 23:04:55] Game Finding texture with name: E4_Interior_Decals.png in root: SP_E400MMC/Model/Converted/E400MMC_ADL_10.9m_Voith_LowHeight_obj/Exterior/Hanover
[2026-09-22 23:04:55] Game Found texture at recursive path with extension: SP_E400MMC/Texture/E4_Interior_Decals.dds
[2026-09-22 23:04:55] Game Finding texture with name: Grey.png in root: SP_E400MMC/Model/Converted/E400MMC_ADL_10.9m_Voith_LowHeight_obj/Exterior/Hanover
[2026-09-22 23:04:55] Game Found texture at recursive path with extension: SP_E400MMC/Texture/Grey.bmp
[2026-09-22 23:04:55] Game Loading texture from path: SP_E400MMC/Texture/Grey.bmp
[2026-09-22 23:04:55] Game Loading texture from path: SP_E400MMC/Texture/SP_Hanover_Base.dds
[2026-09-22 23:04:55] Game Loading texture from path: SP_E400MMC/Texture/SP_Hanover_Orange.dds
[2026-09-22 23:04:55] Game Loading OBJ model from path: SP_E400MMC/Model/Converted/E400MMC_ADL_10.9m_Voith_LowHeight_obj/Exterior/Hanover/E4_Hanover_Screen_Nearside_Bottom_Glass.obj
[2026-09-22 23:04:55] Game Loading OBJ model from path: SP_E400MMC/Model/Converted/E400MMC_ADL_10.9m_Voith_LowHeight_obj/Exterior/Hanover/E4_Hanover_Screen_Nearside_Top.obj
[2026-09-22 23:04:55] Game Finding texture with name: SP_Hanover_Base.png in root: SP_E400MMC/Model/Converted/E400MMC_ADL_10.9m_Voith_LowHeight_obj/Exterior/Hanover
[2026-09-22 23:04:55] Game Found texture at recursive path with extension: SP_E400MMC/Texture/SP_Hanover_Base.dds
[2026-09-22 23:04:55] Game Finding texture with name: SP_Hanover_Orange.png in root: SP_E400MMC/Model/Converted/E400MMC_ADL_10.9m_Voith_LowHeight_obj/Exterior/Hanover
[2026-09-22 23:04:55] Game Found texture at recursive path with extension: SP_E400MMC/Texture/SP_Hanover_Orange.dds
[2026-09-22 23:04:55] Game Finding texture with name: Grey.png in root: SP_E400MMC/Model/Converted/E400MMC_ADL_10.9m_Voith_LowHeight_obj/Exterior/Hanover
[2026-09-22 23:04:55] Game Found texture at recursive path with extension: SP_E400MMC/Texture/Grey.bmp
[2026-09-22 23:04:55] Game Finding texture with name: Glass.png in root: SP_E400MMC/Model/Converted/E400MMC_ADL_10.9m_Voith_LowHeight_obj/Exterior/Hanover
[2026-09-22 23:04:55] Game Found texture at recursive path with extension: SP_E400MMC/Texture/Glass.dds
[2026-09-22 23:04:55] Game Finding texture with name: E4_Interior_Decals.png in root: SP_E400MMC/Model/Converted/E400MMC_ADL_10.9m_Voith_LowHeight_obj/Exterior/Hanover
[2026-09-22 23:04:55] Game Found texture at recursive path with extension: SP_E400MMC/Texture/E4_Interior_Decals.dds
[2026-09-22 23:04:55] Game Finding texture with name: Grey.png in root: SP_E400MMC/Model/Converted/E400MMC_ADL_10.9m_Voith_LowHeight_obj/Exterior/Hanover
[2026-09-22 23:04:55] Game Found texture at recursive path with extension: SP_E400MMC/Texture/Grey.bmp
[2026-09-22 23:04:55] Game Loading texture from path: SP_E400MMC/Texture/Grey.bmp
[2026-09-22 23:04:55] Game Loading texture from path: SP_E400MMC/Texture/SP_Hanover_Base.dds
[2026-09-22 23:04:55] Game Loading texture from path: SP_E400MMC/Texture/SP_Hanover_Orange.dds
[2026-09-22 23:04:55] Game Loading OBJ model from path: SP_E400MMC/Model/Converted/E400MMC_ADL_10.9m_Voith_LowHeight_obj/Exterior/Hanover/E4_Hanover_Screen_Nearside_Top_Glass.obj
[2026-09-22 23:04:55] Game Loading OBJ model from path: SP_E400MMC/Model/Converted/E400MMC_ADL_10.9m_Voith_LowHeight_obj/Exterior/Hanover/E4_Hanover_Screen_Nearside_Top.obj
[2026-09-22 23:04:55] Game Finding texture with name: SP_Hanover_Base.png in root: SP_E400MMC/Model/Converted/E400MMC_ADL_10.9m_Voith_LowHeight_obj/Exterior/Hanover
[2026-09-22 23:04:55] Game Found texture at recursive path with extension: SP_E400MMC/Texture/SP_Hanover_Base.dds
[2026-09-22 23:04:55] Game Finding texture with name: SP_Hanover_Orange.png in root: SP_E400MMC/Model/Converted/E400MMC_ADL_10.9m_Voith_LowHeight_obj/Exterior/Hanover
[2026-09-22 23:04:55] Game Found texture at recursive path with extension: SP_E400MMC/Texture/SP_Hanover_Orange.dds
[2026-09-22 23:04:55] Game Finding texture with name: Grey.png in root: SP_E400MMC/Model/Converted/E400MMC_ADL_10.9m_Voith_LowHeight_obj/Exterior/Hanover
[2026-09-22 23:04:55] Game Found texture at recursive path with extension: SP_E400MMC/Texture/Grey.bmp
[2026-09-22 23:04:55] Game Finding texture with name: Glass.png in root: SP_E400MMC/Model/Converted/E400MMC_ADL_10.9m_Voith_LowHeight_obj/Exterior/Hanover
[2026-09-22 23:04:55] Game Found texture at recursive path with extension: SP_E400MMC/Texture/Glass.dds
[2026-09-22 23:04:55] Game Finding texture with name: E4_Interior_Decals.png in root: SP_E400MMC/Model/Converted/E400MMC_ADL_10.9m_Voith_LowHeight_obj/Exterior/Hanover
[2026-09-22 23:04:55] Game Found texture at recursive path with extension: SP_E400MMC/Texture/E4_Interior_Decals.dds
[2026-09-22 23:04:55] Game Finding texture with name: Grey.png in root: SP_E400MMC/Model/Converted/E400MMC_ADL_10.9m_Voith_LowHeight_obj/Exterior/Hanover
[2026-09-22 23:04:55] Game Found texture at recursive path with extension: SP_E400MMC/Texture/Grey.bmp
[2026-09-22 23:04:55] Game Loading texture from path: SP_E400MMC/Texture/Grey.bmp
[2026-09-22 23:04:55] Game Loading texture from path: SP_E400MMC/Texture/SP_Hanover_Base.dds
[2026-09-22 23:04:55] Game Loading texture from path: SP_E400MMC/Texture/SP_Hanover_Orange.dds
[2026-09-22 23:04:55] Game Loading OBJ model from path: SP_E400MMC/Model/Converted/E400MMC_ADL_10.9m_Voith_LowHeight_obj/Exterior/Hanover/ADL/10.9m/E4_Hanover_Screen_Offside.obj
[2026-09-22 23:04:55] Game Finding texture with name: SP_Hanover_Base.png in root: SP_E400MMC/Model/Converted/E400MMC_ADL_10.9m_Voith_LowHeight_obj/Exterior/Hanover/ADL/10.9m
[2026-09-22 23:04:55] Game Found texture at recursive path with extension: SP_E400MMC/Texture/SP_Hanover_Base.dds
[2026-09-22 23:04:55] Game Finding texture with name: SP_Hanover_Orange.png in root: SP_E400MMC/Model/Converted/E400MMC_ADL_10.9m_Voith_LowHeight_obj/Exterior/Hanover/ADL/10.9m
[2026-09-22 23:04:55] Game Found texture at recursive path with extension: SP_E400MMC/Texture/SP_Hanover_Orange.dds
[2026-09-22 23:04:55] Game Finding texture with name: Grey.png in root: SP_E400MMC/Model/Converted/E400MMC_ADL_10.9m_Voith_LowHeight_obj/Exterior/Hanover/ADL/10.9m
[2026-09-22 23:04:55] Game Found texture at recursive path with extension: SP_E400MMC/Texture/Grey.bmp
[2026-09-22 23:04:55] Game Finding texture with name: Glass.png in root: SP_E400MMC/Model/Converted/E400MMC_ADL_10.9m_Voith_LowHeight_obj/Exterior/Hanover/ADL/10.9m
[2026-09-22 23:04:55] Game Found texture at recursive path with extension: SP_E400MMC/Texture/Glass.dds
[2026-09-22 23:04:55] Game Loading texture from path: SP_E400MMC/Texture/SP_Hanover_Base.dds
[2026-09-22 23:04:55] Game Loading texture from path: SP_E400MMC/Texture/SP_Hanover_Orange.dds
[2026-09-22 23:04:55] Game Loading texture from path: SP_E400MMC/Texture/Grey.bmp
[2026-09-22 23:04:55] Game Loading OBJ model from path: SP_E400MMC/Model/Converted/E400MMC_ADL_10.9m_Voith_LowHeight_obj/Exterior/Body/ADL/10.9m/LowHeight/E4_Exterior_Body_RearGlass_FullRearBottom.obj
[2026-09-22 23:04:55] Game Finding texture with name: E4_Body_10.9_LowHeight.png in root: SP_E400MMC/Model/Converted/E400MMC_ADL_10.9m_Voith_LowHeight_obj/Exterior/Body/ADL/10.9m/LowHeight
[2026-09-22 23:04:55] Game Found texture at recursive path with extension: SP_E400MMC/Texture/E4_Body_10.9_LowHeight.dds
[2026-09-22 23:04:55] Game Finding texture with name: Glass.png in root: SP_E400MMC/Model/Converted/E400MMC_ADL_10.9m_Voith_LowHeight_obj/Exterior/Body/ADL/10.9m/LowHeight
[2026-09-22 23:04:55] Game Found texture at recursive path with extension: SP_E400MMC/Texture/Glass.dds
[2026-09-22 23:04:55] Game Finding texture with name: E4_Body_ExteriorDetail.png in root: SP_E400MMC/Model/Converted/E400MMC_ADL_10.9m_Voith_LowHeight_obj/Exterior/Body/ADL/10.9m/LowHeight
[2026-09-22 23:04:55] Game Found texture at recursive path with extension: SP_E400MMC/Texture/E4_Body_ExteriorDetail.dds
[2026-09-22 23:04:55] Game Loading texture from path: SP_E400MMC/Texture/E4_Body_10.9_LowHeight.dds
[2026-09-22 23:04:55] Game Loading OBJ model from path: SP_E400MMC/Model/Converted/E400MMC_ADL_10.9m_Voith_LowHeight_obj/Exterior/Body/ADL/10.9m/LowHeight/E4_Exterior_Body_RearGlass_FullRearTop.obj
[2026-09-22 23:04:55] Game Finding texture with name: E4_Body_10.9_LowHeight.png in root: SP_E400MMC/Model/Converted/E400MMC_ADL_10.9m_Voith_LowHeight_obj/Exterior/Body/ADL/10.9m/LowHeight
[2026-09-22 23:04:55] Game Found texture at recursive path with extension: SP_E400MMC/Texture/E4_Body_10.9_LowHeight.dds
[2026-09-22 23:04:55] Game Finding texture with name: Glass.png in root: SP_E400MMC/Model/Converted/E400MMC_ADL_10.9m_Voith_LowHeight_obj/Exterior/Body/ADL/10.9m/LowHeight
[2026-09-22 23:04:55] Game Found texture at recursive path with extension: SP_E400MMC/Texture/Glass.dds
[2026-09-22 23:04:55] Game Finding texture with name: E4_Body_ExteriorDetail.png in root: SP_E400MMC/Model/Converted/E400MMC_ADL_10.9m_Voith_LowHeight_obj/Exterior/Body/ADL/10.9m/LowHeight
[2026-09-22 23:04:55] Game Found texture at recursive path with extension: SP_E400MMC/Texture/E4_Body_ExteriorDetail.dds
[2026-09-22 23:04:55] Game Loading texture from path: SP_E400MMC/Texture/E4_Body_10.9_LowHeight.dds
[2026-09-22 23:04:55] Game Loading OBJ model from path: SP_E400MMC/Model/Converted/E400MMC_ADL_10.9m_Voith_LowHeight_obj/Exterior/Body/ADL/10.9m/LowHeight/E4_Exterior_Body_RearGlass_FullRearTopFans.obj
[2026-09-22 23:04:55] Game Finding texture with name: E4_Body_10.9_LowHeight.png in root: SP_E400MMC/Model/Converted/E400MMC_ADL_10.9m_Voith_LowHeight_obj/Exterior/Body/ADL/10.9m/LowHeight
[2026-09-22 23:04:55] Game Found texture at recursive path with extension: SP_E400MMC/Texture/E4_Body_10.9_LowHeight.dds
[2026-09-22 23:04:55] Game Finding texture with name: Glass.png in root: SP_E400MMC/Model/Converted/E400MMC_ADL_10.9m_Voith_LowHeight_obj/Exterior/Body/ADL/10.9m/LowHeight
[2026-09-22 23:04:55] Game Found texture at recursive path with extension: SP_E400MMC/Texture/Glass.dds
[2026-09-22 23:04:55] Game Finding texture with name: E4_Body_ExteriorDetail.png in root: SP_E400MMC/Model/Converted/E400MMC_ADL_10.9m_Voith_LowHeight_obj/Exterior/Body/ADL/10.9m/LowHeight
[2026-09-22 23:04:55] Game Found texture at recursive path with extension: SP_E400MMC/Texture/E4_Body_ExteriorDetail.dds
[2026-09-22 23:04:55] Game Loading texture from path: SP_E400MMC/Texture/E4_Body_10.9_LowHeight.dds
[2026-09-22 23:04:55] Game Loading OBJ model from path: SP_E400MMC/Model/Converted/E400MMC_ADL_10.9m_Voith_LowHeight_obj/Exterior/Body/ADL/10.9m/LowHeight/E4_Exterior_Body_RearGlass_SmallDesti.obj
[2026-09-22 23:04:55] Game Finding texture with name: E4_Body_10.9_LowHeight.png in root: SP_E400MMC/Model/Converted/E400MMC_ADL_10.9m_Voith_LowHeight_obj/Exterior/Body/ADL/10.9m/LowHeight
[2026-09-22 23:04:55] Game Found texture at recursive path with extension: SP_E400MMC/Texture/E4_Body_10.9_LowHeight.dds
[2026-09-22 23:04:55] Game Finding texture with name: Glass.png in root: SP_E400MMC/Model/Converted/E400MMC_ADL_10.9m_Voith_LowHeight_obj/Exterior/Body/ADL/10.9m/LowHeight
[2026-09-22 23:04:55] Game Found texture at recursive path with extension: SP_E400MMC/Texture/Glass.dds
[2026-09-22 23:04:55] Game Finding texture with name: E4_Body_ExteriorDetail.png in root: SP_E400MMC/Model/Converted/E400MMC_ADL_10.9m_Voith_LowHeight_obj/Exterior/Body/ADL/10.9m/LowHeight
[2026-09-22 23:04:55] Game Found texture at recursive path with extension: SP_E400MMC/Texture/E4_Body_ExteriorDetail.dds
[2026-09-22 23:04:55] Game Loading texture from path: SP_E400MMC/Texture/E4_Body_10.9_LowHeight.dds
[2026-09-22 23:04:55] Game Loading OBJ model from path: SP_E400MMC/Model/Converted/E400MMC_ADL_10.9m_Voith_LowHeight_obj/Exterior/Hanover/ADL/10.9m/LowHeight/E4_Hanover_Box_FullRear.obj
[2026-09-22 23:04:55] Game Finding texture with name: E4_Body_10.9_LowHeight.png in root: SP_E400MMC/Model/Converted/E400MMC_ADL_10.9m_Voith_LowHeight_obj/Exterior/Hanover/ADL/10.9m/LowHeight
[2026-09-22 23:04:55] Game Found texture at recursive path with extension: SP_E400MMC/Texture/E4_Body_10.9_LowHeight.dds
[2026-09-22 23:04:55] Game Loading texture from path: SP_E400MMC/Texture/E4_Body_10.9_LowHeight.dds
[2026-09-22 23:04:55] Game Loading OBJ model from path: SP_E400MMC/Model/Converted/E400MMC_ADL_10.9m_Voith_LowHeight_obj/Interior/Cab/E4_Cab_MirrorScreens.obj
[2026-09-22 23:04:55] Game Finding texture with name: E4_Cab_MirrorScreens.png in root: SP_E400MMC/Model/Converted/E400MMC_ADL_10.9m_Voith_LowHeight_obj/Interior/Cab
[2026-09-22 23:04:55] Game Found texture at recursive path with extension: SP_E400MMC/Texture/E4_Cab_MirrorScreens.dds
[2026-09-22 23:04:55] Game Loading texture from path: SP_E400MMC/Texture/E4_Cab_MirrorScreens.dds
[2026-09-22 23:04:55] Game Reading image from path: SP_E400MMC\Texture\E4_Cab_MirrorScreens.dds
[2026-09-22 23:04:55] Game Loading OBJ model from path: SP_E400MMC/Model/Converted/E400MMC_ADL_10.9m_Voith_LowHeight_obj/Interior/Cab/E4_Cab_MirrorScreens_Off.obj
[2026-09-22 23:04:55] Game Finding texture with name: Grey.png in root: SP_E400MMC/Model/Converted/E400MMC_ADL_10.9m_Voith_LowHeight_obj/Interior/Cab
[2026-09-22 23:04:55] Game Found texture at recursive path with extension: SP_E400MMC/Texture/Grey.bmp
[2026-09-22 23:04:55] Game Loading texture from path: SP_E400MMC/Texture/Grey.bmp
[2026-09-22 23:04:55] Game Loading OBJ model from path: SP_E400MMC/Model/Converted/E400MMC_ADL_10.9m_Voith_LowHeight_obj/Reflexion/E4_Cab_MirrorScreens_Reflexion.obj
[2026-09-22 23:04:55] Game Finding texture with name: E4_Cab_MirrorScreens.png in root: SP_E400MMC/Model/Converted/E400MMC_ADL_10.9m_Voith_LowHeight_obj/Reflexion
[2026-09-22 23:04:55] Game Found texture at recursive path with extension: SP_E400MMC/Texture/E4_Cab_MirrorScreens.dds
[2026-09-22 23:04:55] Game Finding texture with name: reflexion1.png in root: SP_E400MMC/Model/Converted/E400MMC_ADL_10.9m_Voith_LowHeight_obj/Reflexion
[2026-09-22 23:04:55] Game Found texture at recursive path with extension: SP_E400MMC/Texture/reflexion1.bmp
[2026-09-22 23:04:55] Game Finding texture with name: reflexion0.png in root: SP_E400MMC/Model/Converted/E400MMC_ADL_10.9m_Voith_LowHeight_obj/Reflexion
[2026-09-22 23:04:55] Game Found texture at recursive path with extension: SP_E400MMC/Texture/reflexion0.bmp
[2026-09-22 23:04:55] Game Loading texture from path: SP_E400MMC/Texture/reflexion0.bmp
[2026-09-22 23:04:55] Game Loading texture from path: SP_E400MMC/Texture/reflexion1.bmp
[2026-09-22 23:04:55] Game Loading OBJ model from path: SP_E400MMC/Model/Converted/E400MMC_ADL_10.9m_Voith_LowHeight_obj/Interior/Cab/E4_Cab_CashTray.obj
[2026-09-22 23:04:55] Game Finding texture with name: E4_Cab_Misc.png in root: SP_E400MMC/Model/Converted/E400MMC_ADL_10.9m_Voith_LowHeight_obj/Interior/Cab
[2026-09-22 23:04:55] Game Found texture at recursive path with extension: SP_E400MMC/Texture/E4_Cab_Misc.dds
[2026-09-22 23:04:55] Game Loading texture from path: SP_E400MMC/Texture/E4_Cab_Misc.dds
[2026-09-22 23:04:55] Game Loading OBJ model from path: SP_E400MMC/Model/Converted/E400MMC_ADL_10.9m_Voith_LowHeight_obj/Interior/Cab/E4_Cab_CCTV_Screen.obj
[2026-09-22 23:04:55] Game Finding texture with name: reflexion3.png in root: SP_E400MMC/Model/Converted/E400MMC_ADL_10.9m_Voith_LowHeight_obj/Interior/Cab
[2026-09-22 23:04:55] Game Found texture at recursive path with extension: SP_E400MMC/Texture/reflexion3.bmp
[2026-09-22 23:04:55] Game Finding texture with name: reflexion4.png in root: SP_E400MMC/Model/Converted/E400MMC_ADL_10.9m_Voith_LowHeight_obj/Interior/Cab
[2026-09-22 23:04:55] Game Found texture at recursive path with extension: SP_E400MMC/Texture/reflexion4.bmp
[2026-09-22 23:04:55] Game Finding texture with name: E4_CCTV_Backing.png in root: SP_E400MMC/Model/Converted/E400MMC_ADL_10.9m_Voith_LowHeight_obj/Interior/Cab
[2026-09-22 23:04:55] Game Found texture at recursive path with extension: SP_E400MMC/Texture/E4_CCTV_Backing.dds
[2026-09-22 23:04:55] Game Finding texture with name: reg.png in root: SP_E400MMC/Model/Converted/E400MMC_ADL_10.9m_Voith_LowHeight_obj/Interior/Cab
[2026-09-22 23:04:55] Game Found texture at recursive path with extension: SP_E400MMC/Texture/reg.dds
[2026-09-22 23:04:55] Game Finding texture with name: reg.png in root: SP_E400MMC/Model/Converted/E400MMC_ADL_10.9m_Voith_LowHeight_obj/Interior/Cab
[2026-09-22 23:04:55] Game Found texture at recursive path with extension: SP_E400MMC/Texture/reg.dds
[2026-09-22 23:04:55] Game Finding texture with name: reg.png in root: SP_E400MMC/Model/Converted/E400MMC_ADL_10.9m_Voith_LowHeight_obj/Interior/Cab
[2026-09-22 23:04:55] Game Found texture at recursive path with extension: SP_E400MMC/Texture/reg.dds
[2026-09-22 23:04:55] Game Loading texture from path: SP_E400MMC/Texture/reflexion4.bmp
[2026-09-22 23:04:55] Game Reading image from path: SP_E400MMC\Texture\reflexion4.bmp
[2026-09-22 23:04:55] Game Loading texture from path: SP_E400MMC/Texture/reflexion3.bmp
[2026-09-22 23:04:55] Game Reading image from path: SP_E400MMC\Texture\reflexion3.bmp
[2026-09-22 23:04:55] Game Loading texture from path: SP_E400MMC/Texture/E4_CCTV_Backing.dds
[2026-09-22 23:04:55] Game Reading image from path: SP_E400MMC\Texture\E4_CCTV_Backing.dds
[2026-09-22 23:04:55] Game Loading OBJ model from path: SP_E400MMC/Model/Converted/E400MMC_ADL_10.9m_Voith_LowHeight_obj/Interior/Cab/E4_Cab_CCTV_Screen_Reverse.obj
[2026-09-22 23:04:55] Game Finding texture with name: reflexion3.png in root: SP_E400MMC/Model/Converted/E400MMC_ADL_10.9m_Voith_LowHeight_obj/Interior/Cab
[2026-09-22 23:04:55] Game Found texture at recursive path with extension: SP_E400MMC/Texture/reflexion3.bmp
[2026-09-22 23:04:55] Game Finding texture with name: reflexion6.png in root: SP_E400MMC/Model/Converted/E400MMC_ADL_10.9m_Voith_LowHeight_obj/Interior/Cab
[2026-09-22 23:04:55] Game Found texture at recursive path with extension: SP_E400MMC/Texture/reflexion6.bmp
[2026-09-22 23:04:55] Game Finding texture with name: E4_CCTV_Backing.png in root: SP_E400MMC/Model/Converted/E400MMC_ADL_10.9m_Voith_LowHeight_obj/Interior/Cab
[2026-09-22 23:04:55] Game Found texture at recursive path with extension: SP_E400MMC/Texture/E4_CCTV_Backing.dds
[2026-09-22 23:04:55] Game Finding texture with name: reg.png in root: SP_E400MMC/Model/Converted/E400MMC_ADL_10.9m_Voith_LowHeight_obj/Interior/Cab
[2026-09-22 23:04:55] Game Found texture at recursive path with extension: SP_E400MMC/Texture/reg.dds
[2026-09-22 23:04:55] Game Finding texture with name: reg.png in root: SP_E400MMC/Model/Converted/E400MMC_ADL_10.9m_Voith_LowHeight_obj/Interior/Cab
[2026-09-22 23:04:55] Game Found texture at recursive path with extension: SP_E400MMC/Texture/reg.dds
[2026-09-22 23:04:55] Game Finding texture with name: reg.png in root: SP_E400MMC/Model/Converted/E400MMC_ADL_10.9m_Voith_LowHeight_obj/Interior/Cab
[2026-09-22 23:04:55] Game Found texture at recursive path with extension: SP_E400MMC/Texture/reg.dds
[2026-09-22 23:04:55] Game Loading texture from path: SP_E400MMC/Texture/reflexion3.bmp
[2026-09-22 23:04:55] Game Loading texture from path: SP_E400MMC/Texture/reflexion6.bmp
[2026-09-22 23:04:55] Game Reading image from path: SP_E400MMC\Texture\reflexion6.bmp
[2026-09-22 23:04:55] Game Loading texture from path: SP_E400MMC/Texture/E4_CCTV_Backing.dds
[2026-09-22 23:04:55] Game Loading OBJ model from path: SP_E400MMC/Model/Converted/E400MMC_ADL_10.9m_Voith_LowHeight_obj/Interior/Cab/E4_Cab_CCTV_Screen_Interlaced.obj
[2026-09-22 23:04:55] Game Finding texture with name: E4_CCTV_Interlaced.png in root: SP_E400MMC/Model/Converted/E400MMC_ADL_10.9m_Voith_LowHeight_obj/Interior/Cab
[2026-09-22 23:04:55] Game Found texture at recursive path with extension: SP_E400MMC/Texture/E4_CCTV_Interlaced.dds
[2026-09-22 23:04:55] Game Loading texture from path: SP_E400MMC/Texture/E4_CCTV_Interlaced.dds
[2026-09-22 23:04:55] Game Reading image from path: SP_E400MMC\Texture\E4_CCTV_Interlaced.dds
[2026-09-22 23:04:55] Game Loading OBJ model from path: SP_E400MMC/Model/Converted/E400MMC_ADL_10.9m_Voith_LowHeight_obj/Interior/Cab/E4_Cab_DriversBlind.obj
[2026-09-22 23:04:55] Game Finding texture with name: E4_Cab_DriversBlind.png in root: SP_E400MMC/Model/Converted/E400MMC_ADL_10.9m_Voith_LowHeight_obj/Interior/Cab
[2026-09-22 23:04:55] Game Found texture at recursive path with extension: SP_E400MMC/Texture/E4_Cab_DriversBlind.dds
[2026-09-22 23:04:55] Game Loading texture from path: SP_E400MMC/Texture/E4_Cab_DriversBlind.dds
[2026-09-22 23:04:55] Game Reading image from path: SP_E400MMC\Texture\E4_Cab_DriversBlind.dds
[2026-09-22 23:04:55] Game Loading OBJ model from path: SP_E400MMC/Model/Converted/E400MMC_ADL_10.9m_Voith_LowHeight_obj/Interior/Cab/E4_Cab_DriversBlind_Pull.obj
[2026-09-22 23:04:55] Game Finding texture with name: E4_Cab_DriversBlind.png in root: SP_E400MMC/Model/Converted/E400MMC_ADL_10.9m_Voith_LowHeight_obj/Interior/Cab
[2026-09-22 23:04:55] Game Found texture at recursive path with extension: SP_E400MMC/Texture/E4_Cab_DriversBlind.dds
[2026-09-22 23:04:55] Game Loading texture from path: SP_E400MMC/Texture/E4_Cab_DriversBlind.dds
[2026-09-22 23:04:55] Game Loading OBJ model from path: SP_E400MMC/Model/Converted/E400MMC_ADL_10.9m_Voith_LowHeight_obj/Interior/Cab/E4_Cab_DriversFan_Gimble.obj
[2026-09-22 23:04:55] Game Finding texture with name: E4_Cab_Misc.png in root: SP_E400MMC/Model/Converted/E400MMC_ADL_10.9m_Voith_LowHeight_obj/Interior/Cab
[2026-09-22 23:04:55] Game Found texture at recursive path with extension: SP_E400MMC/Texture/E4_Cab_Misc.dds
[2026-09-22 23:04:55] Game Loading texture from path: SP_E400MMC/Texture/E4_Cab_Misc.dds
[2026-09-22 23:04:55] Game Loading OBJ model from path: SP_E400MMC/Model/Converted/E400MMC_ADL_10.9m_Voith_LowHeight_obj/Interior/Cab/E4_Cab_DriversFan.obj
[2026-09-22 23:04:55] Game Finding texture with name: E4_Cab_Misc.png in root: SP_E400MMC/Model/Converted/E400MMC_ADL_10.9m_Voith_LowHeight_obj/Interior/Cab
[2026-09-22 23:04:55] Game Found texture at recursive path with extension: SP_E400MMC/Texture/E4_Cab_Misc.dds
[2026-09-22 23:04:55] Game Loading texture from path: SP_E400MMC/Texture/E4_Cab_Misc.dds
[2026-09-22 23:04:55] Game Loading OBJ model from path: SP_E400MMC/Model/Converted/E400MMC_ADL_10.9m_Voith_LowHeight_obj/Interior/Cab/E4_Cab_DriversFan_Speed.obj
[2026-09-22 23:04:55] Game Finding texture with name: E4_Cab_Misc.png in root: SP_E400MMC/Model/Converted/E400MMC_ADL_10.9m_Voith_LowHeight_obj/Interior/Cab
[2026-09-22 23:04:55] Game Found texture at recursive path with extension: SP_E400MMC/Texture/E4_Cab_Misc.dds
[2026-09-22 23:04:55] Game Loading texture from path: SP_E400MMC/Texture/E4_Cab_Misc.dds
[2026-09-22 23:04:55] Game Loading OBJ model from path: SP_E400MMC/Model/Converted/E400MMC_ADL_10.9m_Voith_LowHeight_obj/Interior/Cab/E4_Cab_DriversFanRot.obj
[2026-09-22 23:04:55] Game Finding texture with name: E4_Cab_Misc.png in root: SP_E400MMC/Model/Converted/E400MMC_ADL_10.9m_Voith_LowHeight_obj/Interior/Cab
[2026-09-22 23:04:55] Game Found texture at recursive path with extension: SP_E400MMC/Texture/E4_Cab_Misc.dds
[2026-09-22 23:04:55] Game Loading texture from path: SP_E400MMC/Texture/E4_Cab_Misc.dds
[2026-09-22 23:04:55] Game Loading OBJ model from path: SP_E400MMC/Model/Converted/E400MMC_ADL_10.9m_Voith_LowHeight_obj/Interior/Cab/E4_Cab_Chapman_Mech.obj
[2026-09-22 23:04:55] Game Finding texture with name: E4_Cab_DriversSeat.png in root: SP_E400MMC/Model/Converted/E400MMC_ADL_10.9m_Voith_LowHeight_obj/Interior/Cab
[2026-09-22 23:04:55] Game Found texture at recursive path: SP_E400MMC/Texture/_!Templates/E4_Cab_DriversSeat.png
[2026-09-22 23:04:55] Game Loading texture from path: SP_E400MMC/Texture/_!Templates/E4_Cab_DriversSeat.png
[2026-09-22 23:04:55] Game Reading image from path: SP_E400MMC\Texture\_!Templates\E4_Cab_DriversSeat.png
[2026-09-22 23:04:55] Game Loading OBJ model from path: SP_E400MMC/Model/Converted/E400MMC_ADL_10.9m_Voith_LowHeight_obj/Interior/Cab/E4_Cab_Chapman_Seat.obj
[2026-09-22 23:04:55] Game Finding texture with name: E4_Cab_DriversSeat.png in root: SP_E400MMC/Model/Converted/E400MMC_ADL_10.9m_Voith_LowHeight_obj/Interior/Cab
[2026-09-22 23:04:55] Game Found texture at recursive path: SP_E400MMC/Texture/_!Templates/E4_Cab_DriversSeat.png
[2026-09-22 23:04:55] Game Loading texture from path: SP_E400MMC/Texture/_!Templates/E4_Cab_DriversSeat.png
[2026-09-22 23:04:55] Game Loading OBJ model from path: SP_E400MMC/Model/Converted/E400MMC_ADL_10.9m_Voith_LowHeight_obj/Interior/Cab/ADL/E4_Cab_Cubby_Door.obj
[2026-09-22 23:04:55] Game Finding texture with name: E4_Cab_Mouldings.png in root: SP_E400MMC/Model/Converted/E400MMC_ADL_10.9m_Voith_LowHeight_obj/Interior/Cab/ADL
[2026-09-22 23:04:55] Game Found texture at recursive path: SP_E400MMC/Texture/_!Templates/ADL/E4_Cab_Mouldings.png
[2026-09-22 23:04:55] Game Finding texture with name: E4_Interior_Clips.png in root: SP_E400MMC/Model/Converted/E400MMC_ADL_10.9m_Voith_LowHeight_obj/Interior/Cab/ADL
[2026-09-22 23:04:55] Game Found texture at recursive path: SP_E400MMC/Texture/_!Templates/E4_Interior_Clips.png
[2026-09-22 23:04:55] Game Loading texture from path: SP_E400MMC/Texture/_!Templates/ADL/E4_Cab_Mouldings.png
[2026-09-22 23:04:55] Game Reading image from path: SP_E400MMC\Texture\_!Templates\ADL\E4_Cab_Mouldings.png
[2026-09-22 23:04:55] Game Loading texture from path: SP_E400MMC/Texture/_!Templates/E4_Interior_Clips.png
[2026-09-22 23:04:55] Game Reading image from path: SP_E400MMC\Texture\_!Templates\E4_Interior_Clips.png
[2026-09-22 23:04:55] Game Loading OBJ model from path: SP_E400MMC/Model/Converted/E400MMC_ADL_10.9m_Voith_LowHeight_obj/Interior/Cab/E4_Cab_Cubby_Door_Clip1_Button.obj
[2026-09-22 23:04:55] Game Finding texture with name: E4_Cab_Mouldings.png in root: SP_E400MMC/Model/Converted/E400MMC_ADL_10.9m_Voith_LowHeight_obj/Interior/Cab
[2026-09-22 23:04:55] Game Found texture at recursive path: SP_E400MMC/Texture/_!Templates/ADL/E4_Cab_Mouldings.png
[2026-09-22 23:04:55] Game Finding texture with name: E4_Interior_Clips.png in root: SP_E400MMC/Model/Converted/E400MMC_ADL_10.9m_Voith_LowHeight_obj/Interior/Cab
[2026-09-22 23:04:55] Game Found texture at recursive path: SP_E400MMC/Texture/_!Templates/E4_Interior_Clips.png
[2026-09-22 23:04:55] Game Loading texture from path: SP_E400MMC/Texture/_!Templates/E4_Interior_Clips.png
[2026-09-22 23:04:55] Game Loading OBJ model from path: SP_E400MMC/Model/Converted/E400MMC_ADL_10.9m_Voith_LowHeight_obj/Interior/Cab/E4_Cab_Cubby_Door_Clip1_Flap.obj
[2026-09-22 23:04:55] Game Finding texture with name: E4_Cab_Mouldings.png in root: SP_E400MMC/Model/Converted/E400MMC_ADL_10.9m_Voith_LowHeight_obj/Interior/Cab
[2026-09-22 23:04:55] Game Found texture at recursive path: SP_E400MMC/Texture/_!Templates/ADL/E4_Cab_Mouldings.png
[2026-09-22 23:04:55] Game Finding texture with name: E4_Interior_Clips.png in root: SP_E400MMC/Model/Converted/E400MMC_ADL_10.9m_Voith_LowHeight_obj/Interior/Cab
[2026-09-22 23:04:55] Game Found texture at recursive path: SP_E400MMC/Texture/_!Templates/E4_Interior_Clips.png
[2026-09-22 23:04:55] Game Loading texture from path: SP_E400MMC/Texture/_!Templates/E4_Interior_Clips.png
[2026-09-22 23:04:55] Game Loading OBJ model from path: SP_E400MMC/Model/Converted/E400MMC_ADL_10.9m_Voith_LowHeight_obj/Interior/Cab/E4_Cab_Cubby_Door_Clip2_Button.obj
[2026-09-22 23:04:55] Game Finding texture with name: E4_Cab_Mouldings.png in root: SP_E400MMC/Model/Converted/E400MMC_ADL_10.9m_Voith_LowHeight_obj/Interior/Cab
[2026-09-22 23:04:55] Game Found texture at recursive path: SP_E400MMC/Texture/_!Templates/ADL/E4_Cab_Mouldings.png
[2026-09-22 23:04:55] Game Finding texture with name: E4_Interior_Clips.png in root: SP_E400MMC/Model/Converted/E400MMC_ADL_10.9m_Voith_LowHeight_obj/Interior/Cab
[2026-09-22 23:04:55] Game Found texture at recursive path: SP_E400MMC/Texture/_!Templates/E4_Interior_Clips.png
[2026-09-22 23:04:55] Game Loading texture from path: SP_E400MMC/Texture/_!Templates/E4_Interior_Clips.png
[2026-09-22 23:04:55] Game Loading OBJ model from path: SP_E400MMC/Model/Converted/E400MMC_ADL_10.9m_Voith_LowHeight_obj/Interior/Cab/E4_Cab_Cubby_Door_Clip2_Flap.obj
[2026-09-22 23:04:55] Game Finding texture with name: E4_Cab_Mouldings.png in root: SP_E400MMC/Model/Converted/E400MMC_ADL_10.9m_Voith_LowHeight_obj/Interior/Cab
[2026-09-22 23:04:55] Game Found texture at recursive path: SP_E400MMC/Texture/_!Templates/ADL/E4_Cab_Mouldings.png
[2026-09-22 23:04:55] Game Finding texture with name: E4_Interior_Clips.png in root: SP_E400MMC/Model/Converted/E400MMC_ADL_10.9m_Voith_LowHeight_obj/Interior/Cab
[2026-09-22 23:04:55] Game Found texture at recursive path: SP_E400MMC/Texture/_!Templates/E4_Interior_Clips.png
[2026-09-22 23:04:55] Game Loading texture from path: SP_E400MMC/Texture/_!Templates/E4_Interior_Clips.png
[2026-09-22 23:04:55] Game Loading OBJ model from path: SP_E400MMC/Model/Converted/E400MMC_ADL_10.9m_Voith_LowHeight_obj/Interior/Cab/ADL/E4_Cab_DashButtonAdjust.obj
[2026-09-22 23:04:55] Game Finding texture with name: E4_Cab_Misc.png in root: SP_E400MMC/Model/Converted/E400MMC_ADL_10.9m_Voith_LowHeight_obj/Interior/Cab/ADL
[2026-09-22 23:04:55] Game Found texture at recursive path with extension: SP_E400MMC/Texture/E4_Cab_Misc.dds
[2026-09-22 23:04:55] Game Loading texture from path: SP_E400MMC/Texture/E4_Cab_Misc.dds
[2026-09-22 23:04:55] Game Loading OBJ model from path: SP_E400MMC/Model/Converted/E400MMC_ADL_10.9m_Voith_LowHeight_obj/Interior/Cab/ADL/E4_Cab_DashButtonAdjust_Button.obj
[2026-09-22 23:04:55] Game Finding texture with name: E4_Cab_Misc.png in root: SP_E400MMC/Model/Converted/E400MMC_ADL_10.9m_Voith_LowHeight_obj/Interior/Cab/ADL
[2026-09-22 23:04:55] Game Found texture at recursive path with extension: SP_E400MMC/Texture/E4_Cab_Misc.dds
[2026-09-22 23:04:55] Game Loading texture from path: SP_E400MMC/Texture/E4_Cab_Misc.dds
[2026-09-22 23:04:55] Game Loading OBJ model from path: SP_E400MMC/Model/Converted/E400MMC_ADL_10.9m_Voith_LowHeight_obj/Interior/Cab/E4_Cab_Door.obj
[2026-09-22 23:04:55] Game Finding texture with name: E4_Cab_Door.png in root: SP_E400MMC/Model/Converted/E400MMC_ADL_10.9m_Voith_LowHeight_obj/Interior/Cab
[2026-09-22 23:04:55] Game Found texture at recursive path: SP_E400MMC/Texture/_!Templates/E4_Cab_Door.png
[2026-09-22 23:04:55] Game Loading texture from path: SP_E400MMC/Texture/_!Templates/E4_Cab_Door.png
[2026-09-22 23:04:55] Game Reading image from path: SP_E400MMC\Texture\_!Templates\E4_Cab_Door.png
[2026-09-22 23:04:55] Game Loading OBJ model from path: SP_E400MMC/Model/Converted/E400MMC_ADL_10.9m_Voith_LowHeight_obj/Interior/Cab/E4_Cab_Door_Holder_Bottom.obj
[2026-09-22 23:04:55] Game Finding texture with name: E4_Cab_Door.png in root: SP_E400MMC/Model/Converted/E400MMC_ADL_10.9m_Voith_LowHeight_obj/Interior/Cab
[2026-09-22 23:04:55] Game Found texture at recursive path: SP_E400MMC/Texture/_!Templates/E4_Cab_Door.png
[2026-09-22 23:04:55] Game Loading texture from path: SP_E400MMC/Texture/_!Templates/E4_Cab_Door.png
[2026-09-22 23:04:55] Game Loading OBJ model from path: SP_E400MMC/Model/Converted/E400MMC_ADL_10.9m_Voith_LowHeight_obj/Interior/Cab/E4_Cab_Door_Holder_Top.obj
[2026-09-22 23:04:55] Game Finding texture with name: E4_Cab_Door.png in root: SP_E400MMC/Model/Converted/E400MMC_ADL_10.9m_Voith_LowHeight_obj/Interior/Cab
[2026-09-22 23:04:55] Game Found texture at recursive path: SP_E400MMC/Texture/_!Templates/E4_Cab_Door.png
[2026-09-22 23:04:55] Game Loading texture from path: SP_E400MMC/Texture/_!Templates/E4_Cab_Door.png
[2026-09-22 23:04:55] Game Loading OBJ model from path: SP_E400MMC/Model/Converted/E400MMC_ADL_10.9m_Voith_LowHeight_obj/Interior/Cab/E4_Cab_Door_Cup.obj
[2026-09-22 23:04:55] Game Finding texture with name: E4_Cab_Door.png in root: SP_E400MMC/Model/Converted/E400MMC_ADL_10.9m_Voith_LowHeight_obj/Interior/Cab
[2026-09-22 23:04:55] Game Found texture at recursive path: SP_E400MMC/Texture/_!Templates/E4_Cab_Door.png
[2026-09-22 23:04:55] Game Loading texture from path: SP_E400MMC/Texture/_!Templates/E4_Cab_Door.png
[2026-09-22 23:04:55] Game Loading OBJ model from path: SP_E400MMC/Model/Converted/E400MMC_ADL_10.9m_Voith_LowHeight_obj/Interior/Cab/E4_Cab_Door_Cup_Stored.obj
[2026-09-22 23:04:55] Game Finding texture with name: E4_Cab_Door.png in root: SP_E400MMC/Model/Converted/E400MMC_ADL_10.9m_Voith_LowHeight_obj/Interior/Cab
[2026-09-22 23:04:55] Game Found texture at recursive path: SP_E400MMC/Texture/_!Templates/E4_Cab_Door.png
[2026-09-22 23:04:55] Game Loading texture from path: SP_E400MMC/Texture/_!Templates/E4_Cab_Door.png
[2026-09-22 23:04:55] Game Loading OBJ model from path: SP_E400MMC/Model/Converted/E400MMC_ADL_10.9m_Voith_LowHeight_obj/Interior/Cab/E4_Cab_AssaultShield.obj
[2026-09-22 23:04:55] Game Finding texture with name: E4_Cab_AssaultShield.png in root: SP_E400MMC/Model/Converted/E400MMC_ADL_10.9m_Voith_LowHeight_obj/Interior/Cab
[2026-09-22 23:04:55] Game Found texture at recursive path: SP_E400MMC/Texture/_!Templates/E4_Cab_AssaultShield.png
[2026-09-22 23:04:55] Game Loading texture from path: SP_E400MMC/Texture/_!Templates/E4_Cab_AssaultShield.png
[2026-09-22 23:04:55] Game Reading image from path: SP_E400MMC\Texture\_!Templates\E4_Cab_AssaultShield.png
[2026-09-22 23:04:55] Game Loading OBJ model from path: SP_E400MMC/Model/Converted/E400MMC_ADL_10.9m_Voith_LowHeight_obj/Interior/Cab/E4_Cab_AssaultShield.obj
[2026-09-22 23:04:55] Game Finding texture with name: E4_Cab_AssaultShield.png in root: SP_E400MMC/Model/Converted/E400MMC_ADL_10.9m_Voith_LowHeight_obj/Interior/Cab
[2026-09-22 23:04:55] Game Found texture at recursive path: SP_E400MMC/Texture/_!Templates/E4_Cab_AssaultShield.png
[2026-09-22 23:04:55] Game Loading texture from path: SP_E400MMC/Texture/_!Templates/E4_Cab_AssaultShield.png
[2026-09-22 23:04:55] Game Loading OBJ model from path: SP_E400MMC/Model/Converted/E400MMC_ADL_10.9m_Voith_LowHeight_obj/Interior/Cab/E4_Cab_Door_assaultshield_Fixed.obj
[2026-09-22 23:04:55] Game Finding texture with name: E4_Cab_AssaultShield.png in root: SP_E400MMC/Model/Converted/E400MMC_ADL_10.9m_Voith_LowHeight_obj/Interior/Cab
[2026-09-22 23:04:55] Game Found texture at recursive path: SP_E400MMC/Texture/_!Templates/E4_Cab_AssaultShield.png
[2026-09-22 23:04:55] Game Loading texture from path: SP_E400MMC/Texture/_!Templates/E4_Cab_AssaultShield.png
[2026-09-22 23:04:55] Game Loading OBJ model from path: SP_E400MMC/Model/Converted/E400MMC_ADL_10.9m_Voith_LowHeight_obj/Interior/Cab/E4_Cab_Door_assaultshield_Openable_Frame.obj
[2026-09-22 23:04:55] Game Finding texture with name: E4_Cab_AssaultShield.png in root: SP_E400MMC/Model/Converted/E400MMC_ADL_10.9m_Voith_LowHeight_obj/Interior/Cab
[2026-09-22 23:04:55] Game Found texture at recursive path: SP_E400MMC/Texture/_!Templates/E4_Cab_AssaultShield.png
[2026-09-22 23:04:55] Game Loading texture from path: SP_E400MMC/Texture/_!Templates/E4_Cab_AssaultShield.png
[2026-09-22 23:04:55] Game Loading OBJ model from path: SP_E400MMC/Model/Converted/E400MMC_ADL_10.9m_Voith_LowHeight_obj/Interior/Cab/E4_Cab_Door_Button.obj
[2026-09-22 23:04:55] Game Finding texture with name: E4_Cab_Door.png in root: SP_E400MMC/Model/Converted/E400MMC_ADL_10.9m_Voith_LowHeight_obj/Interior/Cab
[2026-09-22 23:04:55] Game Found texture at recursive path: SP_E400MMC/Texture/_!Templates/E4_Cab_Door.png
[2026-09-22 23:04:55] Game Loading texture from path: SP_E400MMC/Texture/_!Templates/E4_Cab_Door.png
[2026-09-22 23:04:55] Game Loading OBJ model from path: SP_E400MMC/Model/Converted/E400MMC_ADL_10.9m_Voith_LowHeight_obj/Interior/Cab/E4_Cab_Door_Handle.obj
[2026-09-22 23:04:55] Game Finding texture with name: E4_Cab_Door.png in root: SP_E400MMC/Model/Converted/E400MMC_ADL_10.9m_Voith_LowHeight_obj/Interior/Cab
[2026-09-22 23:04:55] Game Found texture at recursive path: SP_E400MMC/Texture/_!Templates/E4_Cab_Door.png
[2026-09-22 23:04:55] Game Loading texture from path: SP_E400MMC/Texture/_!Templates/E4_Cab_Door.png
[2026-09-22 23:04:55] Game Loading OBJ model from path: SP_E400MMC/Model/Converted/E400MMC_ADL_10.9m_Voith_LowHeight_obj/Interior/Cab/E4_Cab_Door_Lever.obj
[2026-09-22 23:04:55] Game Finding texture with name: E4_Cab_Door.png in root: SP_E400MMC/Model/Converted/E400MMC_ADL_10.9m_Voith_LowHeight_obj/Interior/Cab
[2026-09-22 23:04:55] Game Found texture at recursive path: SP_E400MMC/Texture/_!Templates/E4_Cab_Door.png
[2026-09-22 23:04:55] Game Loading texture from path: SP_E400MMC/Texture/_!Templates/E4_Cab_Door.png
[2026-09-22 23:04:55] Game Loading OBJ model from path: SP_E400MMC/Model/Converted/E400MMC_ADL_10.9m_Voith_LowHeight_obj/Interior/Cab/ADL/E4_Cab_FloorPedals.obj
[2026-09-22 23:04:55] Game Finding texture with name: E4_Cab_Misc.png in root: SP_E400MMC/Model/Converted/E400MMC_ADL_10.9m_Voith_LowHeight_obj/Interior/Cab/ADL
[2026-09-22 23:04:55] Game Found texture at recursive path with extension: SP_E400MMC/Texture/E4_Cab_Misc.dds
[2026-09-22 23:04:55] Game Loading texture from path: SP_E400MMC/Texture/E4_Cab_Misc.dds
[2026-09-22 23:04:55] Game Loading OBJ model from path: SP_E400MMC/Model/Converted/E400MMC_ADL_10.9m_Voith_LowHeight_obj/Interior/Cab/ADL/E4_Cab_FloorPedals_Acc.obj
[2026-09-22 23:04:55] Game Finding texture with name: E4_Cab_Pedals.png in root: SP_E400MMC/Model/Converted/E400MMC_ADL_10.9m_Voith_LowHeight_obj/Interior/Cab/ADL
[2026-09-22 23:04:55] Game Found texture at recursive path with extension: SP_E400MMC/Texture/E4_Cab_Pedals.dds
[2026-09-22 23:04:55] Game Loading texture from path: SP_E400MMC/Texture/E4_Cab_Pedals.dds
[2026-09-22 23:04:55] Game Reading image from path: SP_E400MMC\Texture\E4_Cab_Pedals.dds
[2026-09-22 23:04:55] Game Loading OBJ model from path: SP_E400MMC/Model/Converted/E400MMC_ADL_10.9m_Voith_LowHeight_obj/Interior/Cab/ADL/E4_Cab_FloorPedals_Brk.obj
[2026-09-22 23:04:55] Game Finding texture with name: E4_Cab_Pedals.png in root: SP_E400MMC/Model/Converted/E400MMC_ADL_10.9m_Voith_LowHeight_obj/Interior/Cab/ADL
[2026-09-22 23:04:55] Game Found texture at recursive path with extension: SP_E400MMC/Texture/E4_Cab_Pedals.dds
[2026-09-22 23:04:55] Game Loading texture from path: SP_E400MMC/Texture/E4_Cab_Pedals.dds
[2026-09-22 23:04:55] Game Loading OBJ model from path: SP_E400MMC/Model/Converted/E400MMC_ADL_10.9m_Voith_LowHeight_obj/Interior/Cab/ADL/E4_Cab_Handbrake.obj
[2026-09-22 23:04:55] Game Finding texture with name: E4_Cab_Misc.png in root: SP_E400MMC/Model/Converted/E400MMC_ADL_10.9m_Voith_LowHeight_obj/Interior/Cab/ADL
[2026-09-22 23:04:55] Game Found texture at recursive path with extension: SP_E400MMC/Texture/E4_Cab_Misc.dds
[2026-09-22 23:04:55] Game Loading texture from path: SP_E400MMC/Texture/E4_Cab_Misc.dds
[2026-09-22 23:04:55] Game Loading OBJ model from path: SP_E400MMC/Model/Converted/E400MMC_ADL_10.9m_Voith_LowHeight_obj/Interior/Cab/ADL/E4_Cab_HandbrakeBase.obj
[2026-09-22 23:04:55] Game Finding texture with name: E4_Cab_Misc.png in root: SP_E400MMC/Model/Converted/E400MMC_ADL_10.9m_Voith_LowHeight_obj/Interior/Cab/ADL
[2026-09-22 23:04:55] Game Found texture at recursive path with extension: SP_E400MMC/Texture/E4_Cab_Misc.dds
[2026-09-22 23:04:55] Game Loading texture from path: SP_E400MMC/Texture/E4_Cab_Misc.dds
[2026-09-22 23:04:55] Game Loading OBJ model from path: SP_E400MMC/Model/Converted/E400MMC_ADL_10.9m_Voith_LowHeight_obj/Interior/Cab/ADL/E4_Cab_HandbrakePlastic.obj
[2026-09-22 23:04:55] Game Finding texture with name: E4_Cab_Misc.png in root: SP_E400MMC/Model/Converted/E400MMC_ADL_10.9m_Voith_LowHeight_obj/Interior/Cab/ADL
[2026-09-22 23:04:55] Game Found texture at recursive path with extension: SP_E400MMC/Texture/E4_Cab_Misc.dds
[2026-09-22 23:04:55] Game Loading texture from path: SP_E400MMC/Texture/E4_Cab_Misc.dds
[2026-09-22 23:04:55] Game Loading OBJ model from path: SP_E400MMC/Model/Converted/E400MMC_ADL_10.9m_Voith_LowHeight_obj/Interior/Cab/E4_Cab_Spotlight.obj
[2026-09-22 23:04:55] Game Finding texture with name: E4_Spotlight.png in root: SP_E400MMC/Model/Converted/E400MMC_ADL_10.9m_Voith_LowHeight_obj/Interior/Cab
[2026-09-22 23:04:55] Game Found texture at recursive path with extension: SP_E400MMC/Texture/E4_Spotlight.dds
[2026-09-22 23:04:55] Game Loading texture from path: SP_E400MMC/Texture/E4_Spotlight.dds
[2026-09-22 23:04:55] Game Reading image from path: SP_E400MMC\Texture\E4_Spotlight.dds
[2026-09-22 23:04:55] Game Loading OBJ model from path: SP_E400MMC/Model/Converted/E400MMC_ADL_10.9m_Voith_LowHeight_obj/Interior/Cab/E4_Cab_UpperGlass.obj
[2026-09-22 23:04:55] Game Finding texture with name: E4_Interior_BlackGlass.png in root: SP_E400MMC/Model/Converted/E400MMC_ADL_10.9m_Voith_LowHeight_obj/Interior/Cab
[2026-09-22 23:04:55] Game Found texture at recursive path with extension: SP_E400MMC/Texture/E4_Interior_BlackGlass.dds
[2026-09-22 23:04:55] Game Loading texture from path: SP_E400MMC/Texture/E4_Interior_BlackGlass.dds
[2026-09-22 23:04:55] Game Reading image from path: SP_E400MMC\Texture\E4_Interior_BlackGlass.dds
[2026-09-22 23:04:55] Game Loading OBJ model from path: SP_E400MMC/Model/Converted/E400MMC_ADL_10.9m_Voith_LowHeight_obj/Interior/Cab/E4_Cab_RegText.obj
[2026-09-22 23:04:55] Game Finding texture with name: E4_Cab_Misc.png in root: SP_E400MMC/Model/Converted/E400MMC_ADL_10.9m_Voith_LowHeight_obj/Interior/Cab
[2026-09-22 23:04:55] Game Found texture at recursive path with extension: SP_E400MMC/Texture/E4_Cab_Misc.dds
[2026-09-22 23:04:55] Game Finding texture with name: reg.png in root: SP_E400MMC/Model/Converted/E400MMC_ADL_10.9m_Voith_LowHeight_obj/Interior/Cab
[2026-09-22 23:04:55] Game Found texture at recursive path with extension: SP_E400MMC/Texture/reg.dds
[2026-09-22 23:04:55] Game Finding texture with name: reg.png in root: SP_E400MMC/Model/Converted/E400MMC_ADL_10.9m_Voith_LowHeight_obj/Interior/Cab
[2026-09-22 23:04:55] Game Found texture at recursive path with extension: SP_E400MMC/Texture/reg.dds
[2026-09-22 23:04:55] Game Loading texture from path: SP_E400MMC/Texture/reg.dds
[2026-09-22 23:04:55] Game Loading texture from path: SP_E400MMC/Texture/E4_Cab_Misc.dds
[2026-09-22 23:04:55] Game Loading OBJ model from path: SP_E400MMC/Model/Converted/E400MMC_ADL_10.9m_Voith_LowHeight_obj/Interior/Cab/E4_Cab_Window.obj
[2026-09-22 23:04:55] Game Finding texture with name: E4_Cab_Misc.png in root: SP_E400MMC/Model/Converted/E400MMC_ADL_10.9m_Voith_LowHeight_obj/Interior/Cab
[2026-09-22 23:04:55] Game Found texture at recursive path with extension: SP_E400MMC/Texture/E4_Cab_Misc.dds
[2026-09-22 23:04:55] Game Finding texture with name: Glass.png in root: SP_E400MMC/Model/Converted/E400MMC_ADL_10.9m_Voith_LowHeight_obj/Interior/Cab
[2026-09-22 23:04:55] Game Found texture at recursive path with extension: SP_E400MMC/Texture/Glass.dds
[2026-09-22 23:04:55] Game Finding texture with name: E4_WindowStamp_B.png in root: SP_E400MMC/Model/Converted/E400MMC_ADL_10.9m_Voith_LowHeight_obj/Interior/Cab
[2026-09-22 23:04:55] Game Found texture at recursive path with extension: SP_E400MMC/Texture/E4_WindowStamp_B.dds
[2026-09-22 23:04:55] Game Loading texture from path: SP_E400MMC/Texture/E4_Cab_Misc.dds
[2026-09-22 23:04:55] Game Loading OBJ model from path: SP_E400MMC/Model/Converted/E400MMC_ADL_10.9m_Voith_LowHeight_obj/Interior/Cab/E4_Cab_Window_Large.obj
[2026-09-22 23:04:55] Game Finding texture with name: E4_Cab_Misc.png in root: SP_E400MMC/Model/Converted/E400MMC_ADL_10.9m_Voith_LowHeight_obj/Interior/Cab
[2026-09-22 23:04:55] Game Found texture at recursive path with extension: SP_E400MMC/Texture/E4_Cab_Misc.dds
[2026-09-22 23:04:55] Game Finding texture with name: Glass.png in root: SP_E400MMC/Model/Converted/E400MMC_ADL_10.9m_Voith_LowHeight_obj/Interior/Cab
[2026-09-22 23:04:55] Game Found texture at recursive path with extension: SP_E400MMC/Texture/Glass.dds
[2026-09-22 23:04:55] Game Finding texture with name: E4_WindowStamp_B.png in root: SP_E400MMC/Model/Converted/E400MMC_ADL_10.9m_Voith_LowHeight_obj/Interior/Cab
[2026-09-22 23:04:55] Game Found texture at recursive path with extension: SP_E400MMC/Texture/E4_WindowStamp_B.dds
[2026-09-22 23:04:55] Game Loading texture from path: SP_E400MMC/Texture/E4_Cab_Misc.dds
[2026-09-22 23:04:55] Game Loading OBJ model from path: SP_E400MMC/Model/Converted/E400MMC_ADL_10.9m_Voith_LowHeight_obj/Interior/Cab/E4_Cab_DefectCardHolder.obj
[2026-09-22 23:04:55] Game Finding texture with name: E4_Cab_Misc.png in root: SP_E400MMC/Model/Converted/E400MMC_ADL_10.9m_Voith_LowHeight_obj/Interior/Cab
[2026-09-22 23:04:55] Game Found texture at recursive path with extension: SP_E400MMC/Texture/E4_Cab_Misc.dds
[2026-09-22 23:04:55] Game Loading texture from path: SP_E400MMC/Texture/E4_Cab_Misc.dds
[2026-09-22 23:04:55] Game Loading OBJ model from path: SP_E400MMC/Model/Converted/E400MMC_ADL_10.9m_Voith_LowHeight_obj/Interior/Cab/ADL/E4_Cab_Screws.obj
[2026-09-22 23:04:56] Game Finding texture with name: E4_Interior_Misc.png in root: SP_E400MMC/Model/Converted/E400MMC_ADL_10.9m_Voith_LowHeight_obj/Interior/Cab/ADL
[2026-09-22 23:04:56] Game Found texture at recursive path: SP_E400MMC/Texture/_!Templates/E4_Interior_Misc.png
[2026-09-22 23:04:56] Game Loading texture from path: SP_E400MMC/Texture/_!Templates/E4_Interior_Misc.png
[2026-09-22 23:04:56] Game Reading image from path: SP_E400MMC\Texture\_!Templates\E4_Interior_Misc.png
[2026-09-22 23:04:56] Game Loading OBJ model from path: SP_E400MMC/Model/Converted/E400MMC_ADL_10.9m_Voith_LowHeight_obj/Interior/Cab/E4_Cab_Upper_Plates.obj
[2026-09-22 23:04:56] Game Finding texture with name: E4_Dashboard.png in root: SP_E400MMC/Model/Converted/E400MMC_ADL_10.9m_Voith_LowHeight_obj/Interior/Cab
[2026-09-22 23:04:56] Game Found texture at recursive path with extension: SP_E400MMC/Texture/E4_Dashboard.dds
[2026-09-22 23:04:56] Game Loading texture from path: SP_E400MMC/Texture/E4_Dashboard.dds
[2026-09-22 23:04:56] Game Reading image from path: SP_E400MMC\Texture\E4_Dashboard.dds
[2026-09-22 23:04:56] Game Loading OBJ model from path: SP_E400MMC/Model/Converted/E400MMC_ADL_10.9m_Voith_LowHeight_obj/Interior/Cab/E4_Cab_Upper_Switches.obj
[2026-09-22 23:04:56] Game Finding texture with name: E4_Dashboard.png in root: SP_E400MMC/Model/Converted/E400MMC_ADL_10.9m_Voith_LowHeight_obj/Interior/Cab
[2026-09-22 23:04:56] Game Found texture at recursive path with extension: SP_E400MMC/Texture/E4_Dashboard.dds
[2026-09-22 23:04:56] Game Finding texture with name: E4_Dash_Switches.png in root: SP_E400MMC/Model/Converted/E400MMC_ADL_10.9m_Voith_LowHeight_obj/Interior/Cab
[2026-09-22 23:04:56] Game Found texture at recursive path with extension: SP_E400MMC/Texture/E4_Dash_Switches.dds
[2026-09-22 23:04:56] Game Finding texture with name: E4_Dash_Switches.png in root: SP_E400MMC/Model/Converted/E400MMC_ADL_10.9m_Voith_LowHeight_obj/Interior/Cab
[2026-09-22 23:04:56] Game Found texture at recursive path with extension: SP_E400MMC/Texture/E4_Dash_Switches.dds
[2026-09-22 23:04:56] Game Loading texture from path: SP_E400MMC/Texture/E4_Dashboard.dds
[2026-09-22 23:04:56] Game Loading texture from path: SP_E400MMC/Texture/E4_Dash_Switches.dds
[2026-09-22 23:04:56] Game Reading image from path: SP_E400MMC\Texture\E4_Dash_Switches.dds
[2026-09-22 23:04:56] Game Loading OBJ model from path: SP_E400MMC/Model/Converted/E400MMC_ADL_10.9m_Voith_LowHeight_obj/Interior/Cab/E4_Cab_Upper_Switches_CCTV.obj
[2026-09-22 23:04:56] Game Finding texture with name: E4_Dashboard.png in root: SP_E400MMC/Model/Converted/E400MMC_ADL_10.9m_Voith_LowHeight_obj/Interior/Cab
[2026-09-22 23:04:56] Game Found texture at recursive path with extension: SP_E400MMC/Texture/E4_Dashboard.dds
[2026-09-22 23:04:56] Game Finding texture with name: E4_Dash_Switches.png in root: SP_E400MMC/Model/Converted/E400MMC_ADL_10.9m_Voith_LowHeight_obj/Interior/Cab
[2026-09-22 23:04:56] Game Found texture at recursive path with extension: SP_E400MMC/Texture/E4_Dash_Switches.dds
[2026-09-22 23:04:56] Game Finding texture with name: E4_Dash_Switches.png in root: SP_E400MMC/Model/Converted/E400MMC_ADL_10.9m_Voith_LowHeight_obj/Interior/Cab
[2026-09-22 23:04:56] Game Found texture at recursive path with extension: SP_E400MMC/Texture/E4_Dash_Switches.dds
[2026-09-22 23:04:56] Game Loading texture from path: SP_E400MMC/Texture/E4_Dashboard.dds
[2026-09-22 23:04:56] Game Loading texture from path: SP_E400MMC/Texture/E4_Dash_Switches.dds
[2026-09-22 23:04:56] Game Loading OBJ model from path: SP_E400MMC/Model/Converted/E400MMC_ADL_10.9m_Voith_LowHeight_obj/Interior/Cab/E4_Cab_AssaultAlarm.obj
[2026-09-22 23:04:56] Game Finding texture with name: E4_Cab_Misc.png in root: SP_E400MMC/Model/Converted/E400MMC_ADL_10.9m_Voith_LowHeight_obj/Interior/Cab
[2026-09-22 23:04:56] Game Found texture at recursive path with extension: SP_E400MMC/Texture/E4_Cab_Misc.dds
[2026-09-22 23:04:56] Game Loading texture from path: SP_E400MMC/Texture/E4_Cab_Misc.dds
[2026-09-22 23:04:56] Game Loading OBJ model from path: SP_E400MMC/Model/Converted/E400MMC_ADL_10.9m_Voith_LowHeight_obj/Interior/Cab/Dash/E4_Dash.obj
[2026-09-22 23:04:56] Game Finding texture with name: E4_Dashboard.png in root: SP_E400MMC/Model/Converted/E400MMC_ADL_10.9m_Voith_LowHeight_obj/Interior/Cab/Dash
[2026-09-22 23:04:56] Game Found texture at recursive path with extension: SP_E400MMC/Texture/E4_Dashboard.dds
[2026-09-22 23:04:56] Game Loading texture from path: SP_E400MMC/Texture/E4_Dashboard.dds
[2026-09-22 23:04:56] Game Loading OBJ model from path: SP_E400MMC/Model/Converted/E400MMC_ADL_10.9m_Voith_LowHeight_obj/Interior/Cab/E4_SteeringWheel.obj
[2026-09-22 23:04:56] Game Finding texture with name: E4_Dashboard.png in root: SP_E400MMC/Model/Converted/E400MMC_ADL_10.9m_Voith_LowHeight_obj/Interior/Cab
[2026-09-22 23:04:56] Game Found texture at recursive path with extension: SP_E400MMC/Texture/E4_Dashboard.dds
[2026-09-22 23:04:56] Game Loading texture from path: SP_E400MMC/Texture/E4_Dashboard.dds
[2026-09-22 23:04:56] Game Loading OBJ model from path: SP_E400MMC/Model/Converted/E400MMC_ADL_10.9m_Voith_LowHeight_obj/Interior/Cab/E4_Cab_Timetable.obj
[2026-09-22 23:04:56] Game Finding texture with name: Schedule.png in root: SP_E400MMC/Model/Converted/E400MMC_ADL_10.9m_Voith_LowHeight_obj/Interior/Cab
[2026-09-22 23:04:56] Game Found texture at recursive path with extension: SP_E400MMC/Texture/Schedule.bmp
[2026-09-22 23:04:56] Game Loading texture from path: SP_E400MMC/Texture/Schedule.bmp
[2026-09-22 23:04:56] Game Reading image from path: SP_E400MMC\Texture\Schedule.bmp
[2026-09-22 23:04:56] Game Loading OBJ model from path: SP_E400MMC/Model/Converted/E400MMC_ADL_10.9m_Voith_LowHeight_obj/Interior/Cab/E4_Cab_Timetable_Visible.obj
[2026-09-22 23:04:56] Game Finding texture with name: Schedule.png in root: SP_E400MMC/Model/Converted/E400MMC_ADL_10.9m_Voith_LowHeight_obj/Interior/Cab
[2026-09-22 23:04:56] Game Found texture at recursive path with extension: SP_E400MMC/Texture/Schedule.bmp
[2026-09-22 23:04:56] Game Loading texture from path: SP_E400MMC/Texture/Schedule.bmp
[2026-09-22 23:04:56] Game Loading OBJ model from path: SP_E400MMC/Model/Converted/E400MMC_ADL_10.9m_Voith_LowHeight_obj/Interior/Cab/E4_Cab_Speaker.obj
[2026-09-22 23:04:56] Game Finding texture with name: E4_Cab_Misc.png in root: SP_E400MMC/Model/Converted/E400MMC_ADL_10.9m_Voith_LowHeight_obj/Interior/Cab
[2026-09-22 23:04:56] Game Found texture at recursive path with extension: SP_E400MMC/Texture/E4_Cab_Misc.dds
[2026-09-22 23:04:56] Game Loading texture from path: SP_E400MMC/Texture/E4_Cab_Misc.dds
[2026-09-22 23:04:56] Game Loading OBJ model from path: SP_E400MMC/Model/Converted/E400MMC_ADL_10.9m_Voith_LowHeight_obj/Interior/Cab/Dash/E4_Dash_Binnacle.obj
[2026-09-22 23:04:56] Game Finding texture with name: E4_Dash_Binnacle.png in root: SP_E400MMC/Model/Converted/E400MMC_ADL_10.9m_Voith_LowHeight_obj/Interior/Cab/Dash
[2026-09-22 23:04:56] Game Found texture at recursive path with extension: SP_E400MMC/Texture/E4_Dash_Binnacle.dds
[2026-09-22 23:04:56] Game Finding texture with name: E4_Dash_Binnacle.png in root: SP_E400MMC/Model/Converted/E400MMC_ADL_10.9m_Voith_LowHeight_obj/Interior/Cab/Dash
[2026-09-22 23:04:56] Game Found texture at recursive path with extension: SP_E400MMC/Texture/E4_Dash_Binnacle.dds
[2026-09-22 23:04:56] Game Finding texture with name: E4_Dash_Binnacle.png in root: SP_E400MMC/Model/Converted/E400MMC_ADL_10.9m_Voith_LowHeight_obj/Interior/Cab/Dash
[2026-09-22 23:04:56] Game Found texture at recursive path with extension: SP_E400MMC/Texture/E4_Dash_Binnacle.dds
[2026-09-22 23:04:56] Game Finding texture with name: E4_Dash_Binnacle.png in root: SP_E400MMC/Model/Converted/E400MMC_ADL_10.9m_Voith_LowHeight_obj/Interior/Cab/Dash
[2026-09-22 23:04:56] Game Found texture at recursive path with extension: SP_E400MMC/Texture/E4_Dash_Binnacle.dds
[2026-09-22 23:04:56] Game Finding texture with name: E4_Dash_Binnacle.png in root: SP_E400MMC/Model/Converted/E400MMC_ADL_10.9m_Voith_LowHeight_obj/Interior/Cab/Dash
[2026-09-22 23:04:56] Game Found texture at recursive path with extension: SP_E400MMC/Texture/E4_Dash_Binnacle.dds
[2026-09-22 23:04:56] Game Finding texture with name: E4_Dash_Binnacle.png in root: SP_E400MMC/Model/Converted/E400MMC_ADL_10.9m_Voith_LowHeight_obj/Interior/Cab/Dash
[2026-09-22 23:04:56] Game Found texture at recursive path with extension: SP_E400MMC/Texture/E4_Dash_Binnacle.dds
[2026-09-22 23:04:56] Game Finding texture with name: E4_Dash_Binnacle.png in root: SP_E400MMC/Model/Converted/E400MMC_ADL_10.9m_Voith_LowHeight_obj/Interior/Cab/Dash
[2026-09-22 23:04:56] Game Found texture at recursive path with extension: SP_E400MMC/Texture/E4_Dash_Binnacle.dds
[2026-09-22 23:04:56] Game Finding texture with name: E4_Dash_Binnacle.png in root: SP_E400MMC/Model/Converted/E400MMC_ADL_10.9m_Voith_LowHeight_obj/Interior/Cab/Dash
[2026-09-22 23:04:56] Game Found texture at recursive path with extension: SP_E400MMC/Texture/E4_Dash_Binnacle.dds
[2026-09-22 23:04:56] Game Finding texture with name: E4_Dash_Binnacle.png in root: SP_E400MMC/Model/Converted/E400MMC_ADL_10.9m_Voith_LowHeight_obj/Interior/Cab/Dash
[2026-09-22 23:04:56] Game Found texture at recursive path with extension: SP_E400MMC/Texture/E4_Dash_Binnacle.dds
[2026-09-22 23:04:56] Game Finding texture with name: E4_Dash_Binnacle.png in root: SP_E400MMC/Model/Converted/E400MMC_ADL_10.9m_Voith_LowHeight_obj/Interior/Cab/Dash
[2026-09-22 23:04:56] Game Found texture at recursive path with extension: SP_E400MMC/Texture/E4_Dash_Binnacle.dds
[2026-09-22 23:04:56] Game Finding texture with name: E4_Dash_Binnacle.png in root: SP_E400MMC/Model/Converted/E400MMC_ADL_10.9m_Voith_LowHeight_obj/Interior/Cab/Dash
[2026-09-22 23:04:56] Game Found texture at recursive path with extension: SP_E400MMC/Texture/E4_Dash_Binnacle.dds
[2026-09-22 23:04:56] Game Finding texture with name: E4_Dash_Binnacle.png in root: SP_E400MMC/Model/Converted/E400MMC_ADL_10.9m_Voith_LowHeight_obj/Interior/Cab/Dash
[2026-09-22 23:04:56] Game Found texture at recursive path with extension: SP_E400MMC/Texture/E4_Dash_Binnacle.dds
[2026-09-22 23:04:56] Game Finding texture with name: E4_Dash_Binnacle.png in root: SP_E400MMC/Model/Converted/E400MMC_ADL_10.9m_Voith_LowHeight_obj/Interior/Cab/Dash
[2026-09-22 23:04:56] Game Found texture at recursive path with extension: SP_E400MMC/Texture/E4_Dash_Binnacle.dds
[2026-09-22 23:04:56] Game Finding texture with name: E4_Dash_Binnacle.png in root: SP_E400MMC/Model/Converted/E400MMC_ADL_10.9m_Voith_LowHeight_obj/Interior/Cab/Dash
[2026-09-22 23:04:56] Game Found texture at recursive path with extension: SP_E400MMC/Texture/E4_Dash_Binnacle.dds
[2026-09-22 23:04:56] Game Finding texture with name: E4_Dash_Binnacle.png in root: SP_E400MMC/Model/Converted/E400MMC_ADL_10.9m_Voith_LowHeight_obj/Interior/Cab/Dash
[2026-09-22 23:04:56] Game Found texture at recursive path with extension: SP_E400MMC/Texture/E4_Dash_Binnacle.dds
[2026-09-22 23:04:56] Game Finding texture with name: E4_Dash_Binnacle.png in root: SP_E400MMC/Model/Converted/E400MMC_ADL_10.9m_Voith_LowHeight_obj/Interior/Cab/Dash
[2026-09-22 23:04:56] Game Found texture at recursive path with extension: SP_E400MMC/Texture/E4_Dash_Binnacle.dds
[2026-09-22 23:04:56] Game Finding texture with name: E4_Dash_Binnacle.png in root: SP_E400MMC/Model/Converted/E400MMC_ADL_10.9m_Voith_LowHeight_obj/Interior/Cab/Dash
[2026-09-22 23:04:56] Game Found texture at recursive path with extension: SP_E400MMC/Texture/E4_Dash_Binnacle.dds
[2026-09-22 23:04:56] Game Finding texture with name: E4_Dash_Binnacle.png in root: SP_E400MMC/Model/Converted/E400MMC_ADL_10.9m_Voith_LowHeight_obj/Interior/Cab/Dash
[2026-09-22 23:04:56] Game Found texture at recursive path with extension: SP_E400MMC/Texture/E4_Dash_Binnacle.dds
[2026-09-22 23:04:56] Game Finding texture with name: E4_Dash_Binnacle.png in root: SP_E400MMC/Model/Converted/E400MMC_ADL_10.9m_Voith_LowHeight_obj/Interior/Cab/Dash
[2026-09-22 23:04:56] Game Found texture at recursive path with extension: SP_E400MMC/Texture/E4_Dash_Binnacle.dds
[2026-09-22 23:04:56] Game Finding texture with name: E4_Dash_Binnacle.png in root: SP_E400MMC/Model/Converted/E400MMC_ADL_10.9m_Voith_LowHeight_obj/Interior/Cab/Dash
[2026-09-22 23:04:56] Game Found texture at recursive path with extension: SP_E400MMC/Texture/E4_Dash_Binnacle.dds
[2026-09-22 23:04:56] Game Finding texture with name: E4_Dash_Binnacle.png in root: SP_E400MMC/Model/Converted/E400MMC_ADL_10.9m_Voith_LowHeight_obj/Interior/Cab/Dash
[2026-09-22 23:04:56] Game Found texture at recursive path with extension: SP_E400MMC/Texture/E4_Dash_Binnacle.dds
[2026-09-22 23:04:56] Game Finding texture with name: E4_Dash_Binnacle.png in root: SP_E400MMC/Model/Converted/E400MMC_ADL_10.9m_Voith_LowHeight_obj/Interior/Cab/Dash
[2026-09-22 23:04:56] Game Found texture at recursive path with extension: SP_E400MMC/Texture/E4_Dash_Binnacle.dds
[2026-09-22 23:04:56] Game Finding texture with name: E4_Dash_Binnacle.png in root: SP_E400MMC/Model/Converted/E400MMC_ADL_10.9m_Voith_LowHeight_obj/Interior/Cab/Dash
[2026-09-22 23:04:56] Game Found texture at recursive path with extension: SP_E400MMC/Texture/E4_Dash_Binnacle.dds
[2026-09-22 23:04:56] Game Finding texture with name: E4_Dash_Binnacle.png in root: SP_E400MMC/Model/Converted/E400MMC_ADL_10.9m_Voith_LowHeight_obj/Interior/Cab/Dash
[2026-09-22 23:04:56] Game Found texture at recursive path with extension: SP_E400MMC/Texture/E4_Dash_Binnacle.dds
[2026-09-22 23:04:56] Game Finding texture with name: E4_Dash_Binnacle.png in root: SP_E400MMC/Model/Converted/E400MMC_ADL_10.9m_Voith_LowHeight_obj/Interior/Cab/Dash
[2026-09-22 23:04:56] Game Found texture at recursive path with extension: SP_E400MMC/Texture/E4_Dash_Binnacle.dds
[2026-09-22 23:04:56] Game Loading texture from path: SP_E400MMC/Texture/E4_Dash_Binnacle.dds
[2026-09-22 23:04:56] Game Reading image from path: SP_E400MMC\Texture\E4_Dash_Binnacle.dds
[2026-09-22 23:04:56] Game Loading OBJ model from path: SP_E400MMC/Model/Converted/E400MMC_ADL_10.9m_Voith_LowHeight_obj/Interior/Cab/Dash/E4_Dash_Plates.obj
[2026-09-22 23:04:56] Game Finding texture with name: E4_Dashboard.png in root: SP_E400MMC/Model/Converted/E400MMC_ADL_10.9m_Voith_LowHeight_obj/Interior/Cab/Dash
[2026-09-22 23:04:56] Game Found texture at recursive path with extension: SP_E400MMC/Texture/E4_Dashboard.dds
[2026-09-22 23:04:56] Game Loading texture from path: SP_E400MMC/Texture/E4_Dashboard.dds
[2026-09-22 23:04:56] Game Loading OBJ model from path: SP_E400MMC/Model/Converted/E400MMC_ADL_10.9m_Voith_LowHeight_obj/Interior/Cab/Dash/E4_Dash_Pressure1Needle.obj
[2026-09-22 23:04:56] Game Finding texture with name: E4_Dash_Misc.png in root: SP_E400MMC/Model/Converted/E400MMC_ADL_10.9m_Voith_LowHeight_obj/Interior/Cab/Dash
[2026-09-22 23:04:56] Game Found texture at recursive path with extension: SP_E400MMC/Texture/E4_Dash_Misc.dds
[2026-09-22 23:04:56] Game Loading texture from path: SP_E400MMC/Texture/E4_Dash_Misc.dds
[2026-09-22 23:04:56] Game Reading image from path: SP_E400MMC\Texture\E4_Dash_Misc.dds
[2026-09-22 23:04:56] Game Loading OBJ model from path: SP_E400MMC/Model/Converted/E400MMC_ADL_10.9m_Voith_LowHeight_obj/Interior/Cab/Dash/E4_Dash_Pressure2Needle.obj
[2026-09-22 23:04:56] Game Finding texture with name: E4_Dash_Misc.png in root: SP_E400MMC/Model/Converted/E400MMC_ADL_10.9m_Voith_LowHeight_obj/Interior/Cab/Dash
[2026-09-22 23:04:56] Game Found texture at recursive path with extension: SP_E400MMC/Texture/E4_Dash_Misc.dds
[2026-09-22 23:04:56] Game Loading texture from path: SP_E400MMC/Texture/E4_Dash_Misc.dds
[2026-09-22 23:04:56] Game Loading OBJ model from path: SP_E400MMC/Model/Converted/E400MMC_ADL_10.9m_Voith_LowHeight_obj/Interior/Cab/Dash/E4_Dash_RevNeedle.obj
[2026-09-22 23:04:56] Game Finding texture with name: E4_Dash_Misc.png in root: SP_E400MMC/Model/Converted/E400MMC_ADL_10.9m_Voith_LowHeight_obj/Interior/Cab/Dash
[2026-09-22 23:04:56] Game Found texture at recursive path with extension: SP_E400MMC/Texture/E4_Dash_Misc.dds
[2026-09-22 23:04:56] Game Loading texture from path: SP_E400MMC/Texture/E4_Dash_Misc.dds
[2026-09-22 23:04:56] Game Loading OBJ model from path: SP_E400MMC/Model/Converted/E400MMC_ADL_10.9m_Voith_LowHeight_obj/Interior/Cab/Dash/E4_Dash_Screen_Bar_AdBlue.obj
[2026-09-22 23:04:56] Game Finding texture with name: E4_Dash_Screen_Bar_White.png in root: SP_E400MMC/Model/Converted/E400MMC_ADL_10.9m_Voith_LowHeight_obj/Interior/Cab/Dash
[2026-09-22 23:04:56] Game Found texture at recursive path with extension: SP_E400MMC/Texture/E4_Dash_Screen_Bar_White.dds
[2026-09-22 23:04:56] Game Loading texture from path: SP_E400MMC/Texture/E4_Dash_Screen_Bar_White.dds
[2026-09-22 23:04:56] Game Reading image from path: SP_E400MMC\Texture\E4_Dash_Screen_Bar_White.dds
[2026-09-22 23:04:56] Game Loading OBJ model from path: SP_E400MMC/Model/Converted/E400MMC_ADL_10.9m_Voith_LowHeight_obj/Interior/Cab/Dash/E4_Dash_Screen_Bar_Fuel.obj
[2026-09-22 23:04:56] Game Finding texture with name: E4_Dash_Screen_Bar_White.png in root: SP_E400MMC/Model/Converted/E400MMC_ADL_10.9m_Voith_LowHeight_obj/Interior/Cab/Dash
[2026-09-22 23:04:56] Game Found texture at recursive path with extension: SP_E400MMC/Texture/E4_Dash_Screen_Bar_White.dds
[2026-09-22 23:04:56] Game Loading texture from path: SP_E400MMC/Texture/E4_Dash_Screen_Bar_White.dds
[2026-09-22 23:04:56] Game Loading OBJ model from path: SP_E400MMC/Model/Converted/E400MMC_ADL_10.9m_Voith_LowHeight_obj/Interior/Cab/Dash/E4_Dash_Screen_Main.obj
[2026-09-22 23:04:56] Game Finding texture with name: E4_Dash_Screen_Main.png in root: SP_E400MMC/Model/Converted/E400MMC_ADL_10.9m_Voith_LowHeight_obj/Interior/Cab/Dash
[2026-09-22 23:04:56] Game Found texture at recursive path with extension: SP_E400MMC/Texture/E4_Dash_Screen_Main.dds
[2026-09-22 23:04:56] Game Loading texture from path: SP_E400MMC/Texture/E4_Dash_Screen_Main.dds
[2026-09-22 23:04:56] Game Reading image from path: SP_E400MMC\Texture\E4_Dash_Screen_Main.dds
[2026-09-22 23:04:56] Game Loading OBJ model from path: SP_E400MMC/Model/Converted/E400MMC_ADL_10.9m_Voith_LowHeight_obj/Interior/Cab/Dash/E4_Dash_Screen_Bus.obj
[2026-09-22 23:04:56] Game Finding texture with name: E4_Dash_Screen_Bus.png in root: SP_E400MMC/Model/Converted/E400MMC_ADL_10.9m_Voith_LowHeight_obj/Interior/Cab/Dash
[2026-09-22 23:04:56] Game Found texture at recursive path with extension: SP_E400MMC/Texture/E4_Dash_Screen_Bus.dds
[2026-09-22 23:04:56] Game Loading texture from path: SP_E400MMC/Texture/E4_Dash_Screen_Bus.dds
[2026-09-22 23:04:56] Game Reading image from path: SP_E400MMC\Texture\E4_Dash_Screen_Bus.dds
[2026-09-22 23:04:56] Game Loading OBJ model from path: SP_E400MMC/Model/Converted/E400MMC_ADL_10.9m_Voith_LowHeight_obj/Interior/Cab/Dash/E4_Dash_Screen_KneelUp.obj
[2026-09-22 23:04:56] Game Finding texture with name: E4_Dash_Screen_KneelUp.png in root: SP_E400MMC/Model/Converted/E400MMC_ADL_10.9m_Voith_LowHeight_obj/Interior/Cab/Dash
[2026-09-22 23:04:56] Game Found texture at recursive path with extension: SP_E400MMC/Texture/E4_Dash_Screen_KneelUp.dds
[2026-09-22 23:04:56] Game Loading texture from path: SP_E400MMC/Texture/E4_Dash_Screen_KneelUp.dds
[2026-09-22 23:04:56] Game Reading image from path: SP_E400MMC\Texture\E4_Dash_Screen_KneelUp.dds
[2026-09-22 23:04:56] Game Loading OBJ model from path: SP_E400MMC/Model/Converted/E400MMC_ADL_10.9m_Voith_LowHeight_obj/Interior/Cab/Dash/E4_Dash_Screen_KneelDown.obj
[2026-09-22 23:04:56] Game Finding texture with name: E4_Dash_Screen_KneelDown.png in root: SP_E400MMC/Model/Converted/E400MMC_ADL_10.9m_Voith_LowHeight_obj/Interior/Cab/Dash
[2026-09-22 23:04:56] Game Found texture at recursive path with extension: SP_E400MMC/Texture/E4_Dash_Screen_KneelDown.dds
[2026-09-22 23:04:56] Game Loading texture from path: SP_E400MMC/Texture/E4_Dash_Screen_KneelDown.dds
[2026-09-22 23:04:56] Game Reading image from path: SP_E400MMC\Texture\E4_Dash_Screen_KneelDown.dds
[2026-09-22 23:04:56] Game Loading OBJ model from path: SP_E400MMC/Model/Converted/E400MMC_ADL_10.9m_Voith_LowHeight_obj/Interior/Cab/Dash/E4_Dash_Screen_Doors_Front_Outside.obj
[2026-09-22 23:04:56] Game Finding texture with name: E4_Dash_Screen_Doors_Front_Outside.png in root: SP_E400MMC/Model/Converted/E400MMC_ADL_10.9m_Voith_LowHeight_obj/Interior/Cab/Dash
[2026-09-22 23:04:56] Game Found texture at recursive path with extension: SP_E400MMC/Texture/E4_Dash_Screen_Doors_Front_Outside.dds
[2026-09-22 23:04:56] Game Loading texture from path: SP_E400MMC/Texture/E4_Dash_Screen_Doors_Front_Outside.dds
[2026-09-22 23:04:56] Game Reading image from path: SP_E400MMC\Texture\E4_Dash_Screen_Doors_Front_Outside.dds
[2026-09-22 23:04:56] Game Loading OBJ model from path: SP_E400MMC/Model/Converted/E400MMC_ADL_10.9m_Voith_LowHeight_obj/Interior/Cab/Dash/E4_Dash_Screen_Ramp.obj
[2026-09-22 23:04:56] Game Finding texture with name: E4_Dash_Screen_Ramp.png in root: SP_E400MMC/Model/Converted/E400MMC_ADL_10.9m_Voith_LowHeight_obj/Interior/Cab/Dash
[2026-09-22 23:04:56] Game Found texture at recursive path with extension: SP_E400MMC/Texture/E4_Dash_Screen_Ramp.dds
[2026-09-22 23:04:56] Game Loading texture from path: SP_E400MMC/Texture/E4_Dash_Screen_Ramp.dds
[2026-09-22 23:04:56] Game Reading image from path: SP_E400MMC\Texture\E4_Dash_Screen_Ramp.dds
[2026-09-22 23:04:56] Game Loading OBJ model from path: SP_E400MMC/Model/Converted/E400MMC_ADL_10.9m_Voith_LowHeight_obj/Interior/Cab/Dash/E4_Dash_Screen_HVAC_Temp_0.obj
[2026-09-22 23:04:56] Game Finding texture with name: E4_Dash_Screen_HVAC_Temp_0.png in root: SP_E400MMC/Model/Converted/E400MMC_ADL_10.9m_Voith_LowHeight_obj/Interior/Cab/Dash
[2026-09-22 23:04:56] Game Found texture at recursive path with extension: SP_E400MMC/Texture/E4_Dash_Screen_HVAC_Temp_0.dds
[2026-09-22 23:04:56] Game Loading texture from path: SP_E400MMC/Texture/E4_Dash_Screen_HVAC_Temp_0.dds
[2026-09-22 23:04:56] Game Reading image from path: SP_E400MMC\Texture\E4_Dash_Screen_HVAC_Temp_0.dds
[2026-09-22 23:04:56] Game Loading OBJ model from path: SP_E400MMC/Model/Converted/E400MMC_ADL_10.9m_Voith_LowHeight_obj/Interior/Cab/Dash/E4_Dash_Screen_HVAC_Temp_1.obj
[2026-09-22 23:04:56] Game Finding texture with name: E4_Dash_Screen_HVAC_Temp_1.png in root: SP_E400MMC/Model/Converted/E400MMC_ADL_10.9m_Voith_LowHeight_obj/Interior/Cab/Dash
[2026-09-22 23:04:56] Game Found texture at recursive path with extension: SP_E400MMC/Texture/E4_Dash_Screen_HVAC_Temp_1.dds
[2026-09-22 23:04:56] Game Loading texture from path: SP_E400MMC/Texture/E4_Dash_Screen_HVAC_Temp_1.dds
[2026-09-22 23:04:56] Game Reading image from path: SP_E400MMC\Texture\E4_Dash_Screen_HVAC_Temp_1.dds
[2026-09-22 23:04:56] Game Loading OBJ model from path: SP_E400MMC/Model/Converted/E400MMC_ADL_10.9m_Voith_LowHeight_obj/Interior/Cab/Dash/E4_Dash_Screen_HVAC_Temp_2.obj
[2026-09-22 23:04:56] Game Finding texture with name: E4_Dash_Screen_HVAC_Temp_2.png in root: SP_E400MMC/Model/Converted/E400MMC_ADL_10.9m_Voith_LowHeight_obj/Interior/Cab/Dash
[2026-09-22 23:04:56] Game Found texture at recursive path with extension: SP_E400MMC/Texture/E4_Dash_Screen_HVAC_Temp_2.dds
[2026-09-22 23:04:56] Game Loading texture from path: SP_E400MMC/Texture/E4_Dash_Screen_HVAC_Temp_2.dds
[2026-09-22 23:04:56] Game Reading image from path: SP_E400MMC\Texture\E4_Dash_Screen_HVAC_Temp_2.dds
[2026-09-22 23:04:56] Game Loading OBJ model from path: SP_E400MMC/Model/Converted/E400MMC_ADL_10.9m_Voith_LowHeight_obj/Interior/Cab/Dash/E4_Dash_Screen_HVAC_Temp_3.obj
[2026-09-22 23:04:56] Game Finding texture with name: E4_Dash_Screen_HVAC_Temp_3.png in root: SP_E400MMC/Model/Converted/E400MMC_ADL_10.9m_Voith_LowHeight_obj/Interior/Cab/Dash
[2026-09-22 23:04:56] Game Found texture at recursive path with extension: SP_E400MMC/Texture/E4_Dash_Screen_HVAC_Temp_3.dds
[2026-09-22 23:04:56] Game Loading texture from path: SP_E400MMC/Texture/E4_Dash_Screen_HVAC_Temp_3.dds
[2026-09-22 23:04:56] Game Reading image from path: SP_E400MMC\Texture\E4_Dash_Screen_HVAC_Temp_3.dds
[2026-09-22 23:04:56] Game Loading OBJ model from path: SP_E400MMC/Model/Converted/E400MMC_ADL_10.9m_Voith_LowHeight_obj/Interior/Cab/Dash/E4_Dash_Screen_HVAC_Temp_4.obj
[2026-09-22 23:04:56] Game Finding texture with name: E4_Dash_Screen_HVAC_Temp_4.png in root: SP_E400MMC/Model/Converted/E400MMC_ADL_10.9m_Voith_LowHeight_obj/Interior/Cab/Dash
[2026-09-22 23:04:56] Game Found texture at recursive path with extension: SP_E400MMC/Texture/E4_Dash_Screen_HVAC_Temp_4.dds
[2026-09-22 23:04:56] Game Loading texture from path: SP_E400MMC/Texture/E4_Dash_Screen_HVAC_Temp_4.dds
[2026-09-22 23:04:56] Game Reading image from path: SP_E400MMC\Texture\E4_Dash_Screen_HVAC_Temp_4.dds
[2026-09-22 23:04:56] Game Loading OBJ model from path: SP_E400MMC/Model/Converted/E400MMC_ADL_10.9m_Voith_LowHeight_obj/Interior/Cab/Dash/E4_Dash_Screen_HVAC_Fans_0.obj
[2026-09-22 23:04:56] Game Finding texture with name: E4_Dash_Screen_HVAC_Fans_0.png in root: SP_E400MMC/Model/Converted/E400MMC_ADL_10.9m_Voith_LowHeight_obj/Interior/Cab/Dash
[2026-09-22 23:04:56] Game Found texture at recursive path with extension: SP_E400MMC/Texture/E4_Dash_Screen_HVAC_Fans_0.dds
[2026-09-22 23:04:56] Game Loading texture from path: SP_E400MMC/Texture/E4_Dash_Screen_HVAC_Fans_0.dds
[2026-09-22 23:04:56] Game Reading image from path: SP_E400MMC\Texture\E4_Dash_Screen_HVAC_Fans_0.dds
[2026-09-22 23:04:56] Game Loading OBJ model from path: SP_E400MMC/Model/Converted/E400MMC_ADL_10.9m_Voith_LowHeight_obj/Interior/Cab/Dash/E4_Dash_Screen_HVAC_Fans_1.obj
[2026-09-22 23:04:56] Game Finding texture with name: E4_Dash_Screen_HVAC_Fans_1.png in root: SP_E400MMC/Model/Converted/E400MMC_ADL_10.9m_Voith_LowHeight_obj/Interior/Cab/Dash
[2026-09-22 23:04:56] Game Found texture at recursive path with extension: SP_E400MMC/Texture/E4_Dash_Screen_HVAC_Fans_1.dds
[2026-09-22 23:04:56] Game Loading texture from path: SP_E400MMC/Texture/E4_Dash_Screen_HVAC_Fans_1.dds
[2026-09-22 23:04:56] Game Reading image from path: SP_E400MMC\Texture\E4_Dash_Screen_HVAC_Fans_1.dds
[2026-09-22 23:04:56] Game Loading OBJ model from path: SP_E400MMC/Model/Converted/E400MMC_ADL_10.9m_Voith_LowHeight_obj/Interior/Cab/Dash/E4_Dash_Screen_HVAC_Fans_2.obj
[2026-09-22 23:04:56] Game Finding texture with name: E4_Dash_Screen_HVAC_Fans_2.png in root: SP_E400MMC/Model/Converted/E400MMC_ADL_10.9m_Voith_LowHeight_obj/Interior/Cab/Dash
[2026-09-22 23:04:56] Game Found texture at recursive path with extension: SP_E400MMC/Texture/E4_Dash_Screen_HVAC_Fans_2.dds
[2026-09-22 23:04:56] Game Loading texture from path: SP_E400MMC/Texture/E4_Dash_Screen_HVAC_Fans_2.dds
[2026-09-22 23:04:56] Game Reading image from path: SP_E400MMC\Texture\E4_Dash_Screen_HVAC_Fans_2.dds
[2026-09-22 23:04:56] Game Loading OBJ model from path: SP_E400MMC/Model/Converted/E400MMC_ADL_10.9m_Voith_LowHeight_obj/Interior/Cab/Dash/E4_Dash_Screen_HVAC_Fans_3.obj
[2026-09-22 23:04:56] Game Finding texture with name: E4_Dash_Screen_HVAC_Fans_3.png in root: SP_E400MMC/Model/Converted/E400MMC_ADL_10.9m_Voith_LowHeight_obj/Interior/Cab/Dash
[2026-09-22 23:04:56] Game Found texture at recursive path with extension: SP_E400MMC/Texture/E4_Dash_Screen_HVAC_Fans_3.dds
[2026-09-22 23:04:56] Game Loading texture from path: SP_E400MMC/Texture/E4_Dash_Screen_HVAC_Fans_3.dds
[2026-09-22 23:04:56] Game Reading image from path: SP_E400MMC\Texture\E4_Dash_Screen_HVAC_Fans_3.dds
[2026-09-22 23:04:56] Game Loading OBJ model from path: SP_E400MMC/Model/Converted/E400MMC_ADL_10.9m_Voith_LowHeight_obj/Interior/Cab/Dash/E4_Dash_Screen_HVAC_Fans_4.obj
[2026-09-22 23:04:56] Game Finding texture with name: E4_Dash_Screen_HVAC_Fans_4.png in root: SP_E400MMC/Model/Converted/E400MMC_ADL_10.9m_Voith_LowHeight_obj/Interior/Cab/Dash
[2026-09-22 23:04:56] Game Found texture at recursive path with extension: SP_E400MMC/Texture/E4_Dash_Screen_HVAC_Fans_4.dds
[2026-09-22 23:04:56] Game Loading texture from path: SP_E400MMC/Texture/E4_Dash_Screen_HVAC_Fans_4.dds
[2026-09-22 23:04:56] Game Reading image from path: SP_E400MMC\Texture\E4_Dash_Screen_HVAC_Fans_4.dds
[2026-09-22 23:04:56] Game Loading OBJ model from path: SP_E400MMC/Model/Converted/E400MMC_ADL_10.9m_Voith_LowHeight_obj/Interior/Cab/Dash/E4_Dash_Screen_HVAC_Fans_5.obj
[2026-09-22 23:04:56] Game Finding texture with name: E4_Dash_Screen_HVAC_Fans_5.png in root: SP_E400MMC/Model/Converted/E400MMC_ADL_10.9m_Voith_LowHeight_obj/Interior/Cab/Dash
[2026-09-22 23:04:56] Game Found texture at recursive path with extension: SP_E400MMC/Texture/E4_Dash_Screen_HVAC_Fans_5.dds
[2026-09-22 23:04:56] Game Loading texture from path: SP_E400MMC/Texture/E4_Dash_Screen_HVAC_Fans_5.dds
[2026-09-22 23:04:56] Game Reading image from path: SP_E400MMC\Texture\E4_Dash_Screen_HVAC_Fans_5.dds
[2026-09-22 23:04:56] Game Loading OBJ model from path: SP_E400MMC/Model/Converted/E400MMC_ADL_10.9m_Voith_LowHeight_obj/Interior/Cab/Dash/E4_Dash_Screen_Start.obj
[2026-09-22 23:04:56] Game Loading OBJ model from path: SP_E400MMC/Model/Converted/E400MMC_ADL_10.9m_Voith_LowHeight_obj/Interior/Cab/Dash/E4_Dash_Screen_Info.obj
[2026-09-22 23:04:56] Game Finding texture with name: reg.png in root: SP_E400MMC/Model/Converted/E400MMC_ADL_10.9m_Voith_LowHeight_obj/Interior/Cab/Dash
[2026-09-22 23:04:56] Game Found texture at recursive path with extension: SP_E400MMC/Texture/reg.dds
[2026-09-22 23:04:56] Game Finding texture with name: reg.png in root: SP_E400MMC/Model/Converted/E400MMC_ADL_10.9m_Voith_LowHeight_obj/Interior/Cab/Dash
[2026-09-22 23:04:56] Game Found texture at recursive path with extension: SP_E400MMC/Texture/reg.dds
[2026-09-22 23:04:56] Game Loading texture from path: SP_E400MMC/Texture/reg.dds
[2026-09-22 23:04:56] Game Loading OBJ model from path: SP_E400MMC/Model/Converted/E400MMC_ADL_10.9m_Voith_LowHeight_obj/Interior/Cab/Dash/E4_Dash_Screen_Icons.obj
[2026-09-22 23:04:56] Game Finding texture with name: reg.png in root: SP_E400MMC/Model/Converted/E400MMC_ADL_10.9m_Voith_LowHeight_obj/Interior/Cab/Dash
[2026-09-22 23:04:56] Game Found texture at recursive path with extension: SP_E400MMC/Texture/reg.dds
[2026-09-22 23:04:56] Game Loading texture from path: SP_E400MMC/Texture/reg.dds
[2026-09-22 23:04:56] Game Loading OBJ model from path: SP_E400MMC/Model/Converted/E400MMC_ADL_10.9m_Voith_LowHeight_obj/Interior/Cab/Dash/E4_Dash_Screen_InfoScreen.obj
[2026-09-22 23:04:56] Game Finding texture with name: E4_Dash_Screen_InfoScreen.png in root: SP_E400MMC/Model/Converted/E400MMC_ADL_10.9m_Voith_LowHeight_obj/Interior/Cab/Dash
[2026-09-22 23:04:56] Game Found texture at recursive path with extension: SP_E400MMC/Texture/E4_Dash_Screen_InfoScreen.dds
[2026-09-22 23:04:56] Game Loading texture from path: SP_E400MMC/Texture/E4_Dash_Screen_InfoScreen.dds
[2026-09-22 23:04:56] Game Reading image from path: SP_E400MMC\Texture\E4_Dash_Screen_InfoScreen.dds
[2026-09-22 23:04:56] Game Loading OBJ model from path: SP_E400MMC/Model/Converted/E400MMC_ADL_10.9m_Voith_LowHeight_obj/Interior/Cab/Dash/E4_Dash_Mileage.obj
[2026-09-22 23:04:56] Game Finding texture with name: reg.png in root: SP_E400MMC/Model/Converted/E400MMC_ADL_10.9m_Voith_LowHeight_obj/Interior/Cab/Dash
[2026-09-22 23:04:56] Game Found texture at recursive path with extension: SP_E400MMC/Texture/reg.dds
[2026-09-22 23:04:56] Game Finding texture with name: reg.png in root: SP_E400MMC/Model/Converted/E400MMC_ADL_10.9m_Voith_LowHeight_obj/Interior/Cab/Dash
[2026-09-22 23:04:56] Game Found texture at recursive path with extension: SP_E400MMC/Texture/reg.dds
[2026-09-22 23:04:56] Game Loading texture from path: SP_E400MMC/Texture/reg.dds
[2026-09-22 23:04:56] Game Loading OBJ model from path: SP_E400MMC/Model/Converted/E400MMC_ADL_10.9m_Voith_LowHeight_obj/Interior/Cab/Dash/E4_Dash_SpeedNeedle.obj
[2026-09-22 23:04:56] Game Finding texture with name: E4_Dash_Misc.png in root: SP_E400MMC/Model/Converted/E400MMC_ADL_10.9m_Voith_LowHeight_obj/Interior/Cab/Dash
[2026-09-22 23:04:56] Game Found texture at recursive path with extension: SP_E400MMC/Texture/E4_Dash_Misc.dds
[2026-09-22 23:04:56] Game Loading texture from path: SP_E400MMC/Texture/E4_Dash_Misc.dds
[2026-09-22 23:04:56] Game Loading OBJ model from path: SP_E400MMC/Model/Converted/E400MMC_ADL_10.9m_Voith_LowHeight_obj/Interior/Cab/Dash/E4_Dash_Stalk_Base.obj
[2026-09-22 23:04:56] Game Finding texture with name: E4_Dashboard.png in root: SP_E400MMC/Model/Converted/E400MMC_ADL_10.9m_Voith_LowHeight_obj/Interior/Cab/Dash
[2026-09-22 23:04:56] Game Found texture at recursive path with extension: SP_E400MMC/Texture/E4_Dashboard.dds
[2026-09-22 23:04:56] Game Loading texture from path: SP_E400MMC/Texture/E4_Dashboard.dds
[2026-09-22 23:04:56] Game Loading OBJ model from path: SP_E400MMC/Model/Converted/E400MMC_ADL_10.9m_Voith_LowHeight_obj/Interior/Cab/Dash/E4_Dash_Stalk.obj
[2026-09-22 23:04:56] Game Finding texture with name: E4_Dashboard.png in root: SP_E400MMC/Model/Converted/E400MMC_ADL_10.9m_Voith_LowHeight_obj/Interior/Cab/Dash
[2026-09-22 23:04:56] Game Found texture at recursive path with extension: SP_E400MMC/Texture/E4_Dashboard.dds
[2026-09-22 23:04:56] Game Finding texture with name: E4_Dash_Misc.png in root: SP_E400MMC/Model/Converted/E400MMC_ADL_10.9m_Voith_LowHeight_obj/Interior/Cab/Dash
[2026-09-22 23:04:56] Game Found texture at recursive path with extension: SP_E400MMC/Texture/E4_Dash_Misc.dds
[2026-09-22 23:04:56] Game Loading texture from path: SP_E400MMC/Texture/E4_Dashboard.dds
[2026-09-22 23:04:56] Game Loading texture from path: SP_E400MMC/Texture/E4_Dash_Misc.dds
[2026-09-22 23:04:56] Game Loading OBJ model from path: SP_E400MMC/Model/Converted/E400MMC_ADL_10.9m_Voith_LowHeight_obj/Interior/Cab/Dash/E4_IndicatorStalk.obj
[2026-09-22 23:04:56] Game Finding texture with name: E4_Dash_Misc.png in root: SP_E400MMC/Model/Converted/E400MMC_ADL_10.9m_Voith_LowHeight_obj/Interior/Cab/Dash
[2026-09-22 23:04:56] Game Found texture at recursive path with extension: SP_E400MMC/Texture/E4_Dash_Misc.dds
[2026-09-22 23:04:56] Game Loading texture from path: SP_E400MMC/Texture/E4_Dash_Misc.dds
[2026-09-22 23:04:56] Game Loading OBJ model from path: SP_E400MMC/Model/Converted/E400MMC_ADL_10.9m_Voith_LowHeight_obj/Interior/Cab/Dash/E4_IndicatorStalk_Twist.obj
[2026-09-22 23:04:56] Game Finding texture with name: E4_Dash_Misc.png in root: SP_E400MMC/Model/Converted/E400MMC_ADL_10.9m_Voith_LowHeight_obj/Interior/Cab/Dash
[2026-09-22 23:04:56] Game Found texture at recursive path with extension: SP_E400MMC/Texture/E4_Dash_Misc.dds
[2026-09-22 23:04:56] Game Loading texture from path: SP_E400MMC/Texture/E4_Dash_Misc.dds
[2026-09-22 23:04:56] Game Loading OBJ model from path: SP_E400MMC/Model/Converted/E400MMC_ADL_10.9m_Voith_LowHeight_obj/Interior/Cab/Dash/E4_IndicatorStalk_Horn.obj
[2026-09-22 23:04:56] Game Finding texture with name: E4_Dash_Misc.png in root: SP_E400MMC/Model/Converted/E400MMC_ADL_10.9m_Voith_LowHeight_obj/Interior/Cab/Dash
[2026-09-22 23:04:56] Game Found texture at recursive path with extension: SP_E400MMC/Texture/E4_Dash_Misc.dds
[2026-09-22 23:04:56] Game Loading texture from path: SP_E400MMC/Texture/E4_Dash_Misc.dds
[2026-09-22 23:04:56] Game Loading OBJ model from path: SP_E400MMC/Model/Converted/E400MMC_ADL_10.9m_Voith_LowHeight_obj/Interior/Cab/Dash/E4_Switch_Lights.obj
[2026-09-22 23:04:56] Game Finding texture with name: E4_Dash_Misc.png in root: SP_E400MMC/Model/Converted/E400MMC_ADL_10.9m_Voith_LowHeight_obj/Interior/Cab/Dash
[2026-09-22 23:04:56] Game Found texture at recursive path with extension: SP_E400MMC/Texture/E4_Dash_Misc.dds
[2026-09-22 23:04:56] Game Loading texture from path: SP_E400MMC/Texture/E4_Dash_Misc.dds
[2026-09-22 23:04:56] Game Loading OBJ model from path: SP_E400MMC/Model/Converted/E400MMC_ADL_10.9m_Voith_LowHeight_obj/Interior/Cab/Dash/E4_Switch_Lights_Base.obj
[2026-09-22 23:04:56] Game Finding texture with name: E4_Dash_Misc.png in root: SP_E400MMC/Model/Converted/E400MMC_ADL_10.9m_Voith_LowHeight_obj/Interior/Cab/Dash
[2026-09-22 23:04:56] Game Found texture at recursive path with extension: SP_E400MMC/Texture/E4_Dash_Misc.dds
[2026-09-22 23:04:56] Game Loading texture from path: SP_E400MMC/Texture/E4_Dash_Misc.dds
[2026-09-22 23:04:56] Game Loading OBJ model from path: SP_E400MMC/Model/Converted/E400MMC_ADL_10.9m_Voith_LowHeight_obj/Interior/Cab/Dash/Buttons/E4_Button_GearD_Voith.obj
[2026-09-22 23:04:56] Game Finding texture with name: E4_Dash_Misc.png in root: SP_E400MMC/Model/Converted/E400MMC_ADL_10.9m_Voith_LowHeight_obj/Interior/Cab/Dash/Buttons
[2026-09-22 23:04:56] Game Found texture at recursive path with extension: SP_E400MMC/Texture/E4_Dash_Misc.dds
[2026-09-22 23:04:56] Game Loading texture from path: SP_E400MMC/Texture/E4_Dash_Misc.dds
[2026-09-22 23:04:56] Game Loading OBJ model from path: SP_E400MMC/Model/Converted/E400MMC_ADL_10.9m_Voith_LowHeight_obj/Interior/Cab/Dash/Buttons/E4_Button_GearN_Voith.obj
[2026-09-22 23:04:56] Game Finding texture with name: E4_Dash_Misc.png in root: SP_E400MMC/Model/Converted/E400MMC_ADL_10.9m_Voith_LowHeight_obj/Interior/Cab/Dash/Buttons
[2026-09-22 23:04:56] Game Found texture at recursive path with extension: SP_E400MMC/Texture/E4_Dash_Misc.dds
[2026-09-22 23:04:56] Game Loading texture from path: SP_E400MMC/Texture/E4_Dash_Misc.dds
[2026-09-22 23:04:56] Game Loading OBJ model from path: SP_E400MMC/Model/Converted/E400MMC_ADL_10.9m_Voith_LowHeight_obj/Interior/Cab/Dash/Buttons/E4_Button_GearR_Voith.obj
[2026-09-22 23:04:56] Game Finding texture with name: E4_Dash_Misc.png in root: SP_E400MMC/Model/Converted/E400MMC_ADL_10.9m_Voith_LowHeight_obj/Interior/Cab/Dash/Buttons
[2026-09-22 23:04:56] Game Found texture at recursive path with extension: SP_E400MMC/Texture/E4_Dash_Misc.dds
[2026-09-22 23:04:56] Game Loading texture from path: SP_E400MMC/Texture/E4_Dash_Misc.dds
[2026-09-22 23:04:56] Game Loading OBJ model from path: SP_E400MMC/Model/Converted/E400MMC_ADL_10.9m_Voith_LowHeight_obj/Interior/Cab/Dash/Buttons/E4_Button_Lights_Base.obj
[2026-09-22 23:04:56] Game Finding texture with name: E4_Dash_Misc.png in root: SP_E400MMC/Model/Converted/E400MMC_ADL_10.9m_Voith_LowHeight_obj/Interior/Cab/Dash/Buttons
[2026-09-22 23:04:56] Game Found texture at recursive path with extension: SP_E400MMC/Texture/E4_Dash_Misc.dds
[2026-09-22 23:04:56] Game Loading texture from path: SP_E400MMC/Texture/E4_Dash_Misc.dds
[2026-09-22 23:04:56] Game Loading OBJ model from path: SP_E400MMC/Model/Converted/E400MMC_ADL_10.9m_Voith_LowHeight_obj/Interior/Cab/Dash/Buttons/E4_Button_Lights_Check.obj
[2026-09-22 23:04:56] Game Finding texture with name: E4_Dash_Misc.png in root: SP_E400MMC/Model/Converted/E400MMC_ADL_10.9m_Voith_LowHeight_obj/Interior/Cab/Dash/Buttons
[2026-09-22 23:04:56] Game Found texture at recursive path with extension: SP_E400MMC/Texture/E4_Dash_Misc.dds
[2026-09-22 23:04:56] Game Loading texture from path: SP_E400MMC/Texture/E4_Dash_Misc.dds
[2026-09-22 23:04:56] Game Loading OBJ model from path: SP_E400MMC/Model/Converted/E400MMC_ADL_10.9m_Voith_LowHeight_obj/Interior/Cab/Dash/Buttons/E4_Button_Lights_Fog.obj
[2026-09-22 23:04:56] Game Finding texture with name: E4_Dash_Misc.png in root: SP_E400MMC/Model/Converted/E400MMC_ADL_10.9m_Voith_LowHeight_obj/Interior/Cab/Dash/Buttons
[2026-09-22 23:04:56] Game Found texture at recursive path with extension: SP_E400MMC/Texture/E4_Dash_Misc.dds
[2026-09-22 23:04:56] Game Loading texture from path: SP_E400MMC/Texture/E4_Dash_Misc.dds
[2026-09-22 23:04:56] Game Loading OBJ model from path: SP_E400MMC/Model/Converted/E400MMC_ADL_10.9m_Voith_LowHeight_obj/Interior/Cab/Dash/Switches/E4_Dash_Switch_Blanks.obj
[2026-09-22 23:04:56] Game Finding texture with name: E4_Dashboard.png in root: SP_E400MMC/Model/Converted/E400MMC_ADL_10.9m_Voith_LowHeight_obj/Interior/Cab/Dash/Switches
[2026-09-22 23:04:56] Game Found texture at recursive path with extension: SP_E400MMC/Texture/E4_Dashboard.dds
[2026-09-22 23:04:56] Game Finding texture with name: E4_Dash_Switches.png in root: SP_E400MMC/Model/Converted/E400MMC_ADL_10.9m_Voith_LowHeight_obj/Interior/Cab/Dash/Switches
[2026-09-22 23:04:56] Game Found texture at recursive path with extension: SP_E400MMC/Texture/E4_Dash_Switches.dds
[2026-09-22 23:04:56] Game Finding texture with name: E4_Dash_Switches.png in root: SP_E400MMC/Model/Converted/E400MMC_ADL_10.9m_Voith_LowHeight_obj/Interior/Cab/Dash/Switches
[2026-09-22 23:04:56] Game Found texture at recursive path with extension: SP_E400MMC/Texture/E4_Dash_Switches.dds
[2026-09-22 23:04:56] Game Loading texture from path: SP_E400MMC/Texture/E4_Dashboard.dds
[2026-09-22 23:04:56] Game Loading OBJ model from path: SP_E400MMC/Model/Converted/E400MMC_ADL_10.9m_Voith_LowHeight_obj/Interior/Cab/Dash/Switches/E4_Dash_Switch_AssaultAlarmCancel.obj
[2026-09-22 23:04:56] Game Finding texture with name: E4_Dashboard.png in root: SP_E400MMC/Model/Converted/E400MMC_ADL_10.9m_Voith_LowHeight_obj/Interior/Cab/Dash/Switches
[2026-09-22 23:04:56] Game Found texture at recursive path with extension: SP_E400MMC/Texture/E4_Dashboard.dds
[2026-09-22 23:04:56] Game Finding texture with name: E4_Dash_Switches.png in root: SP_E400MMC/Model/Converted/E400MMC_ADL_10.9m_Voith_LowHeight_obj/Interior/Cab/Dash/Switches
[2026-09-22 23:04:56] Game Found texture at recursive path with extension: SP_E400MMC/Texture/E4_Dash_Switches.dds
[2026-09-22 23:04:56] Game Finding texture with name: E4_Dash_Switches.png in root: SP_E400MMC/Model/Converted/E400MMC_ADL_10.9m_Voith_LowHeight_obj/Interior/Cab/Dash/Switches
[2026-09-22 23:04:56] Game Found texture at recursive path with extension: SP_E400MMC/Texture/E4_Dash_Switches.dds
[2026-09-22 23:04:56] Game Loading texture from path: SP_E400MMC/Texture/E4_Dashboard.dds
[2026-09-22 23:04:56] Game Loading texture from path: SP_E400MMC/Texture/E4_Dash_Switches.dds
[2026-09-22 23:04:56] Game Loading OBJ model from path: SP_E400MMC/Model/Converted/E400MMC_ADL_10.9m_Voith_LowHeight_obj/Interior/Cab/Dash/Switches/E4_Dash_Switch_CabAirCon.obj
[2026-09-22 23:04:56] Game Finding texture with name: E4_Dashboard.png in root: SP_E400MMC/Model/Converted/E400MMC_ADL_10.9m_Voith_LowHeight_obj/Interior/Cab/Dash/Switches
[2026-09-22 23:04:56] Game Found texture at recursive path with extension: SP_E400MMC/Texture/E4_Dashboard.dds
[2026-09-22 23:04:56] Game Finding texture with name: E4_Dash_Switches.png in root: SP_E400MMC/Model/Converted/E400MMC_ADL_10.9m_Voith_LowHeight_obj/Interior/Cab/Dash/Switches
[2026-09-22 23:04:56] Game Found texture at recursive path with extension: SP_E400MMC/Texture/E4_Dash_Switches.dds
[2026-09-22 23:04:56] Game Finding texture with name: E4_Dash_Switches.png in root: SP_E400MMC/Model/Converted/E400MMC_ADL_10.9m_Voith_LowHeight_obj/Interior/Cab/Dash/Switches
[2026-09-22 23:04:56] Game Found texture at recursive path with extension: SP_E400MMC/Texture/E4_Dash_Switches.dds
[2026-09-22 23:04:56] Game Loading texture from path: SP_E400MMC/Texture/E4_Dashboard.dds
[2026-09-22 23:04:56] Game Loading texture from path: SP_E400MMC/Texture/E4_Dash_Switches.dds
[2026-09-22 23:04:56] Game Loading OBJ model from path: SP_E400MMC/Model/Converted/E400MMC_ADL_10.9m_Voith_LowHeight_obj/Interior/Cab/Dash/Switches/E4_Dash_Switch_CabFan.obj
[2026-09-22 23:04:56] Game Finding texture with name: E4_Dashboard.png in root: SP_E400MMC/Model/Converted/E400MMC_ADL_10.9m_Voith_LowHeight_obj/Interior/Cab/Dash/Switches
[2026-09-22 23:04:56] Game Found texture at recursive path with extension: SP_E400MMC/Texture/E4_Dashboard.dds
[2026-09-22 23:04:56] Game Finding texture with name: E4_Dash_Switches.png in root: SP_E400MMC/Model/Converted/E400MMC_ADL_10.9m_Voith_LowHeight_obj/Interior/Cab/Dash/Switches
[2026-09-22 23:04:56] Game Found texture at recursive path with extension: SP_E400MMC/Texture/E4_Dash_Switches.dds
[2026-09-22 23:04:56] Game Finding texture with name: E4_Dash_Switches.png in root: SP_E400MMC/Model/Converted/E400MMC_ADL_10.9m_Voith_LowHeight_obj/Interior/Cab/Dash/Switches
[2026-09-22 23:04:56] Game Found texture at recursive path with extension: SP_E400MMC/Texture/E4_Dash_Switches.dds
[2026-09-22 23:04:56] Game Loading texture from path: SP_E400MMC/Texture/E4_Dashboard.dds
[2026-09-22 23:04:56] Game Loading texture from path: SP_E400MMC/Texture/E4_Dash_Switches.dds
[2026-09-22 23:04:56] Game Loading OBJ model from path: SP_E400MMC/Model/Converted/E400MMC_ADL_10.9m_Voith_LowHeight_obj/Interior/Cab/Dash/Switches/E4_Dash_Switch_CabLight.obj
[2026-09-22 23:04:56] Game Finding texture with name: E4_Dashboard.png in root: SP_E400MMC/Model/Converted/E400MMC_ADL_10.9m_Voith_LowHeight_obj/Interior/Cab/Dash/Switches
[2026-09-22 23:04:56] Game Found texture at recursive path with extension: SP_E400MMC/Texture/E4_Dashboard.dds
[2026-09-22 23:04:56] Game Finding texture with name: E4_Dash_Switches.png in root: SP_E400MMC/Model/Converted/E400MMC_ADL_10.9m_Voith_LowHeight_obj/Interior/Cab/Dash/Switches
[2026-09-22 23:04:56] Game Found texture at recursive path with extension: SP_E400MMC/Texture/E4_Dash_Switches.dds
[2026-09-22 23:04:56] Game Finding texture with name: E4_Dash_Switches.png in root: SP_E400MMC/Model/Converted/E400MMC_ADL_10.9m_Voith_LowHeight_obj/Interior/Cab/Dash/Switches
[2026-09-22 23:04:56] Game Found texture at recursive path with extension: SP_E400MMC/Texture/E4_Dash_Switches.dds
[2026-09-22 23:04:56] Game Loading texture from path: SP_E400MMC/Texture/E4_Dashboard.dds
[2026-09-22 23:04:56] Game Loading texture from path: SP_E400MMC/Texture/E4_Dash_Switches.dds
[2026-09-22 23:04:56] Game Loading OBJ model from path: SP_E400MMC/Model/Converted/E400MMC_ADL_10.9m_Voith_LowHeight_obj/Interior/Cab/Dash/Switches/E4_Dash_Switch_Doors.obj
[2026-09-22 23:04:56] Game Finding texture with name: E4_Dashboard.png in root: SP_E400MMC/Model/Converted/E400MMC_ADL_10.9m_Voith_LowHeight_obj/Interior/Cab/Dash/Switches
[2026-09-22 23:04:56] Game Found texture at recursive path with extension: SP_E400MMC/Texture/E4_Dashboard.dds
[2026-09-22 23:04:56] Game Finding texture with name: E4_Dash_Switches.png in root: SP_E400MMC/Model/Converted/E400MMC_ADL_10.9m_Voith_LowHeight_obj/Interior/Cab/Dash/Switches
[2026-09-22 23:04:56] Game Found texture at recursive path with extension: SP_E400MMC/Texture/E4_Dash_Switches.dds
[2026-09-22 23:04:56] Game Finding texture with name: E4_Dash_Switches.png in root: SP_E400MMC/Model/Converted/E400MMC_ADL_10.9m_Voith_LowHeight_obj/Interior/Cab/Dash/Switches
[2026-09-22 23:04:56] Game Found texture at recursive path with extension: SP_E400MMC/Texture/E4_Dash_Switches.dds
[2026-09-22 23:04:56] Game Loading texture from path: SP_E400MMC/Texture/E4_Dashboard.dds
[2026-09-22 23:04:56] Game Loading texture from path: SP_E400MMC/Texture/E4_Dash_Switches.dds
[2026-09-22 23:04:56] Game Loading OBJ model from path: SP_E400MMC/Model/Converted/E400MMC_ADL_10.9m_Voith_LowHeight_obj/Interior/Cab/Dash/Switches/E4_Dash_Switch_Electrics.obj
[2026-09-22 23:04:56] Game Finding texture with name: E4_Dashboard.png in root: SP_E400MMC/Model/Converted/E400MMC_ADL_10.9m_Voith_LowHeight_obj/Interior/Cab/Dash/Switches
[2026-09-22 23:04:56] Game Found texture at recursive path with extension: SP_E400MMC/Texture/E4_Dashboard.dds
[2026-09-22 23:04:56] Game Finding texture with name: E4_Dash_Switches.png in root: SP_E400MMC/Model/Converted/E400MMC_ADL_10.9m_Voith_LowHeight_obj/Interior/Cab/Dash/Switches
[2026-09-22 23:04:56] Game Found texture at recursive path with extension: SP_E400MMC/Texture/E4_Dash_Switches.dds
[2026-09-22 23:04:56] Game Finding texture with name: E4_Dash_Switches.png in root: SP_E400MMC/Model/Converted/E400MMC_ADL_10.9m_Voith_LowHeight_obj/Interior/Cab/Dash/Switches
[2026-09-22 23:04:56] Game Found texture at recursive path with extension: SP_E400MMC/Texture/E4_Dash_Switches.dds
[2026-09-22 23:04:56] Game Loading texture from path: SP_E400MMC/Texture/E4_Dashboard.dds
[2026-09-22 23:04:56] Game Loading texture from path: SP_E400MMC/Texture/E4_Dash_Switches.dds
[2026-09-22 23:04:56] Game Loading OBJ model from path: SP_E400MMC/Model/Converted/E400MMC_ADL_10.9m_Voith_LowHeight_obj/Interior/Cab/Dash/Switches/E4_Dash_Switch_Ignition.obj
[2026-09-22 23:04:56] Game Finding texture with name: E4_Dashboard.png in root: SP_E400MMC/Model/Converted/E400MMC_ADL_10.9m_Voith_LowHeight_obj/Interior/Cab/Dash/Switches
[2026-09-22 23:04:56] Game Found texture at recursive path with extension: SP_E400MMC/Texture/E4_Dashboard.dds
[2026-09-22 23:04:56] Game Finding texture with name: E4_Dash_Switches.png in root: SP_E400MMC/Model/Converted/E400MMC_ADL_10.9m_Voith_LowHeight_obj/Interior/Cab/Dash/Switches
[2026-09-22 23:04:56] Game Found texture at recursive path with extension: SP_E400MMC/Texture/E4_Dash_Switches.dds
[2026-09-22 23:04:56] Game Finding texture with name: E4_Dash_Switches.png in root: SP_E400MMC/Model/Converted/E400MMC_ADL_10.9m_Voith_LowHeight_obj/Interior/Cab/Dash/Switches
[2026-09-22 23:04:56] Game Found texture at recursive path with extension: SP_E400MMC/Texture/E4_Dash_Switches.dds
[2026-09-22 23:04:56] Game Loading texture from path: SP_E400MMC/Texture/E4_Dashboard.dds
[2026-09-22 23:04:56] Game Loading texture from path: SP_E400MMC/Texture/E4_Dash_Switches.dds
[2026-09-22 23:04:56] Game Loading OBJ model from path: SP_E400MMC/Model/Converted/E400MMC_ADL_10.9m_Voith_LowHeight_obj/Interior/Cab/Dash/Switches/E4_Dash_Switch_Engine.obj
[2026-09-22 23:04:56] Game Finding texture with name: E4_Dashboard.png in root: SP_E400MMC/Model/Converted/E400MMC_ADL_10.9m_Voith_LowHeight_obj/Interior/Cab/Dash/Switches
[2026-09-22 23:04:56] Game Found texture at recursive path with extension: SP_E400MMC/Texture/E4_Dashboard.dds
[2026-09-22 23:04:56] Game Finding texture with name: E4_Dash_Switches.png in root: SP_E400MMC/Model/Converted/E400MMC_ADL_10.9m_Voith_LowHeight_obj/Interior/Cab/Dash/Switches
[2026-09-22 23:04:56] Game Found texture at recursive path with extension: SP_E400MMC/Texture/E4_Dash_Switches.dds
[2026-09-22 23:04:56] Game Finding texture with name: E4_Dash_Switches.png in root: SP_E400MMC/Model/Converted/E400MMC_ADL_10.9m_Voith_LowHeight_obj/Interior/Cab/Dash/Switches
[2026-09-22 23:04:56] Game Found texture at recursive path with extension: SP_E400MMC/Texture/E4_Dash_Switches.dds
[2026-09-22 23:04:56] Game Loading texture from path: SP_E400MMC/Texture/E4_Dashboard.dds
[2026-09-22 23:04:56] Game Loading texture from path: SP_E400MMC/Texture/E4_Dash_Switches.dds
[2026-09-22 23:04:56] Game Loading OBJ model from path: SP_E400MMC/Model/Converted/E400MMC_ADL_10.9m_Voith_LowHeight_obj/Interior/Cab/Dash/Switches/E4_Dash_Switch_FanDown.obj
[2026-09-22 23:04:56] Game Finding texture with name: E4_Dashboard.png in root: SP_E400MMC/Model/Converted/E400MMC_ADL_10.9m_Voith_LowHeight_obj/Interior/Cab/Dash/Switches
[2026-09-22 23:04:56] Game Found texture at recursive path with extension: SP_E400MMC/Texture/E4_Dashboard.dds
[2026-09-22 23:04:56] Game Finding texture with name: E4_Dash_Switches.png in root: SP_E400MMC/Model/Converted/E400MMC_ADL_10.9m_Voith_LowHeight_obj/Interior/Cab/Dash/Switches
[2026-09-22 23:04:56] Game Found texture at recursive path with extension: SP_E400MMC/Texture/E4_Dash_Switches.dds
[2026-09-22 23:04:56] Game Finding texture with name: E4_Dash_Switches.png in root: SP_E400MMC/Model/Converted/E400MMC_ADL_10.9m_Voith_LowHeight_obj/Interior/Cab/Dash/Switches
[2026-09-22 23:04:56] Game Found texture at recursive path with extension: SP_E400MMC/Texture/E4_Dash_Switches.dds
[2026-09-22 23:04:56] Game Loading texture from path: SP_E400MMC/Texture/E4_Dashboard.dds
[2026-09-22 23:04:56] Game Loading texture from path: SP_E400MMC/Texture/E4_Dash_Switches.dds
[2026-09-22 23:04:56] Game Loading OBJ model from path: SP_E400MMC/Model/Converted/E400MMC_ADL_10.9m_Voith_LowHeight_obj/Interior/Cab/Dash/Switches/E4_Dash_Switch_FanUp.obj
[2026-09-22 23:04:56] Game Finding texture with name: E4_Dashboard.png in root: SP_E400MMC/Model/Converted/E400MMC_ADL_10.9m_Voith_LowHeight_obj/Interior/Cab/Dash/Switches
[2026-09-22 23:04:56] Game Found texture at recursive path with extension: SP_E400MMC/Texture/E4_Dashboard.dds
[2026-09-22 23:04:56] Game Finding texture with name: E4_Dash_Switches.png in root: SP_E400MMC/Model/Converted/E400MMC_ADL_10.9m_Voith_LowHeight_obj/Interior/Cab/Dash/Switches
[2026-09-22 23:04:56] Game Found texture at recursive path with extension: SP_E400MMC/Texture/E4_Dash_Switches.dds
[2026-09-22 23:04:56] Game Finding texture with name: E4_Dash_Switches.png in root: SP_E400MMC/Model/Converted/E400MMC_ADL_10.9m_Voith_LowHeight_obj/Interior/Cab/Dash/Switches
[2026-09-22 23:04:56] Game Found texture at recursive path with extension: SP_E400MMC/Texture/E4_Dash_Switches.dds
[2026-09-22 23:04:56] Game Loading texture from path: SP_E400MMC/Texture/E4_Dashboard.dds
[2026-09-22 23:04:56] Game Loading texture from path: SP_E400MMC/Texture/E4_Dash_Switches.dds
[2026-09-22 23:04:56] Game Loading OBJ model from path: SP_E400MMC/Model/Converted/E400MMC_ADL_10.9m_Voith_LowHeight_obj/Interior/Cab/Dash/Switches/E4_Dash_Switch_FerryLift.obj
[2026-09-22 23:04:56] Game Finding texture with name: E4_Dashboard.png in root: SP_E400MMC/Model/Converted/E400MMC_ADL_10.9m_Voith_LowHeight_obj/Interior/Cab/Dash/Switches
[2026-09-22 23:04:56] Game Found texture at recursive path with extension: SP_E400MMC/Texture/E4_Dashboard.dds
[2026-09-22 23:04:56] Game Finding texture with name: E4_Dash_Switches.png in root: SP_E400MMC/Model/Converted/E400MMC_ADL_10.9m_Voith_LowHeight_obj/Interior/Cab/Dash/Switches
[2026-09-22 23:04:56] Game Found texture at recursive path with extension: SP_E400MMC/Texture/E4_Dash_Switches.dds
[2026-09-22 23:04:56] Game Finding texture with name: E4_Dash_Switches.png in root: SP_E400MMC/Model/Converted/E400MMC_ADL_10.9m_Voith_LowHeight_obj/Interior/Cab/Dash/Switches
[2026-09-22 23:04:56] Game Found texture at recursive path with extension: SP_E400MMC/Texture/E4_Dash_Switches.dds
[2026-09-22 23:04:56] Game Loading texture from path: SP_E400MMC/Texture/E4_Dashboard.dds
[2026-09-22 23:04:56] Game Loading texture from path: SP_E400MMC/Texture/E4_Dash_Switches.dds
[2026-09-22 23:04:56] Game Loading OBJ model from path: SP_E400MMC/Model/Converted/E400MMC_ADL_10.9m_Voith_LowHeight_obj/Interior/Cab/Dash/Switches/E4_Dash_Switch_Hazards.obj
[2026-09-22 23:04:56] Game Finding texture with name: E4_Dashboard.png in root: SP_E400MMC/Model/Converted/E400MMC_ADL_10.9m_Voith_LowHeight_obj/Interior/Cab/Dash/Switches
[2026-09-22 23:04:56] Game Found texture at recursive path with extension: SP_E400MMC/Texture/E4_Dashboard.dds
[2026-09-22 23:04:56] Game Finding texture with name: E4_Dash_Switches.png in root: SP_E400MMC/Model/Converted/E400MMC_ADL_10.9m_Voith_LowHeight_obj/Interior/Cab/Dash/Switches
[2026-09-22 23:04:56] Game Found texture at recursive path with extension: SP_E400MMC/Texture/E4_Dash_Switches.dds
[2026-09-22 23:04:56] Game Finding texture with name: trans.png in root: SP_E400MMC/Model/Converted/E400MMC_ADL_10.9m_Voith_LowHeight_obj/Interior/Cab/Dash/Switches
[2026-09-22 23:04:56] Game Found texture at recursive path with extension: SP_E400MMC/Texture/trans.dds
[2026-09-22 23:04:56] Game Finding texture with name: trans.png in root: SP_E400MMC/Model/Converted/E400MMC_ADL_10.9m_Voith_LowHeight_obj/Interior/Cab/Dash/Switches
[2026-09-22 23:04:56] Game Found texture at recursive path with extension: SP_E400MMC/Texture/trans.dds
[2026-09-22 23:04:56] Game Loading texture from path: SP_E400MMC/Texture/E4_Dashboard.dds
[2026-09-22 23:04:56] Game Loading texture from path: SP_E400MMC/Texture/E4_Dash_Switches.dds
[2026-09-22 23:04:56] Game Loading texture from path: SP_E400MMC/Texture/trans.dds
[2026-09-22 23:04:56] Game Reading image from path: SP_E400MMC\Texture\trans.dds
[2026-09-22 23:04:56] Game Loading OBJ model from path: SP_E400MMC/Model/Converted/E400MMC_ADL_10.9m_Voith_LowHeight_obj/Interior/Cab/Dash/Switches/E4_Dash_Switch_HornSilencer.obj
[2026-09-22 23:04:56] Game Finding texture with name: E4_Dashboard.png in root: SP_E400MMC/Model/Converted/E400MMC_ADL_10.9m_Voith_LowHeight_obj/Interior/Cab/Dash/Switches
[2026-09-22 23:04:56] Game Found texture at recursive path with extension: SP_E400MMC/Texture/E4_Dashboard.dds
[2026-09-22 23:04:56] Game Finding texture with name: E4_Dash_Switches.png in root: SP_E400MMC/Model/Converted/E400MMC_ADL_10.9m_Voith_LowHeight_obj/Interior/Cab/Dash/Switches
[2026-09-22 23:04:56] Game Found texture at recursive path with extension: SP_E400MMC/Texture/E4_Dash_Switches.dds
[2026-09-22 23:04:56] Game Finding texture with name: E4_Dash_Switches.png in root: SP_E400MMC/Model/Converted/E400MMC_ADL_10.9m_Voith_LowHeight_obj/Interior/Cab/Dash/Switches
[2026-09-22 23:04:56] Game Found texture at recursive path with extension: SP_E400MMC/Texture/E4_Dash_Switches.dds
[2026-09-22 23:04:56] Game Loading texture from path: SP_E400MMC/Texture/E4_Dashboard.dds
[2026-09-22 23:04:56] Game Loading texture from path: SP_E400MMC/Texture/E4_Dash_Switches.dds
[2026-09-22 23:04:56] Game Loading OBJ model from path: SP_E400MMC/Model/Converted/E400MMC_ADL_10.9m_Voith_LowHeight_obj/Interior/Cab/Dash/Switches/E4_Dash_Switch_Info.obj
[2026-09-22 23:04:56] Game Finding texture with name: E4_Dashboard.png in root: SP_E400MMC/Model/Converted/E400MMC_ADL_10.9m_Voith_LowHeight_obj/Interior/Cab/Dash/Switches
[2026-09-22 23:04:56] Game Found texture at recursive path with extension: SP_E400MMC/Texture/E4_Dashboard.dds
[2026-09-22 23:04:56] Game Finding texture with name: E4_Dash_Switches.png in root: SP_E400MMC/Model/Converted/E400MMC_ADL_10.9m_Voith_LowHeight_obj/Interior/Cab/Dash/Switches
[2026-09-22 23:04:56] Game Found texture at recursive path with extension: SP_E400MMC/Texture/E4_Dash_Switches.dds
[2026-09-22 23:04:56] Game Finding texture with name: E4_Dash_Switches.png in root: SP_E400MMC/Model/Converted/E400MMC_ADL_10.9m_Voith_LowHeight_obj/Interior/Cab/Dash/Switches
[2026-09-22 23:04:56] Game Found texture at recursive path with extension: SP_E400MMC/Texture/E4_Dash_Switches.dds
[2026-09-22 23:04:56] Game Loading texture from path: SP_E400MMC/Texture/E4_Dashboard.dds
[2026-09-22 23:04:56] Game Loading texture from path: SP_E400MMC/Texture/E4_Dash_Switches.dds
[2026-09-22 23:04:56] Game Loading OBJ model from path: SP_E400MMC/Model/Converted/E400MMC_ADL_10.9m_Voith_LowHeight_obj/Interior/Cab/Dash/Switches/E4_Dash_Switch_ReverseInterlock.obj
[2026-09-22 23:04:56] Game Finding texture with name: E4_Dashboard.png in root: SP_E400MMC/Model/Converted/E400MMC_ADL_10.9m_Voith_LowHeight_obj/Interior/Cab/Dash/Switches
[2026-09-22 23:04:56] Game Found texture at recursive path with extension: SP_E400MMC/Texture/E4_Dashboard.dds
[2026-09-22 23:04:56] Game Finding texture with name: E4_Dash_Switches.png in root: SP_E400MMC/Model/Converted/E400MMC_ADL_10.9m_Voith_LowHeight_obj/Interior/Cab/Dash/Switches
[2026-09-22 23:04:56] Game Found texture at recursive path with extension: SP_E400MMC/Texture/E4_Dash_Switches.dds
[2026-09-22 23:04:56] Game Finding texture with name: E4_Dash_Switches.png in root: SP_E400MMC/Model/Converted/E400MMC_ADL_10.9m_Voith_LowHeight_obj/Interior/Cab/Dash/Switches
[2026-09-22 23:04:56] Game Found texture at recursive path with extension: SP_E400MMC/Texture/E4_Dash_Switches.dds
[2026-09-22 23:04:56] Game Loading texture from path: SP_E400MMC/Texture/E4_Dashboard.dds
[2026-09-22 23:04:56] Game Loading texture from path: SP_E400MMC/Texture/E4_Dash_Switches.dds
[2026-09-22 23:04:56] Game Loading OBJ model from path: SP_E400MMC/Model/Converted/E400MMC_ADL_10.9m_Voith_LowHeight_obj/Interior/Cab/Dash/Switches/E4_Dash_Switch_TempDown.obj
[2026-09-22 23:04:56] Game Finding texture with name: E4_Dashboard.png in root: SP_E400MMC/Model/Converted/E400MMC_ADL_10.9m_Voith_LowHeight_obj/Interior/Cab/Dash/Switches
[2026-09-22 23:04:56] Game Found texture at recursive path with extension: SP_E400MMC/Texture/E4_Dashboard.dds
[2026-09-22 23:04:56] Game Finding texture with name: E4_Dash_Switches.png in root: SP_E400MMC/Model/Converted/E400MMC_ADL_10.9m_Voith_LowHeight_obj/Interior/Cab/Dash/Switches
[2026-09-22 23:04:56] Game Found texture at recursive path with extension: SP_E400MMC/Texture/E4_Dash_Switches.dds
[2026-09-22 23:04:56] Game Finding texture with name: E4_Dash_Switches.png in root: SP_E400MMC/Model/Converted/E400MMC_ADL_10.9m_Voith_LowHeight_obj/Interior/Cab/Dash/Switches
[2026-09-22 23:04:56] Game Found texture at recursive path with extension: SP_E400MMC/Texture/E4_Dash_Switches.dds
[2026-09-22 23:04:56] Game Loading texture from path: SP_E400MMC/Texture/E4_Dashboard.dds
[2026-09-22 23:04:56] Game Loading texture from path: SP_E400MMC/Texture/E4_Dash_Switches.dds
[2026-09-22 23:04:56] Game Loading OBJ model from path: SP_E400MMC/Model/Converted/E400MMC_ADL_10.9m_Voith_LowHeight_obj/Interior/Cab/Dash/Switches/E4_Dash_Switch_TempUp.obj
[2026-09-22 23:04:56] Game Finding texture with name: E4_Dashboard.png in root: SP_E400MMC/Model/Converted/E400MMC_ADL_10.9m_Voith_LowHeight_obj/Interior/Cab/Dash/Switches
[2026-09-22 23:04:56] Game Found texture at recursive path with extension: SP_E400MMC/Texture/E4_Dashboard.dds
[2026-09-22 23:04:56] Game Finding texture with name: E4_Dash_Switches.png in root: SP_E400MMC/Model/Converted/E400MMC_ADL_10.9m_Voith_LowHeight_obj/Interior/Cab/Dash/Switches
[2026-09-22 23:04:56] Game Found texture at recursive path with extension: SP_E400MMC/Texture/E4_Dash_Switches.dds
[2026-09-22 23:04:56] Game Finding texture with name: E4_Dash_Switches.png in root: SP_E400MMC/Model/Converted/E400MMC_ADL_10.9m_Voith_LowHeight_obj/Interior/Cab/Dash/Switches
[2026-09-22 23:04:56] Game Found texture at recursive path with extension: SP_E400MMC/Texture/E4_Dash_Switches.dds
[2026-09-22 23:04:56] Game Loading texture from path: SP_E400MMC/Texture/E4_Dashboard.dds
[2026-09-22 23:04:56] Game Loading texture from path: SP_E400MMC/Texture/E4_Dash_Switches.dds
[2026-09-22 23:04:56] Game Loading OBJ model from path: SP_E400MMC/Model/Converted/E400MMC_ADL_10.9m_Voith_LowHeight_obj/Interior/Cab/Dash/Switches/E4_Dash_Switch_BottomLight.obj
[2026-09-22 23:04:56] Game Finding texture with name: E4_Dashboard.png in root: SP_E400MMC/Model/Converted/E400MMC_ADL_10.9m_Voith_LowHeight_obj/Interior/Cab/Dash/Switches
[2026-09-22 23:04:56] Game Found texture at recursive path with extension: SP_E400MMC/Texture/E4_Dashboard.dds
[2026-09-22 23:04:56] Game Finding texture with name: E4_Dash_Switches.png in root: SP_E400MMC/Model/Converted/E400MMC_ADL_10.9m_Voith_LowHeight_obj/Interior/Cab/Dash/Switches
[2026-09-22 23:04:56] Game Found texture at recursive path with extension: SP_E400MMC/Texture/E4_Dash_Switches.dds
[2026-09-22 23:04:56] Game Finding texture with name: E4_Dash_Switches.png in root: SP_E400MMC/Model/Converted/E400MMC_ADL_10.9m_Voith_LowHeight_obj/Interior/Cab/Dash/Switches
[2026-09-22 23:04:56] Game Found texture at recursive path with extension: SP_E400MMC/Texture/E4_Dash_Switches.dds
[2026-09-22 23:04:56] Game Loading texture from path: SP_E400MMC/Texture/E4_Dashboard.dds
[2026-09-22 23:04:56] Game Loading texture from path: SP_E400MMC/Texture/E4_Dash_Switches.dds
[2026-09-22 23:04:56] Game Loading OBJ model from path: SP_E400MMC/Model/Converted/E400MMC_ADL_10.9m_Voith_LowHeight_obj/Interior/Cab/Dash/Switches/E4_Dash_Switch_TopLight.obj
[2026-09-22 23:04:56] Game Finding texture with name: E4_Dashboard.png in root: SP_E400MMC/Model/Converted/E400MMC_ADL_10.9m_Voith_LowHeight_obj/Interior/Cab/Dash/Switches
[2026-09-22 23:04:56] Game Found texture at recursive path with extension: SP_E400MMC/Texture/E4_Dashboard.dds
[2026-09-22 23:04:56] Game Finding texture with name: E4_Dash_Switches.png in root: SP_E400MMC/Model/Converted/E400MMC_ADL_10.9m_Voith_LowHeight_obj/Interior/Cab/Dash/Switches
[2026-09-22 23:04:56] Game Found texture at recursive path with extension: SP_E400MMC/Texture/E4_Dash_Switches.dds
[2026-09-22 23:04:56] Game Finding texture with name: E4_Dash_Switches.png in root: SP_E400MMC/Model/Converted/E400MMC_ADL_10.9m_Voith_LowHeight_obj/Interior/Cab/Dash/Switches
[2026-09-22 23:04:57] Game Found texture at recursive path with extension: SP_E400MMC/Texture/E4_Dash_Switches.dds
[2026-09-22 23:04:57] Game Loading texture from path: SP_E400MMC/Texture/E4_Dashboard.dds
[2026-09-22 23:04:57] Game Loading texture from path: SP_E400MMC/Texture/E4_Dash_Switches.dds
[2026-09-22 23:04:57] Game Loading OBJ model from path: SP_E400MMC/Model/Converted/E400MMC_ADL_10.9m_Voith_LowHeight_obj/Interior/Cab/Dash/Switches/E4_Dash_Switch_KneelDown.obj
[2026-09-22 23:04:57] Game Finding texture with name: E4_Dashboard.png in root: SP_E400MMC/Model/Converted/E400MMC_ADL_10.9m_Voith_LowHeight_obj/Interior/Cab/Dash/Switches
[2026-09-22 23:04:57] Game Found texture at recursive path with extension: SP_E400MMC/Texture/E4_Dashboard.dds
[2026-09-22 23:04:57] Game Finding texture with name: E4_Dash_Switches.png in root: SP_E400MMC/Model/Converted/E400MMC_ADL_10.9m_Voith_LowHeight_obj/Interior/Cab/Dash/Switches
[2026-09-22 23:04:57] Game Found texture at recursive path with extension: SP_E400MMC/Texture/E4_Dash_Switches.dds
[2026-09-22 23:04:57] Game Finding texture with name: E4_Dash_Switches.png in root: SP_E400MMC/Model/Converted/E400MMC_ADL_10.9m_Voith_LowHeight_obj/Interior/Cab/Dash/Switches
[2026-09-22 23:04:57] Game Found texture at recursive path with extension: SP_E400MMC/Texture/E4_Dash_Switches.dds
[2026-09-22 23:04:57] Game Loading texture from path: SP_E400MMC/Texture/E4_Dashboard.dds
[2026-09-22 23:04:57] Game Loading texture from path: SP_E400MMC/Texture/E4_Dash_Switches.dds
[2026-09-22 23:04:57] Game Loading OBJ model from path: SP_E400MMC/Model/Converted/E400MMC_ADL_10.9m_Voith_LowHeight_obj/Interior/Cab/Dash/Switches/E4_Dash_Switch_KneelUp.obj
[2026-09-22 23:04:57] Game Finding texture with name: E4_Dashboard.png in root: SP_E400MMC/Model/Converted/E400MMC_ADL_10.9m_Voith_LowHeight_obj/Interior/Cab/Dash/Switches
[2026-09-22 23:04:57] Game Found texture at recursive path with extension: SP_E400MMC/Texture/E4_Dashboard.dds
[2026-09-22 23:04:57] Game Finding texture with name: E4_Dash_Switches.png in root: SP_E400MMC/Model/Converted/E400MMC_ADL_10.9m_Voith_LowHeight_obj/Interior/Cab/Dash/Switches
[2026-09-22 23:04:57] Game Found texture at recursive path with extension: SP_E400MMC/Texture/E4_Dash_Switches.dds
[2026-09-22 23:04:57] Game Finding texture with name: E4_Dash_Switches.png in root: SP_E400MMC/Model/Converted/E400MMC_ADL_10.9m_Voith_LowHeight_obj/Interior/Cab/Dash/Switches
[2026-09-22 23:04:57] Game Found texture at recursive path with extension: SP_E400MMC/Texture/E4_Dash_Switches.dds
[2026-09-22 23:04:57] Game Loading texture from path: SP_E400MMC/Texture/E4_Dashboard.dds
[2026-09-22 23:04:57] Game Loading texture from path: SP_E400MMC/Texture/E4_Dash_Switches.dds
[2026-09-22 23:04:57] Game Loading OBJ model from path: SP_E400MMC/Model/Converted/E400MMC_ADL_10.9m_Voith_LowHeight_obj/Interior/Cab/Dash/Switches/E4_Dash_Switch_VDC.obj
[2026-09-22 23:04:57] Game Finding texture with name: E4_Dashboard.png in root: SP_E400MMC/Model/Converted/E400MMC_ADL_10.9m_Voith_LowHeight_obj/Interior/Cab/Dash/Switches
[2026-09-22 23:04:57] Game Found texture at recursive path with extension: SP_E400MMC/Texture/E4_Dashboard.dds
[2026-09-22 23:04:57] Game Finding texture with name: E4_Dash_Switches.png in root: SP_E400MMC/Model/Converted/E400MMC_ADL_10.9m_Voith_LowHeight_obj/Interior/Cab/Dash/Switches
[2026-09-22 23:04:57] Game Found texture at recursive path with extension: SP_E400MMC/Texture/E4_Dash_Switches.dds
[2026-09-22 23:04:57] Game Finding texture with name: E4_Dash_Switches.png in root: SP_E400MMC/Model/Converted/E400MMC_ADL_10.9m_Voith_LowHeight_obj/Interior/Cab/Dash/Switches
[2026-09-22 23:04:57] Game Found texture at recursive path with extension: SP_E400MMC/Texture/E4_Dash_Switches.dds
[2026-09-22 23:04:57] Game Loading texture from path: SP_E400MMC/Texture/E4_Dashboard.dds
[2026-09-22 23:04:57] Game Loading texture from path: SP_E400MMC/Texture/E4_Dash_Switches.dds
[2026-09-22 23:04:57] Game Loading OBJ model from path: SP_E400MMC/Model/Converted/E400MMC_ADL_10.9m_Voith_LowHeight_obj/Interior/Cab/Dash/Switches/E4_Dash_Switch_AutoLights.obj
[2026-09-22 23:04:57] Game Finding texture with name: E4_Dashboard.png in root: SP_E400MMC/Model/Converted/E400MMC_ADL_10.9m_Voith_LowHeight_obj/Interior/Cab/Dash/Switches
[2026-09-22 23:04:57] Game Found texture at recursive path with extension: SP_E400MMC/Texture/E4_Dashboard.dds
[2026-09-22 23:04:57] Game Finding texture with name: E4_Dash_Switches.png in root: SP_E400MMC/Model/Converted/E400MMC_ADL_10.9m_Voith_LowHeight_obj/Interior/Cab/Dash/Switches
[2026-09-22 23:04:57] Game Found texture at recursive path with extension: SP_E400MMC/Texture/E4_Dash_Switches.dds
[2026-09-22 23:04:57] Game Finding texture with name: E4_Dash_Switches.png in root: SP_E400MMC/Model/Converted/E400MMC_ADL_10.9m_Voith_LowHeight_obj/Interior/Cab/Dash/Switches
[2026-09-22 23:04:57] Game Found texture at recursive path with extension: SP_E400MMC/Texture/E4_Dash_Switches.dds
[2026-09-22 23:04:57] Game Loading texture from path: SP_E400MMC/Texture/E4_Dashboard.dds
[2026-09-22 23:04:57] Game Loading texture from path: SP_E400MMC/Texture/E4_Dash_Switches.dds
[2026-09-22 23:04:57] Game Loading OBJ model from path: SP_E400MMC/Model/Converted/E400MMC_ADL_10.9m_Voith_LowHeight_obj/Interior/Cab/Dash/E4_Dash_Glass.obj
[2026-09-22 23:04:57] Game Finding texture with name: E4_Dash_Glass.png in root: SP_E400MMC/Model/Converted/E400MMC_ADL_10.9m_Voith_LowHeight_obj/Interior/Cab/Dash
[2026-09-22 23:04:57] Game Found texture at recursive path with extension: SP_E400MMC/Texture/E4_Dash_Glass.dds
[2026-09-22 23:04:57] Game Loading texture from path: SP_E400MMC/Texture/E4_Dash_Glass.dds
[2026-09-22 23:04:57] Game Reading image from path: SP_E400MMC\Texture\E4_Dash_Glass.dds
[2026-09-22 23:04:57] Game Loading OBJ model from path: SP_E400MMC/Model/Converted/E400MMC_ADL_10.9m_Voith_LowHeight_obj/Interior/Cab/DG3/Hanover_G3.obj
[2026-09-22 23:04:57] Game Finding texture with name: trans.png in root: SP_E400MMC/Model/Converted/E400MMC_ADL_10.9m_Voith_LowHeight_obj/Interior/Cab/DG3
[2026-09-22 23:04:57] Game Found texture at recursive path with extension: SP_E400MMC/Texture/trans.dds
[2026-09-22 23:04:57] Game Loading texture from path: SP_E400MMC/Texture/trans.dds
[2026-09-22 23:04:57] Game Loading OBJ model from path: SP_E400MMC/Model/Converted/E400MMC_ADL_10.9m_Voith_LowHeight_obj/Interior/Cab/DG3/Hanover_G3_DownButton.obj
[2026-09-22 23:04:57] Game Finding texture with name: trans.png in root: SP_E400MMC/Model/Converted/E400MMC_ADL_10.9m_Voith_LowHeight_obj/Interior/Cab/DG3
[2026-09-22 23:04:57] Game Found texture at recursive path with extension: SP_E400MMC/Texture/trans.dds
[2026-09-22 23:04:57] Game Loading texture from path: SP_E400MMC/Texture/trans.dds
[2026-09-22 23:04:57] Game Loading OBJ model from path: SP_E400MMC/Model/Converted/E400MMC_ADL_10.9m_Voith_LowHeight_obj/Interior/Cab/DG3/Hanover_G3_FEButton.obj
[2026-09-22 23:04:57] Game Finding texture with name: trans.png in root: SP_E400MMC/Model/Converted/E400MMC_ADL_10.9m_Voith_LowHeight_obj/Interior/Cab/DG3
[2026-09-22 23:04:57] Game Found texture at recursive path with extension: SP_E400MMC/Texture/trans.dds
[2026-09-22 23:04:57] Game Loading texture from path: SP_E400MMC/Texture/trans.dds
[2026-09-22 23:04:57] Game Loading OBJ model from path: SP_E400MMC/Model/Converted/E400MMC_ADL_10.9m_Voith_LowHeight_obj/Interior/Cab/DG3/Hanover_G3_LeftButton.obj
[2026-09-22 23:04:57] Game Finding texture with name: trans.png in root: SP_E400MMC/Model/Converted/E400MMC_ADL_10.9m_Voith_LowHeight_obj/Interior/Cab/DG3
[2026-09-22 23:04:57] Game Found texture at recursive path with extension: SP_E400MMC/Texture/trans.dds
[2026-09-22 23:04:57] Game Loading texture from path: SP_E400MMC/Texture/trans.dds
[2026-09-22 23:04:57] Game Loading OBJ model from path: SP_E400MMC/Model/Converted/E400MMC_ADL_10.9m_Voith_LowHeight_obj/Interior/Cab/DG3/Hanover_G3_UpButton.obj
[2026-09-22 23:04:57] Game Finding texture with name: trans.png in root: SP_E400MMC/Model/Converted/E400MMC_ADL_10.9m_Voith_LowHeight_obj/Interior/Cab/DG3
[2026-09-22 23:04:57] Game Found texture at recursive path with extension: SP_E400MMC/Texture/trans.dds
[2026-09-22 23:04:57] Game Loading texture from path: SP_E400MMC/Texture/trans.dds
[2026-09-22 23:04:57] Game Loading OBJ model from path: SP_E400MMC/Model/Converted/E400MMC_ADL_10.9m_Voith_LowHeight_obj/Interior/Cab/DG3/DG3_Display.obj
[2026-09-22 23:04:57] Game Finding texture with name: reg.png in root: SP_E400MMC/Model/Converted/E400MMC_ADL_10.9m_Voith_LowHeight_obj/Interior/Cab/DG3
[2026-09-22 23:04:57] Game Found texture at recursive path with extension: SP_E400MMC/Texture/reg.dds
[2026-09-22 23:04:57] Game Loading texture from path: SP_E400MMC/Texture/reg.dds
[2026-09-22 23:04:57] Game Loading OBJ model from path: SP_E400MMC/Model/Converted/E400MMC_ADL_10.9m_Voith_LowHeight_obj/Interior/Cab/DG3/DG3_Logo.obj
[2026-09-22 23:04:57] Game Loading OBJ model from path: SP_E400MMC/Model/Converted/E400MMC_ADL_10.9m_Voith_LowHeight_obj/Interior/Cab/DG3/DG3_Home_TT.obj
[2026-09-22 23:04:57] Game Finding texture with name: reg.png in root: SP_E400MMC/Model/Converted/E400MMC_ADL_10.9m_Voith_LowHeight_obj/Interior/Cab/DG3
[2026-09-22 23:04:57] Game Found texture at recursive path with extension: SP_E400MMC/Texture/reg.dds
[2026-09-22 23:04:57] Game Finding texture with name: reg.png in root: SP_E400MMC/Model/Converted/E400MMC_ADL_10.9m_Voith_LowHeight_obj/Interior/Cab/DG3
[2026-09-22 23:04:57] Game Found texture at recursive path with extension: SP_E400MMC/Texture/reg.dds
[2026-09-22 23:04:57] Game Loading texture from path: SP_E400MMC/Texture/reg.dds
[2026-09-22 23:04:57] Game Loading OBJ model from path: SP_E400MMC/Model/Converted/E400MMC_ADL_10.9m_Voith_LowHeight_obj/Interior/Cab/DG3/DG3_Input_TT.obj
[2026-09-22 23:04:57] Game Finding texture with name: reg.png in root: SP_E400MMC/Model/Converted/E400MMC_ADL_10.9m_Voith_LowHeight_obj/Interior/Cab/DG3
[2026-09-22 23:04:57] Game Found texture at recursive path with extension: SP_E400MMC/Texture/reg.dds
[2026-09-22 23:04:57] Game Loading texture from path: SP_E400MMC/Texture/reg.dds
[2026-09-22 23:04:57] Game Loading OBJ model from path: SP_E400MMC/Model/Converted/E400MMC_ADL_10.9m_Voith_LowHeight_obj/Interior/Cab/DG3/DG3_TerminusSelect_TT.obj
[2026-09-22 23:04:57] Game Finding texture with name: reg.png in root: SP_E400MMC/Model/Converted/E400MMC_ADL_10.9m_Voith_LowHeight_obj/Interior/Cab/DG3
[2026-09-22 23:04:57] Game Found texture at recursive path with extension: SP_E400MMC/Texture/reg.dds
[2026-09-22 23:04:57] Game Loading texture from path: SP_E400MMC/Texture/reg.dds
[2026-09-22 23:04:57] Game Loading OBJ model from path: SP_E400MMC/Model/Converted/E400MMC_ADL_10.9m_Voith_LowHeight_obj/Interior/Cab/DG3/DG3_Desti.obj
[2026-09-22 23:04:57] Game Finding texture with name: Hanover/DG3_Screen.png in root: SP_E400MMC/Model/Converted/E400MMC_ADL_10.9m_Voith_LowHeight_obj/Interior/Cab/DG3
[2026-09-22 23:04:57] Game Found texture at recursive path with extension: SP_E400MMC/Texture/Hanover/DG3_Screen.dds
[2026-09-22 23:04:57] Game Loading texture from path: SP_E400MMC/Texture/Hanover/DG3_Screen.dds
[2026-09-22 23:04:57] Game Reading image from path: SP_E400MMC\Texture\Hanover\DG3_Screen.dds
[2026-09-22 23:04:57] Game Loading OBJ model from path: SP_E400MMC/Model/Converted/E400MMC_ADL_10.9m_Voith_LowHeight_obj/Interior/LowHeight/E4_Interior_AirConSpotlight.obj
[2026-09-22 23:04:57] Game Finding texture with name: E4_Spotlight.png in root: SP_E400MMC/Model/Converted/E400MMC_ADL_10.9m_Voith_LowHeight_obj/Interior/LowHeight
[2026-09-22 23:04:57] Game Found texture at recursive path with extension: SP_E400MMC/Texture/E4_Spotlight.dds
[2026-09-22 23:04:57] Game Loading texture from path: SP_E400MMC/Texture/E4_Spotlight.dds
[2026-09-22 23:04:57] Game Loading OBJ model from path: SP_E400MMC/Model/Converted/E400MMC_ADL_10.9m_Voith_LowHeight_obj/Interior/LowHeight/E4_Interior_AirConUnit.obj
[2026-09-22 23:04:57] Game Finding texture with name: E4_Interior_AirConUnit.png in root: SP_E400MMC/Model/Converted/E400MMC_ADL_10.9m_Voith_LowHeight_obj/Interior/LowHeight
[2026-09-22 23:04:57] Game Found texture at recursive path: SP_E400MMC/Texture/_!Templates/E4_Interior_AirConUnit.png
[2026-09-22 23:04:57] Game Loading texture from path: SP_E400MMC/Texture/_!Templates/E4_Interior_AirConUnit.png
[2026-09-22 23:04:57] Game Reading image from path: SP_E400MMC\Texture\_!Templates\E4_Interior_AirConUnit.png
[2026-09-22 23:04:57] Game Loading OBJ model from path: SP_E400MMC/Model/Converted/E400MMC_ADL_10.9m_Voith_LowHeight_obj/Interior/E4_Interior_BatteryIsolatorFlap.obj
[2026-09-22 23:04:57] Game Finding texture with name: E4_Interior_Misc.png in root: SP_E400MMC/Model/Converted/E400MMC_ADL_10.9m_Voith_LowHeight_obj/Interior
[2026-09-22 23:04:57] Game Found texture at recursive path: SP_E400MMC/Texture/_!Templates/E4_Interior_Misc.png
[2026-09-22 23:04:57] Game Loading texture from path: SP_E400MMC/Texture/_!Templates/E4_Interior_Misc.png
[2026-09-22 23:04:57] Game Loading OBJ model from path: SP_E400MMC/Model/Converted/E400MMC_ADL_10.9m_Voith_LowHeight_obj/Interior/LowHeight/E4_Interior_BlackGlass.obj
[2026-09-22 23:04:57] Game Finding texture with name: E4_Interior_BlackGlass.png in root: SP_E400MMC/Model/Converted/E400MMC_ADL_10.9m_Voith_LowHeight_obj/Interior/LowHeight
[2026-09-22 23:04:57] Game Found texture at recursive path with extension: SP_E400MMC/Texture/E4_Interior_BlackGlass.dds
[2026-09-22 23:04:57] Game Finding texture with name: E4_WindowStamp_W.png in root: SP_E400MMC/Model/Converted/E400MMC_ADL_10.9m_Voith_LowHeight_obj/Interior/LowHeight
[2026-09-22 23:04:57] Game Found texture at recursive path with extension: SP_E400MMC/Texture/E4_WindowStamp_W.dds
[2026-09-22 23:04:57] Game Finding texture with name: E4_Cab_Mouldings.png in root: SP_E400MMC/Model/Converted/E400MMC_ADL_10.9m_Voith_LowHeight_obj/Interior/LowHeight
[2026-09-22 23:04:57] Game Found texture at recursive path: SP_E400MMC/Texture/_!Templates/ADL/E4_Cab_Mouldings.png
[2026-09-22 23:04:57] Game Finding texture with name: E4_Interior_Clips.png in root: SP_E400MMC/Model/Converted/E400MMC_ADL_10.9m_Voith_LowHeight_obj/Interior/LowHeight
[2026-09-22 23:04:57] Game Found texture at recursive path: SP_E400MMC/Texture/_!Templates/E4_Interior_Clips.png
[2026-09-22 23:04:57] Game Finding texture with name: E4_Interior_Misc.png in root: SP_E400MMC/Model/Converted/E400MMC_ADL_10.9m_Voith_LowHeight_obj/Interior/LowHeight
[2026-09-22 23:04:57] Game Found texture at recursive path: SP_E400MMC/Texture/_!Templates/E4_Interior_Misc.png
[2026-09-22 23:04:57] Game Finding texture with name: E4_Cab_Misc.png in root: SP_E400MMC/Model/Converted/E400MMC_ADL_10.9m_Voith_LowHeight_obj/Interior/LowHeight
[2026-09-22 23:04:57] Game Found texture at recursive path with extension: SP_E400MMC/Texture/E4_Cab_Misc.dds
[2026-09-22 23:04:57] Game Loading texture from path: SP_E400MMC/Texture/E4_Interior_BlackGlass.dds
[2026-09-22 23:04:57] Game Loading texture from path: SP_E400MMC/Texture/E4_WindowStamp_W.dds
[2026-09-22 23:04:57] Game Reading image from path: SP_E400MMC\Texture\E4_WindowStamp_W.dds
[2026-09-22 23:04:57] Game Loading texture from path: SP_E400MMC/Texture/_!Templates/E4_Interior_Misc.png
[2026-09-22 23:04:57] Game Loading OBJ model from path: SP_E400MMC/Model/Converted/E400MMC_ADL_10.9m_Voith_LowHeight_obj/Interior/LowHeight/E4_Interior_BlackGlass_HANICS.obj
[2026-09-22 23:04:57] Game Finding texture with name: E4_Interior_BlackGlass.png in root: SP_E400MMC/Model/Converted/E400MMC_ADL_10.9m_Voith_LowHeight_obj/Interior/LowHeight
[2026-09-22 23:04:57] Game Found texture at recursive path with extension: SP_E400MMC/Texture/E4_Interior_BlackGlass.dds
[2026-09-22 23:04:57] Game Finding texture with name: E4_WindowStamp_W.png in root: SP_E400MMC/Model/Converted/E400MMC_ADL_10.9m_Voith_LowHeight_obj/Interior/LowHeight
[2026-09-22 23:04:57] Game Found texture at recursive path with extension: SP_E400MMC/Texture/E4_WindowStamp_W.dds
[2026-09-22 23:04:57] Game Finding texture with name: E4_Cab_Mouldings.png in root: SP_E400MMC/Model/Converted/E400MMC_ADL_10.9m_Voith_LowHeight_obj/Interior/LowHeight
[2026-09-22 23:04:57] Game Found texture at recursive path: SP_E400MMC/Texture/_!Templates/ADL/E4_Cab_Mouldings.png
[2026-09-22 23:04:57] Game Finding texture with name: E4_Interior_Clips.png in root: SP_E400MMC/Model/Converted/E400MMC_ADL_10.9m_Voith_LowHeight_obj/Interior/LowHeight
[2026-09-22 23:04:57] Game Found texture at recursive path: SP_E400MMC/Texture/_!Templates/E4_Interior_Clips.png
[2026-09-22 23:04:57] Game Finding texture with name: E4_Interior_Misc.png in root: SP_E400MMC/Model/Converted/E400MMC_ADL_10.9m_Voith_LowHeight_obj/Interior/LowHeight
[2026-09-22 23:04:57] Game Found texture at recursive path: SP_E400MMC/Texture/_!Templates/E4_Interior_Misc.png
[2026-09-22 23:04:57] Game Finding texture with name: E4_Cab_Misc.png in root: SP_E400MMC/Model/Converted/E400MMC_ADL_10.9m_Voith_LowHeight_obj/Interior/LowHeight
[2026-09-22 23:04:57] Game Found texture at recursive path with extension: SP_E400MMC/Texture/E4_Cab_Misc.dds
[2026-09-22 23:04:57] Game Loading texture from path: SP_E400MMC/Texture/E4_Interior_BlackGlass.dds
[2026-09-22 23:04:57] Game Loading texture from path: SP_E400MMC/Texture/E4_WindowStamp_W.dds
[2026-09-22 23:04:57] Game Loading texture from path: SP_E400MMC/Texture/_!Templates/E4_Interior_Misc.png
[2026-09-22 23:04:57] Game Loading OBJ model from path: SP_E400MMC/Model/Converted/E400MMC_ADL_10.9m_Voith_LowHeight_obj/Interior/ADL/10.9m/LowHeight/E4_Interior_CCTVCameras.obj
[2026-09-22 23:04:57] Game Finding texture with name: E4_CCTVCamera.png in root: SP_E400MMC/Model/Converted/E400MMC_ADL_10.9m_Voith_LowHeight_obj/Interior/ADL/10.9m/LowHeight
[2026-09-22 23:04:57] Game Found texture at recursive path with extension: SP_E400MMC/Texture/E4_CCTVCamera.dds
[2026-09-22 23:04:57] Game Loading texture from path: SP_E400MMC/Texture/E4_CCTVCamera.dds
[2026-09-22 23:04:57] Game Loading OBJ model from path: SP_E400MMC/Model/Converted/E400MMC_ADL_10.9m_Voith_LowHeight_obj/Interior/ADL/10.9m/LowHeight/E4_Interior_Ads_Frame.obj
[2026-09-22 23:04:57] Game Finding texture with name: E4_Interior_Ads.png in root: SP_E400MMC/Model/Converted/E400MMC_ADL_10.9m_Voith_LowHeight_obj/Interior/ADL/10.9m/LowHeight
[2026-09-22 23:04:57] Game Found texture at recursive path: SP_E400MMC/Texture/_!Templates/E4_Interior_Ads.png
[2026-09-22 23:04:57] Game Loading texture from path: SP_E400MMC/Texture/_!Templates/E4_Interior_Ads.png
[2026-09-22 23:04:57] Game Reading image from path: SP_E400MMC\Texture\_!Templates\E4_Interior_Ads.png
[2026-09-22 23:04:57] Game Loading OBJ model from path: SP_E400MMC/Model/Converted/E400MMC_ADL_10.9m_Voith_LowHeight_obj/Interior/ADL/10.9m/LowHeight/E4_Interior_Ads.obj
[2026-09-22 23:04:57] Game Loading OBJ model from path: SP_E400MMC/Model/Converted/E400MMC_ADL_10.9m_Voith_LowHeight_obj/Interior/ADL/10.9m/LowHeight/E4_Interior_Ceiling.obj
[2026-09-22 23:04:57] Game Finding texture with name: E4_Interior_Ceiling_10.9.png in root: SP_E400MMC/Model/Converted/E400MMC_ADL_10.9m_Voith_LowHeight_obj/Interior/ADL/10.9m/LowHeight
[2026-09-22 23:04:57] Game Found texture at recursive path: SP_E400MMC/Texture/_!Templates/ADL/10.9m/E4_Interior_Ceiling_10.9.png
[2026-09-22 23:04:57] Game Loading texture from path: SP_E400MMC/Texture/_!Templates/ADL/10.9m/E4_Interior_Ceiling_10.9.png
[2026-09-22 23:04:57] Game Reading image from path: SP_E400MMC\Texture\_!Templates\ADL\10.9m\E4_Interior_Ceiling_10.9.png
[2026-09-22 23:04:57] Game Loading OBJ model from path: SP_E400MMC/Model/Converted/E400MMC_ADL_10.9m_Voith_LowHeight_obj/Interior/ADL/10.9m/LowHeight/E4_Interior_Ceiling_Skylights.obj
[2026-09-22 23:04:57] Game Finding texture with name: E4_Interior_Ceiling_10.9.png in root: SP_E400MMC/Model/Converted/E400MMC_ADL_10.9m_Voith_LowHeight_obj/Interior/ADL/10.9m/LowHeight
[2026-09-22 23:04:57] Game Found texture at recursive path: SP_E400MMC/Texture/_!Templates/ADL/10.9m/E4_Interior_Ceiling_10.9.png
[2026-09-22 23:04:57] Game Loading texture from path: SP_E400MMC/Texture/_!Templates/ADL/10.9m/E4_Interior_Ceiling_10.9.png
[2026-09-22 23:04:57] Game Loading OBJ model from path: SP_E400MMC/Model/Converted/E400MMC_ADL_10.9m_Voith_LowHeight_obj/Interior/ADL/10.9m/LowHeight/E4_Interior_Ceiling_Panels.obj
[2026-09-22 23:04:57] Game Finding texture with name: E4_Interior_Ceiling_10.9.png in root: SP_E400MMC/Model/Converted/E400MMC_ADL_10.9m_Voith_LowHeight_obj/Interior/ADL/10.9m/LowHeight
[2026-09-22 23:04:57] Game Found texture at recursive path: SP_E400MMC/Texture/_!Templates/ADL/10.9m/E4_Interior_Ceiling_10.9.png
[2026-09-22 23:04:57] Game Loading texture from path: SP_E400MMC/Texture/_!Templates/ADL/10.9m/E4_Interior_Ceiling_10.9.png
[2026-09-22 23:04:57] Game Loading OBJ model from path: SP_E400MMC/Model/Converted/E400MMC_ADL_10.9m_Voith_LowHeight_obj/Interior/ADL/10.9m/E4_Interior_CeilingVent.obj
[2026-09-22 23:04:57] Game Finding texture with name: E4_Interior_Ceiling_10.9.png in root: SP_E400MMC/Model/Converted/E400MMC_ADL_10.9m_Voith_LowHeight_obj/Interior/ADL/10.9m
[2026-09-22 23:04:57] Game Found texture at recursive path: SP_E400MMC/Texture/_!Templates/ADL/10.9m/E4_Interior_Ceiling_10.9.png
[2026-09-22 23:04:57] Game Loading texture from path: SP_E400MMC/Texture/_!Templates/ADL/10.9m/E4_Interior_Ceiling_10.9.png
[2026-09-22 23:04:57] Game Loading OBJ model from path: SP_E400MMC/Model/Converted/E400MMC_ADL_10.9m_Voith_LowHeight_obj/Interior/E4_Interior_Door_Screws.obj
[2026-09-22 23:04:57] Game Finding texture with name: E4_Interior_Misc.png in root: SP_E400MMC/Model/Converted/E400MMC_ADL_10.9m_Voith_LowHeight_obj/Interior
[2026-09-22 23:04:57] Game Found texture at recursive path: SP_E400MMC/Texture/_!Templates/E4_Interior_Misc.png
[2026-09-22 23:04:57] Game Loading texture from path: SP_E400MMC/Texture/_!Templates/E4_Interior_Misc.png
[2026-09-22 23:04:57] Game Loading OBJ model from path: SP_E400MMC/Model/Converted/E400MMC_ADL_10.9m_Voith_LowHeight_obj/Interior/E4_Interior_Door_Button.obj
[2026-09-22 23:04:57] Game Finding texture with name: E4_Interior_Misc.png in root: SP_E400MMC/Model/Converted/E400MMC_ADL_10.9m_Voith_LowHeight_obj/Interior
[2026-09-22 23:04:57] Game Found texture at recursive path: SP_E400MMC/Texture/_!Templates/E4_Interior_Misc.png
[2026-09-22 23:04:57] Game Loading texture from path: SP_E400MMC/Texture/_!Templates/E4_Interior_Misc.png
[2026-09-22 23:04:57] Game Loading OBJ model from path: SP_E400MMC/Model/Converted/E400MMC_ADL_10.9m_Voith_LowHeight_obj/Interior/E4_Interior_DoorSpotlight.obj
[2026-09-22 23:04:57] Game Finding texture with name: E4_Spotlight.png in root: SP_E400MMC/Model/Converted/E400MMC_ADL_10.9m_Voith_LowHeight_obj/Interior
[2026-09-22 23:04:57] Game Found texture at recursive path with extension: SP_E400MMC/Texture/E4_Spotlight.dds
[2026-09-22 23:04:57] Game Loading texture from path: SP_E400MMC/Texture/E4_Spotlight.dds
[2026-09-22 23:04:57] Game Loading OBJ model from path: SP_E400MMC/Model/Converted/E400MMC_ADL_10.9m_Voith_LowHeight_obj/Interior/E4_Interior_ExitButton.obj
[2026-09-22 23:04:57] Game Finding texture with name: E4_Interior_Decals.png in root: SP_E400MMC/Model/Converted/E400MMC_ADL_10.9m_Voith_LowHeight_obj/Interior
[2026-09-22 23:04:57] Game Found texture at recursive path with extension: SP_E400MMC/Texture/E4_Interior_Decals.dds
[2026-09-22 23:04:57] Game Loading texture from path: SP_E400MMC/Texture/E4_Interior_Decals.dds
[2026-09-22 23:04:57] Game Loading OBJ model from path: SP_E400MMC/Model/Converted/E400MMC_ADL_10.9m_Voith_LowHeight_obj/Interior/E4_Interior_ExitButton_Flap.obj
[2026-09-22 23:04:57] Game Finding texture with name: E4_Interior_Decals.png in root: SP_E400MMC/Model/Converted/E400MMC_ADL_10.9m_Voith_LowHeight_obj/Interior
[2026-09-22 23:04:57] Game Found texture at recursive path with extension: SP_E400MMC/Texture/E4_Interior_Decals.dds
[2026-09-22 23:04:57] Game Loading texture from path: SP_E400MMC/Texture/E4_Interior_Decals.dds
[2026-09-22 23:04:57] Game Loading OBJ model from path: SP_E400MMC/Model/Converted/E400MMC_ADL_10.9m_Voith_LowHeight_obj/Interior/ADL/10.9m/LowHeight/E4_Interior_ExitDoor.obj
[2026-09-22 23:04:57] Game Finding texture with name: E4_Interior_Walls_10.9_LowHeight.png in root: SP_E400MMC/Model/Converted/E400MMC_ADL_10.9m_Voith_LowHeight_obj/Interior/ADL/10.9m/LowHeight
[2026-09-22 23:04:57] Game Found texture at recursive path: SP_E400MMC/Texture/_!Templates/ADL/10.9m/Low Height/E4_Interior_Walls_10.9_LowHeight.png
[2026-09-22 23:04:57] Game Loading texture from path: SP_E400MMC/Texture/_!Templates/ADL/10.9m/Low Height/E4_Interior_Walls_10.9_LowHeight.png
[2026-09-22 23:04:57] Game Reading image from path: SP_E400MMC\Texture\_!Templates\ADL\10.9m\Low Height\E4_Interior_Walls_10.9_LowHeight.png
[2026-09-22 23:04:57] Game Loading OBJ model from path: SP_E400MMC/Model/Converted/E400MMC_ADL_10.9m_Voith_LowHeight_obj/Interior/E4_Interior_FireExtinguisher.obj
[2026-09-22 23:04:57] Game Finding texture with name: E4_Cab_Misc.png in root: SP_E400MMC/Model/Converted/E400MMC_ADL_10.9m_Voith_LowHeight_obj/Interior
[2026-09-22 23:04:57] Game Found texture at recursive path with extension: SP_E400MMC/Texture/E4_Cab_Misc.dds
[2026-09-22 23:04:57] Game Loading texture from path: SP_E400MMC/Texture/E4_Cab_Misc.dds
[2026-09-22 23:04:57] Game Loading OBJ model from path: SP_E400MMC/Model/Converted/E400MMC_ADL_10.9m_Voith_LowHeight_obj/Interior/ADL/E4_Interior_FrontMouldings_LD.obj
[2026-09-22 23:04:57] Game Finding texture with name: E4_Cab_Mouldings.png in root: SP_E400MMC/Model/Converted/E400MMC_ADL_10.9m_Voith_LowHeight_obj/Interior/ADL
[2026-09-22 23:04:57] Game Found texture at recursive path: SP_E400MMC/Texture/_!Templates/ADL/E4_Cab_Mouldings.png
[2026-09-22 23:04:57] Game Finding texture with name: E4_Interior_Clips.png in root: SP_E400MMC/Model/Converted/E400MMC_ADL_10.9m_Voith_LowHeight_obj/Interior/ADL
[2026-09-22 23:04:57] Game Found texture at recursive path: SP_E400MMC/Texture/_!Templates/E4_Interior_Clips.png
[2026-09-22 23:04:57] Game Finding texture with name: E4_Interior_Misc.png in root: SP_E400MMC/Model/Converted/E400MMC_ADL_10.9m_Voith_LowHeight_obj/Interior/ADL
[2026-09-22 23:04:57] Game Found texture at recursive path: SP_E400MMC/Texture/_!Templates/E4_Interior_Misc.png
[2026-09-22 23:04:57] Game Finding texture with name: E4_Cab_Misc.png in root: SP_E400MMC/Model/Converted/E400MMC_ADL_10.9m_Voith_LowHeight_obj/Interior/ADL
[2026-09-22 23:04:57] Game Found texture at recursive path with extension: SP_E400MMC/Texture/E4_Cab_Misc.dds
[2026-09-22 23:04:57] Game Loading texture from path: SP_E400MMC/Texture/_!Templates/ADL/E4_Cab_Mouldings.png
[2026-09-22 23:04:57] Game Loading texture from path: SP_E400MMC/Texture/_!Templates/E4_Interior_Misc.png
[2026-09-22 23:04:57] Game Loading texture from path: SP_E400MMC/Texture/E4_Cab_Misc.dds
[2026-09-22 23:04:57] Game Loading OBJ model from path: SP_E400MMC/Model/Converted/E400MMC_ADL_10.9m_Voith_LowHeight_obj/Interior/Cab/SP_Default_DestinationCodes.obj
[2026-09-22 23:04:57] Game Finding texture with name: DestinationCodes/SP_Default_DestinationCodes.png in root: SP_E400MMC/Model/Converted/E400MMC_ADL_10.9m_Voith_LowHeight_obj/Interior/Cab
[2026-09-22 23:04:57] Game Found texture at recursive path with extension: SP_E400MMC/Texture/DestinationCodes/SP_Default_DestinationCodes.dds
[2026-09-22 23:04:57] Game Loading texture from path: SP_E400MMC/Texture/DestinationCodes/SP_Default_DestinationCodes.dds
[2026-09-22 23:04:57] Game Reading image from path: SP_E400MMC\Texture\DestinationCodes\SP_Default_DestinationCodes.dds
[2026-09-22 23:04:57] Game Loading OBJ model from path: SP_E400MMC/Model/Converted/E400MMC_ADL_10.9m_Voith_LowHeight_obj/Interior/Cab/E4_Cab_Decals.obj
[2026-09-22 23:04:57] Game Finding texture with name: E4_Cab_Decals.png in root: SP_E400MMC/Model/Converted/E400MMC_ADL_10.9m_Voith_LowHeight_obj/Interior/Cab
[2026-09-22 23:04:57] Game Found texture at recursive path with extension: SP_E400MMC/Texture/E4_Cab_Decals.dds
[2026-09-22 23:04:57] Game Loading texture from path: SP_E400MMC/Texture/E4_Cab_Decals.dds
[2026-09-22 23:04:57] Game Loading OBJ model from path: SP_E400MMC/Model/Converted/E400MMC_ADL_10.9m_Voith_LowHeight_obj/Interior/E4_Interior_FrontMouldings_LD_Glass.obj
[2026-09-22 23:04:57] Game Finding texture with name: E4_Interior_FireExtinguisherGlass.png in root: SP_E400MMC/Model/Converted/E400MMC_ADL_10.9m_Voith_LowHeight_obj/Interior
[2026-09-22 23:04:57] Game Found texture at recursive path with extension: SP_E400MMC/Texture/E4_Interior_FireExtinguisherGlass.dds
[2026-09-22 23:04:57] Game Loading texture from path: SP_E400MMC/Texture/E4_Interior_FireExtinguisherGlass.dds
[2026-09-22 23:04:57] Game Reading image from path: SP_E400MMC\Texture\E4_Interior_FireExtinguisherGlass.dds
[2026-09-22 23:04:57] Game Loading OBJ model from path: SP_E400MMC/Model/Converted/E400MMC_ADL_10.9m_Voith_LowHeight_obj/Interior/LowHeight/E4_Interior_FrontMouldings_UD.obj
[2026-09-22 23:04:57] Game Finding texture with name: E4_Interior_FrontMouldings_UD_LowHeight.png in root: SP_E400MMC/Model/Converted/E400MMC_ADL_10.9m_Voith_LowHeight_obj/Interior/LowHeight
[2026-09-22 23:04:57] Game Found texture at recursive path: SP_E400MMC/Texture/_!Templates/E4_Interior_FrontMouldings_UD_LowHeight.png
[2026-09-22 23:04:57] Game Finding texture with name: E4_Interior_Poles.png in root: SP_E400MMC/Model/Converted/E400MMC_ADL_10.9m_Voith_LowHeight_obj/Interior/LowHeight
[2026-09-22 23:04:57] Game Found texture at recursive path with extension: SP_E400MMC/Texture/E4_Interior_Poles.dds
[2026-09-22 23:04:57] Game Loading texture from path: SP_E400MMC/Texture/_!Templates/E4_Interior_FrontMouldings_UD_LowHeight.png
[2026-09-22 23:04:57] Game Reading image from path: SP_E400MMC\Texture\_!Templates\E4_Interior_FrontMouldings_UD_LowHeight.png
[2026-09-22 23:04:57] Game Loading texture from path: SP_E400MMC/Texture/E4_Interior_Poles.dds
[2026-09-22 23:04:57] Game Reading image from path: SP_E400MMC\Texture\E4_Interior_Poles.dds
[2026-09-22 23:04:57] Game Loading OBJ model from path: SP_E400MMC/Model/Converted/E400MMC_ADL_10.9m_Voith_LowHeight_obj/Interior/LowHeight/E4_Interior_FrontMouldings_UD_Clips.obj
[2026-09-22 23:04:57] Game Finding texture with name: E4_Interior_Clips.png in root: SP_E400MMC/Model/Converted/E400MMC_ADL_10.9m_Voith_LowHeight_obj/Interior/LowHeight
[2026-09-22 23:04:57] Game Found texture at recursive path: SP_E400MMC/Texture/_!Templates/E4_Interior_Clips.png
[2026-09-22 23:04:57] Game Loading texture from path: SP_E400MMC/Texture/_!Templates/E4_Interior_Clips.png
[2026-09-22 23:04:57] Game Loading OBJ model from path: SP_E400MMC/Model/Converted/E400MMC_ADL_10.9m_Voith_LowHeight_obj/Interior/E4_Interior_FrontSeatMoulding.obj
[2026-09-22 23:04:57] Game Finding texture with name: E4_Interior_Mouldings_LD.png in root: SP_E400MMC/Model/Converted/E400MMC_ADL_10.9m_Voith_LowHeight_obj/Interior
[2026-09-22 23:04:57] Game Found texture at recursive path: SP_E400MMC/Texture/_!Templates/ADL/E4_Interior_Mouldings_LD.png
[2026-09-22 23:04:57] Game Loading texture from path: SP_E400MMC/Texture/_!Templates/ADL/E4_Interior_Mouldings_LD.png
[2026-09-22 23:04:57] Game Reading image from path: SP_E400MMC\Texture\_!Templates\ADL\E4_Interior_Mouldings_LD.png
[2026-09-22 23:04:57] Game Loading OBJ model from path: SP_E400MMC/Model/Converted/E400MMC_ADL_10.9m_Voith_LowHeight_obj/Interior/E4_Interior_HandHolds.obj
[2026-09-22 23:04:57] Game Finding texture with name: E4_Interior_HandHolds.png in root: SP_E400MMC/Model/Converted/E400MMC_ADL_10.9m_Voith_LowHeight_obj/Interior
[2026-09-22 23:04:57] Game Found texture at recursive path: SP_E400MMC/Texture/_!Templates/E4_Interior_HandHolds.png
[2026-09-22 23:04:57] Game Loading texture from path: SP_E400MMC/Texture/_!Templates/E4_Interior_HandHolds.png
[2026-09-22 23:04:57] Game Reading image from path: SP_E400MMC\Texture\_!Templates\E4_Interior_HandHolds.png
[2026-09-22 23:04:57] Game Loading OBJ model from path: SP_E400MMC/Model/Converted/E400MMC_ADL_10.9m_Voith_LowHeight_obj/Interior/E4_Interior_HandHolds_Anim.obj
[2026-09-22 23:04:57] Game Finding texture with name: E4_Interior_HandHolds.png in root: SP_E400MMC/Model/Converted/E400MMC_ADL_10.9m_Voith_LowHeight_obj/Interior
[2026-09-22 23:04:57] Game Found texture at recursive path: SP_E400MMC/Texture/_!Templates/E4_Interior_HandHolds.png
[2026-09-22 23:04:57] Game Loading texture from path: SP_E400MMC/Texture/_!Templates/E4_Interior_HandHolds.png
[2026-09-22 23:04:57] Game Loading OBJ model from path: SP_E400MMC/Model/Converted/E400MMC_ADL_10.9m_Voith_LowHeight_obj/Interior/LowHeight/E4_Interior_HANICS_LED.obj
[2026-09-22 23:04:57] Game Finding texture with name: SP_Hanics_LED.png in root: SP_E400MMC/Model/Converted/E400MMC_ADL_10.9m_Voith_LowHeight_obj/Interior/LowHeight
[2026-09-22 23:04:57] Game Found texture at recursive path with extension: SP_E400MMC/Texture/SP_Hanics_LED.dds
[2026-09-22 23:04:57] Game Finding texture with name: SP_Hanics_LED_Off.png in root: SP_E400MMC/Model/Converted/E400MMC_ADL_10.9m_Voith_LowHeight_obj/Interior/LowHeight
[2026-09-22 23:04:57] Game Found texture at recursive path with extension: SP_E400MMC/Texture/SP_Hanics_LED_Off.dds
[2026-09-22 23:04:57] Game Loading texture from path: SP_E400MMC/Texture/SP_Hanics_LED_Off.dds
[2026-09-22 23:04:57] Game Reading image from path: SP_E400MMC\Texture\SP_Hanics_LED_Off.dds
[2026-09-22 23:04:57] Game Loading OBJ model from path: SP_E400MMC/Model/Converted/E400MMC_ADL_10.9m_Voith_LowHeight_obj/Interior/LowHeight/E4_Interior_HANICS_LED_TT.obj
[2026-09-22 23:04:57] Game Loading OBJ model from path: SP_E400MMC/Model/Converted/E400MMC_ADL_10.9m_Voith_LowHeight_obj/Interior/E4_Interior_HANICS_LED_LD.obj
[2026-09-22 23:04:57] Game Finding texture with name: SP_Hanics_LED.png in root: SP_E400MMC/Model/Converted/E400MMC_ADL_10.9m_Voith_LowHeight_obj/Interior
[2026-09-22 23:04:57] Game Found texture at recursive path with extension: SP_E400MMC/Texture/SP_Hanics_LED.dds
[2026-09-22 23:04:57] Game Finding texture with name: SP_Hanics_LED_Off.png in root: SP_E400MMC/Model/Converted/E400MMC_ADL_10.9m_Voith_LowHeight_obj/Interior
[2026-09-22 23:04:57] Game Found texture at recursive path with extension: SP_E400MMC/Texture/SP_Hanics_LED_Off.dds
[2026-09-22 23:04:57] Game Loading texture from path: SP_E400MMC/Texture/SP_Hanics_LED_Off.dds
[2026-09-22 23:04:57] Game Loading OBJ model from path: SP_E400MMC/Model/Converted/E400MMC_ADL_10.9m_Voith_LowHeight_obj/Interior/E4_Interior_HANICS_LED_TT_LD.obj
[2026-09-22 23:04:57] Game Loading OBJ model from path: SP_E400MMC/Model/Converted/E400MMC_ADL_10.9m_Voith_LowHeight_obj/Interior/SPID/LowHeight/E4_Interior_SPID_UD.obj
[2026-09-22 23:04:57] Game Finding texture with name: Grey.png in root: SP_E400MMC/Model/Converted/E400MMC_ADL_10.9m_Voith_LowHeight_obj/Interior/SPID/LowHeight
[2026-09-22 23:04:57] Game Found texture at recursive path with extension: SP_E400MMC/Texture/Grey.bmp
[2026-09-22 23:04:57] Game Finding texture with name: Grey.png in root: SP_E400MMC/Model/Converted/E400MMC_ADL_10.9m_Voith_LowHeight_obj/Interior/SPID/LowHeight
[2026-09-22 23:04:57] Game Found texture at recursive path with extension: SP_E400MMC/Texture/Grey.bmp
[2026-09-22 23:04:57] Game Finding texture with name: E4_Cab_Misc.png in root: SP_E400MMC/Model/Converted/E400MMC_ADL_10.9m_Voith_LowHeight_obj/Interior/SPID/LowHeight
[2026-09-22 23:04:57] Game Found texture at recursive path with extension: SP_E400MMC/Texture/E4_Cab_Misc.dds
[2026-09-22 23:04:57] Game Finding texture with name: E4_Interior_Poles.png in root: SP_E400MMC/Model/Converted/E400MMC_ADL_10.9m_Voith_LowHeight_obj/Interior/SPID/LowHeight
[2026-09-22 23:04:57] Game Found texture at recursive path with extension: SP_E400MMC/Texture/E4_Interior_Poles.dds
[2026-09-22 23:04:57] Game Finding texture with name: trans.png in root: SP_E400MMC/Model/Converted/E400MMC_ADL_10.9m_Voith_LowHeight_obj/Interior/SPID/LowHeight
[2026-09-22 23:04:57] Game Found texture at recursive path with extension: SP_E400MMC/Texture/trans.dds
[2026-09-22 23:04:57] Game Finding texture with name: trans.png in root: SP_E400MMC/Model/Converted/E400MMC_ADL_10.9m_Voith_LowHeight_obj/Interior/SPID/LowHeight
[2026-09-22 23:04:57] Game Found texture at recursive path with extension: SP_E400MMC/Texture/trans.dds
[2026-09-22 23:04:57] Game Finding texture with name: reg.png in root: SP_E400MMC/Model/Converted/E400MMC_ADL_10.9m_Voith_LowHeight_obj/Interior/SPID/LowHeight
[2026-09-22 23:04:57] Game Found texture at recursive path with extension: SP_E400MMC/Texture/reg.dds
[2026-09-22 23:04:57] Game Finding texture with name: reg.png in root: SP_E400MMC/Model/Converted/E400MMC_ADL_10.9m_Voith_LowHeight_obj/Interior/SPID/LowHeight
[2026-09-22 23:04:57] Game Found texture at recursive path with extension: SP_E400MMC/Texture/reg.dds
[2026-09-22 23:04:57] Game Finding texture with name: reg.png in root: SP_E400MMC/Model/Converted/E400MMC_ADL_10.9m_Voith_LowHeight_obj/Interior/SPID/LowHeight
[2026-09-22 23:04:57] Game Found texture at recursive path with extension: SP_E400MMC/Texture/reg.dds
[2026-09-22 23:04:57] Game Finding texture with name: reg.png in root: SP_E400MMC/Model/Converted/E400MMC_ADL_10.9m_Voith_LowHeight_obj/Interior/SPID/LowHeight
[2026-09-22 23:04:57] Game Found texture at recursive path with extension: SP_E400MMC/Texture/reg.dds
[2026-09-22 23:04:57] Game Finding texture with name: reg.png in root: SP_E400MMC/Model/Converted/E400MMC_ADL_10.9m_Voith_LowHeight_obj/Interior/SPID/LowHeight
[2026-09-22 23:04:57] Game Found texture at recursive path with extension: SP_E400MMC/Texture/reg.dds
[2026-09-22 23:04:57] Game Finding texture with name: reg.png in root: SP_E400MMC/Model/Converted/E400MMC_ADL_10.9m_Voith_LowHeight_obj/Interior/SPID/LowHeight
[2026-09-22 23:04:57] Game Found texture at recursive path with extension: SP_E400MMC/Texture/reg.dds
[2026-09-22 23:04:57] Game Finding texture with name: reg.png in root: SP_E400MMC/Model/Converted/E400MMC_ADL_10.9m_Voith_LowHeight_obj/Interior/SPID/LowHeight
[2026-09-22 23:04:57] Game Found texture at recursive path with extension: SP_E400MMC/Texture/reg.dds
[2026-09-22 23:04:57] Game Finding texture with name: Glass.png in root: SP_E400MMC/Model/Converted/E400MMC_ADL_10.9m_Voith_LowHeight_obj/Interior/SPID/LowHeight
[2026-09-22 23:04:57] Game Found texture at recursive path with extension: SP_E400MMC/Texture/Glass.dds
[2026-09-22 23:04:57] Game Loading texture from path: SP_E400MMC/Texture/E4_Cab_Misc.dds
[2026-09-22 23:04:57] Game Loading texture from path: SP_E400MMC/Texture/Grey.bmp
[2026-09-22 23:04:57] Game Loading texture from path: SP_E400MMC/Texture/reg.dds
[2026-09-22 23:04:57] Game Loading texture from path: SP_E400MMC/Texture/E4_Interior_Poles.dds
[2026-09-22 23:04:57] Game Loading texture from path: SP_E400MMC/Texture/trans.dds
[2026-09-22 23:04:57] Game Loading OBJ model from path: SP_E400MMC/Model/Converted/E400MMC_ADL_10.9m_Voith_LowHeight_obj/Interior/SPID/E4_Interior_SPID_LDStaircase.obj
[2026-09-22 23:04:57] Game Finding texture with name: Grey.png in root: SP_E400MMC/Model/Converted/E400MMC_ADL_10.9m_Voith_LowHeight_obj/Interior/SPID
[2026-09-22 23:04:57] Game Found texture at recursive path with extension: SP_E400MMC/Texture/Grey.bmp
[2026-09-22 23:04:57] Game Finding texture with name: Grey.png in root: SP_E400MMC/Model/Converted/E400MMC_ADL_10.9m_Voith_LowHeight_obj/Interior/SPID
[2026-09-22 23:04:57] Game Found texture at recursive path with extension: SP_E400MMC/Texture/Grey.bmp
[2026-09-22 23:04:57] Game Finding texture with name: E4_Cab_Misc.png in root: SP_E400MMC/Model/Converted/E400MMC_ADL_10.9m_Voith_LowHeight_obj/Interior/SPID
[2026-09-22 23:04:57] Game Found texture at recursive path with extension: SP_E400MMC/Texture/E4_Cab_Misc.dds
[2026-09-22 23:04:57] Game Finding texture with name: E4_Interior_Poles.png in root: SP_E400MMC/Model/Converted/E400MMC_ADL_10.9m_Voith_LowHeight_obj/Interior/SPID
[2026-09-22 23:04:57] Game Found texture at recursive path with extension: SP_E400MMC/Texture/E4_Interior_Poles.dds
[2026-09-22 23:04:57] Game Finding texture with name: trans.png in root: SP_E400MMC/Model/Converted/E400MMC_ADL_10.9m_Voith_LowHeight_obj/Interior/SPID
[2026-09-22 23:04:57] Game Found texture at recursive path with extension: SP_E400MMC/Texture/trans.dds
[2026-09-22 23:04:57] Game Finding texture with name: trans.png in root: SP_E400MMC/Model/Converted/E400MMC_ADL_10.9m_Voith_LowHeight_obj/Interior/SPID
[2026-09-22 23:04:57] Game Found texture at recursive path with extension: SP_E400MMC/Texture/trans.dds
[2026-09-22 23:04:57] Game Finding texture with name: reg.png in root: SP_E400MMC/Model/Converted/E400MMC_ADL_10.9m_Voith_LowHeight_obj/Interior/SPID
[2026-09-22 23:04:57] Game Found texture at recursive path with extension: SP_E400MMC/Texture/reg.dds
[2026-09-22 23:04:57] Game Finding texture with name: reg.png in root: SP_E400MMC/Model/Converted/E400MMC_ADL_10.9m_Voith_LowHeight_obj/Interior/SPID
[2026-09-22 23:04:57] Game Found texture at recursive path with extension: SP_E400MMC/Texture/reg.dds
[2026-09-22 23:04:57] Game Finding texture with name: reg.png in root: SP_E400MMC/Model/Converted/E400MMC_ADL_10.9m_Voith_LowHeight_obj/Interior/SPID
[2026-09-22 23:04:57] Game Found texture at recursive path with extension: SP_E400MMC/Texture/reg.dds
[2026-09-22 23:04:57] Game Finding texture with name: reg.png in root: SP_E400MMC/Model/Converted/E400MMC_ADL_10.9m_Voith_LowHeight_obj/Interior/SPID
[2026-09-22 23:04:57] Game Found texture at recursive path with extension: SP_E400MMC/Texture/reg.dds
[2026-09-22 23:04:57] Game Finding texture with name: reg.png in root: SP_E400MMC/Model/Converted/E400MMC_ADL_10.9m_Voith_LowHeight_obj/Interior/SPID
[2026-09-22 23:04:57] Game Found texture at recursive path with extension: SP_E400MMC/Texture/reg.dds
[2026-09-22 23:04:57] Game Finding texture with name: reg.png in root: SP_E400MMC/Model/Converted/E400MMC_ADL_10.9m_Voith_LowHeight_obj/Interior/SPID
[2026-09-22 23:04:57] Game Found texture at recursive path with extension: SP_E400MMC/Texture/reg.dds
[2026-09-22 23:04:57] Game Finding texture with name: reg.png in root: SP_E400MMC/Model/Converted/E400MMC_ADL_10.9m_Voith_LowHeight_obj/Interior/SPID
[2026-09-22 23:04:57] Game Found texture at recursive path with extension: SP_E400MMC/Texture/reg.dds
[2026-09-22 23:04:57] Game Finding texture with name: Glass.png in root: SP_E400MMC/Model/Converted/E400MMC_ADL_10.9m_Voith_LowHeight_obj/Interior/SPID
[2026-09-22 23:04:57] Game Found texture at recursive path with extension: SP_E400MMC/Texture/Glass.dds
[2026-09-22 23:04:57] Game Loading texture from path: SP_E400MMC/Texture/E4_Cab_Misc.dds
[2026-09-22 23:04:57] Game Loading texture from path: SP_E400MMC/Texture/Grey.bmp
[2026-09-22 23:04:57] Game Loading texture from path: SP_E400MMC/Texture/reg.dds
[2026-09-22 23:04:57] Game Loading texture from path: SP_E400MMC/Texture/trans.dds
[2026-09-22 23:04:57] Game Loading texture from path: SP_E400MMC/Texture/Glass.dds
[2026-09-22 23:04:57] Game Reading image from path: SP_E400MMC\Texture\Glass.dds
[2026-09-22 23:04:57] Game Loading OBJ model from path: SP_E400MMC/Model/Converted/E400MMC_ADL_10.9m_Voith_LowHeight_obj/Interior/SPID/E4_Interior_SPID_LDWheelchair.obj
[2026-09-22 23:04:57] Game Finding texture with name: Grey.png in root: SP_E400MMC/Model/Converted/E400MMC_ADL_10.9m_Voith_LowHeight_obj/Interior/SPID
[2026-09-22 23:04:57] Game Found texture at recursive path with extension: SP_E400MMC/Texture/Grey.bmp
[2026-09-22 23:04:57] Game Finding texture with name: Grey.png in root: SP_E400MMC/Model/Converted/E400MMC_ADL_10.9m_Voith_LowHeight_obj/Interior/SPID
[2026-09-22 23:04:57] Game Found texture at recursive path with extension: SP_E400MMC/Texture/Grey.bmp
[2026-09-22 23:04:57] Game Finding texture with name: E4_Cab_Misc.png in root: SP_E400MMC/Model/Converted/E400MMC_ADL_10.9m_Voith_LowHeight_obj/Interior/SPID
[2026-09-22 23:04:57] Game Found texture at recursive path with extension: SP_E400MMC/Texture/E4_Cab_Misc.dds
[2026-09-22 23:04:57] Game Finding texture with name: E4_Interior_Poles.png in root: SP_E400MMC/Model/Converted/E400MMC_ADL_10.9m_Voith_LowHeight_obj/Interior/SPID
[2026-09-22 23:04:57] Game Found texture at recursive path with extension: SP_E400MMC/Texture/E4_Interior_Poles.dds
[2026-09-22 23:04:57] Game Finding texture with name: trans.png in root: SP_E400MMC/Model/Converted/E400MMC_ADL_10.9m_Voith_LowHeight_obj/Interior/SPID
[2026-09-22 23:04:57] Game Found texture at recursive path with extension: SP_E400MMC/Texture/trans.dds
[2026-09-22 23:04:57] Game Finding texture with name: trans.png in root: SP_E400MMC/Model/Converted/E400MMC_ADL_10.9m_Voith_LowHeight_obj/Interior/SPID
[2026-09-22 23:04:57] Game Found texture at recursive path with extension: SP_E400MMC/Texture/trans.dds
[2026-09-22 23:04:57] Game Finding texture with name: reg.png in root: SP_E400MMC/Model/Converted/E400MMC_ADL_10.9m_Voith_LowHeight_obj/Interior/SPID
[2026-09-22 23:04:57] Game Found texture at recursive path with extension: SP_E400MMC/Texture/reg.dds
[2026-09-22 23:04:57] Game Finding texture with name: reg.png in root: SP_E400MMC/Model/Converted/E400MMC_ADL_10.9m_Voith_LowHeight_obj/Interior/SPID
[2026-09-22 23:04:57] Game Found texture at recursive path with extension: SP_E400MMC/Texture/reg.dds
[2026-09-22 23:04:57] Game Finding texture with name: reg.png in root: SP_E400MMC/Model/Converted/E400MMC_ADL_10.9m_Voith_LowHeight_obj/Interior/SPID
[2026-09-22 23:04:57] Game Found texture at recursive path with extension: SP_E400MMC/Texture/reg.dds
[2026-09-22 23:04:57] Game Finding texture with name: reg.png in root: SP_E400MMC/Model/Converted/E400MMC_ADL_10.9m_Voith_LowHeight_obj/Interior/SPID
[2026-09-22 23:04:57] Game Found texture at recursive path with extension: SP_E400MMC/Texture/reg.dds
[2026-09-22 23:04:58] Game Finding texture with name: reg.png in root: SP_E400MMC/Model/Converted/E400MMC_ADL_10.9m_Voith_LowHeight_obj/Interior/SPID
[2026-09-22 23:04:58] Game Found texture at recursive path with extension: SP_E400MMC/Texture/reg.dds
[2026-09-22 23:04:58] Game Finding texture with name: reg.png in root: SP_E400MMC/Model/Converted/E400MMC_ADL_10.9m_Voith_LowHeight_obj/Interior/SPID
[2026-09-22 23:04:58] Game Found texture at recursive path with extension: SP_E400MMC/Texture/reg.dds
[2026-09-22 23:04:58] Game Finding texture with name: reg.png in root: SP_E400MMC/Model/Converted/E400MMC_ADL_10.9m_Voith_LowHeight_obj/Interior/SPID
[2026-09-22 23:04:58] Game Found texture at recursive path with extension: SP_E400MMC/Texture/reg.dds
[2026-09-22 23:04:58] Game Finding texture with name: Glass.png in root: SP_E400MMC/Model/Converted/E400MMC_ADL_10.9m_Voith_LowHeight_obj/Interior/SPID
[2026-09-22 23:04:58] Game Found texture at recursive path with extension: SP_E400MMC/Texture/Glass.dds
[2026-09-22 23:04:58] Game Loading texture from path: SP_E400MMC/Texture/E4_Cab_Misc.dds
[2026-09-22 23:04:58] Game Loading texture from path: SP_E400MMC/Texture/Grey.bmp
[2026-09-22 23:04:58] Game Loading texture from path: SP_E400MMC/Texture/reg.dds
[2026-09-22 23:04:58] Game Loading texture from path: SP_E400MMC/Texture/E4_Interior_Poles.dds
[2026-09-22 23:04:58] Game Loading texture from path: SP_E400MMC/Texture/trans.dds
[2026-09-22 23:04:58] Game Loading texture from path: SP_E400MMC/Texture/Glass.dds
[2026-09-22 23:04:58] Game Loading OBJ model from path: SP_E400MMC/Model/Converted/E400MMC_ADL_10.9m_Voith_LowHeight_obj/Interior/E4_Interior_LeafletHolder.obj
[2026-09-22 23:04:58] Game Finding texture with name: E4_Interior_LeafletHolder.png in root: SP_E400MMC/Model/Converted/E400MMC_ADL_10.9m_Voith_LowHeight_obj/Interior
[2026-09-22 23:04:58] Game Found texture at recursive path: SP_E400MMC/Texture/_!Templates/E4_Interior_LeafletHolder.png
[2026-09-22 23:04:58] Game Loading texture from path: SP_E400MMC/Texture/_!Templates/E4_Interior_LeafletHolder.png
[2026-09-22 23:04:58] Game Reading image from path: SP_E400MMC\Texture\_!Templates\E4_Interior_LeafletHolder.png
[2026-09-22 23:04:58] Game Loading OBJ model from path: SP_E400MMC/Model/Converted/E400MMC_ADL_10.9m_Voith_LowHeight_obj/Interior/ADL/10.9m/LowHeight/E4_Interior_Light_Left.obj
[2026-09-22 23:04:58] Game Finding texture with name: E4_InteriorLight.png in root: SP_E400MMC/Model/Converted/E400MMC_ADL_10.9m_Voith_LowHeight_obj/Interior/ADL/10.9m/LowHeight
[2026-09-22 23:04:58] Game Found texture at recursive path with extension: SP_E400MMC/Texture/E4_InteriorLight.dds
[2026-09-22 23:04:58] Game Loading texture from path: SP_E400MMC/Texture/E4_InteriorLight.dds
[2026-09-22 23:04:58] Game Reading image from path: SP_E400MMC\Texture\E4_InteriorLight.dds
[2026-09-22 23:04:58] Game Loading OBJ model from path: SP_E400MMC/Model/Converted/E400MMC_ADL_10.9m_Voith_LowHeight_obj/Interior/ADL/10.9m/LowHeight/E4_Interior_Light_Right.obj
[2026-09-22 23:04:58] Game Finding texture with name: E4_InteriorLight.png in root: SP_E400MMC/Model/Converted/E400MMC_ADL_10.9m_Voith_LowHeight_obj/Interior/ADL/10.9m/LowHeight
[2026-09-22 23:04:58] Game Found texture at recursive path with extension: SP_E400MMC/Texture/E4_InteriorLight.dds
[2026-09-22 23:04:58] Game Loading texture from path: SP_E400MMC/Texture/E4_InteriorLight.dds
[2026-09-22 23:04:58] Game Loading OBJ model from path: SP_E400MMC/Model/Converted/E400MMC_ADL_10.9m_Voith_LowHeight_obj/Interior/ADL/10.9m/LowHeight/E4_Interior_Light_Connectors.obj
[2026-09-22 23:04:58] Game Finding texture with name: E4_Interior_Ceiling_10.9.png in root: SP_E400MMC/Model/Converted/E400MMC_ADL_10.9m_Voith_LowHeight_obj/Interior/ADL/10.9m/LowHeight
[2026-09-22 23:04:58] Game Found texture at recursive path: SP_E400MMC/Texture/_!Templates/ADL/10.9m/E4_Interior_Ceiling_10.9.png
[2026-09-22 23:04:58] Game Loading texture from path: SP_E400MMC/Texture/_!Templates/ADL/10.9m/E4_Interior_Ceiling_10.9.png
[2026-09-22 23:04:58] Game Loading OBJ model from path: SP_E400MMC/Model/Converted/E400MMC_ADL_10.9m_Voith_LowHeight_obj/Interior/E4_Interior_Light_Door.obj
[2026-09-22 23:04:58] Game Finding texture with name: E4_InteriorLight.png in root: SP_E400MMC/Model/Converted/E400MMC_ADL_10.9m_Voith_LowHeight_obj/Interior
[2026-09-22 23:04:58] Game Found texture at recursive path with extension: SP_E400MMC/Texture/E4_InteriorLight.dds
[2026-09-22 23:04:58] Game Loading texture from path: SP_E400MMC/Texture/E4_InteriorLight.dds
[2026-09-22 23:04:58] Game Loading OBJ model from path: SP_E400MMC/Model/Converted/E400MMC_ADL_10.9m_Voith_LowHeight_obj/Interior/ADL/10.9m/E4_Interior_MouldedSeats_LD.obj
[2026-09-22 23:04:58] Game Finding texture with name: E4_Interior_MouldedSeats.png in root: SP_E400MMC/Model/Converted/E400MMC_ADL_10.9m_Voith_LowHeight_obj/Interior/ADL/10.9m
[2026-09-22 23:04:58] Game Found texture at recursive path: SP_E400MMC/Texture/_!Templates/E4_Interior_MouldedSeats.png
[2026-09-22 23:04:58] Game Loading texture from path: SP_E400MMC/Texture/_!Templates/E4_Interior_MouldedSeats.png
[2026-09-22 23:04:58] Game Reading image from path: SP_E400MMC\Texture\_!Templates\E4_Interior_MouldedSeats.png
[2026-09-22 23:04:58] Game Loading OBJ model from path: SP_E400MMC/Model/Converted/E400MMC_ADL_10.9m_Voith_LowHeight_obj/Interior/ADL/10.9m/E4_Interior_MouldedSeats_UD.obj
[2026-09-22 23:04:58] Game Finding texture with name: E4_Interior_MouldedSeats.png in root: SP_E400MMC/Model/Converted/E400MMC_ADL_10.9m_Voith_LowHeight_obj/Interior/ADL/10.9m
[2026-09-22 23:04:58] Game Found texture at recursive path: SP_E400MMC/Texture/_!Templates/E4_Interior_MouldedSeats.png
[2026-09-22 23:04:58] Game Loading texture from path: SP_E400MMC/Texture/_!Templates/E4_Interior_MouldedSeats.png
[2026-09-22 23:04:58] Game Loading OBJ model from path: SP_E400MMC/Model/Converted/E400MMC_ADL_10.9m_Voith_LowHeight_obj/Interior/ADL/10.9m/E4_Interior_Mouldings_LD.obj
[2026-09-22 23:04:58] Game Finding texture with name: E4_Interior_Mouldings_LD.png in root: SP_E400MMC/Model/Converted/E400MMC_ADL_10.9m_Voith_LowHeight_obj/Interior/ADL/10.9m
[2026-09-22 23:04:58] Game Found texture at recursive path: SP_E400MMC/Texture/_!Templates/ADL/E4_Interior_Mouldings_LD.png
[2026-09-22 23:04:58] Game Loading texture from path: SP_E400MMC/Texture/_!Templates/ADL/E4_Interior_Mouldings_LD.png
[2026-09-22 23:04:58] Game Loading OBJ model from path: SP_E400MMC/Model/Converted/E400MMC_ADL_10.9m_Voith_LowHeight_obj/Interior/ADL/10.9m/E4_Interior_Mouldings_LD_TicketBin.obj
[2026-09-22 23:04:58] Game Finding texture with name: E4_Interior_Mouldings_LD.png in root: SP_E400MMC/Model/Converted/E400MMC_ADL_10.9m_Voith_LowHeight_obj/Interior/ADL/10.9m
[2026-09-22 23:04:58] Game Found texture at recursive path: SP_E400MMC/Texture/_!Templates/ADL/E4_Interior_Mouldings_LD.png
[2026-09-22 23:04:58] Game Loading texture from path: SP_E400MMC/Texture/_!Templates/ADL/E4_Interior_Mouldings_LD.png
[2026-09-22 23:04:58] Game Loading OBJ model from path: SP_E400MMC/Model/Converted/E400MMC_ADL_10.9m_Voith_LowHeight_obj/Interior/ADL/10.9m/E4_Interior_Poles_Detail.obj
[2026-09-22 23:04:58] Game Finding texture with name: E4_Interior_Poles.png in root: SP_E400MMC/Model/Converted/E400MMC_ADL_10.9m_Voith_LowHeight_obj/Interior/ADL/10.9m
[2026-09-22 23:04:58] Game Found texture at recursive path with extension: SP_E400MMC/Texture/E4_Interior_Poles.dds
[2026-09-22 23:04:58] Game Finding texture with name: Grey.png in root: SP_E400MMC/Model/Converted/E400MMC_ADL_10.9m_Voith_LowHeight_obj/Interior/ADL/10.9m
[2026-09-22 23:04:58] Game Found texture at recursive path with extension: SP_E400MMC/Texture/Grey.bmp
[2026-09-22 23:04:58] Game Loading texture from path: SP_E400MMC/Texture/E4_Interior_Poles.dds
[2026-09-22 23:04:58] Game Loading texture from path: SP_E400MMC/Texture/Grey.bmp
[2026-09-22 23:04:58] Game Loading OBJ model from path: SP_E400MMC/Model/Converted/E400MMC_ADL_10.9m_Voith_LowHeight_obj/Interior/ADL/10.9m/LowHeight/E4_Interior_Poles_Fittings.obj
[2026-09-22 23:04:58] Game Finding texture with name: E4_Interior_Ceiling_10.9.png in root: SP_E400MMC/Model/Converted/E400MMC_ADL_10.9m_Voith_LowHeight_obj/Interior/ADL/10.9m/LowHeight
[2026-09-22 23:04:58] Game Found texture at recursive path: SP_E400MMC/Texture/_!Templates/ADL/10.9m/E4_Interior_Ceiling_10.9.png
[2026-09-22 23:04:58] Game Loading texture from path: SP_E400MMC/Texture/_!Templates/ADL/10.9m/E4_Interior_Ceiling_10.9.png
[2026-09-22 23:04:58] Game Loading OBJ model from path: SP_E400MMC/Model/Converted/E400MMC_ADL_10.9m_Voith_LowHeight_obj/Interior/E4_Interior_Poles_LD_FrontGlass.obj
[2026-09-22 23:04:58] Game Finding texture with name: E4_Interior_Misc.png in root: SP_E400MMC/Model/Converted/E400MMC_ADL_10.9m_Voith_LowHeight_obj/Interior
[2026-09-22 23:04:58] Game Found texture at recursive path: SP_E400MMC/Texture/_!Templates/E4_Interior_Misc.png
[2026-09-22 23:04:58] Game Loading texture from path: SP_E400MMC/Texture/_!Templates/E4_Interior_Misc.png
[2026-09-22 23:04:58] Game Loading OBJ model from path: SP_E400MMC/Model/Converted/E400MMC_ADL_10.9m_Voith_LowHeight_obj/Interior/LowHeight/E4_Interior_Poles_Staircase.obj
[2026-09-22 23:04:58] Game Finding texture with name: E4_Interior_Poles.png in root: SP_E400MMC/Model/Converted/E400MMC_ADL_10.9m_Voith_LowHeight_obj/Interior/LowHeight
[2026-09-22 23:04:58] Game Found texture at recursive path with extension: SP_E400MMC/Texture/E4_Interior_Poles.dds
[2026-09-22 23:04:58] Game Loading texture from path: SP_E400MMC/Texture/E4_Interior_Poles.dds
[2026-09-22 23:04:58] Game Loading OBJ model from path: SP_E400MMC/Model/Converted/E400MMC_ADL_10.9m_Voith_LowHeight_obj/Interior/E4_Interior_Poles_Connectors_Staircase_LD.obj
[2026-09-22 23:04:58] Game Finding texture with name: E4_Interior_Poles.png in root: SP_E400MMC/Model/Converted/E400MMC_ADL_10.9m_Voith_LowHeight_obj/Interior
[2026-09-22 23:04:58] Game Found texture at recursive path with extension: SP_E400MMC/Texture/E4_Interior_Poles.dds
[2026-09-22 23:04:58] Game Finding texture with name: Grey.png in root: SP_E400MMC/Model/Converted/E400MMC_ADL_10.9m_Voith_LowHeight_obj/Interior
[2026-09-22 23:04:58] Game Found texture at recursive path with extension: SP_E400MMC/Texture/Grey.bmp
[2026-09-22 23:04:58] Game Loading texture from path: SP_E400MMC/Texture/E4_Interior_Poles.dds
[2026-09-22 23:04:58] Game Loading texture from path: SP_E400MMC/Texture/Grey.bmp
[2026-09-22 23:04:58] Game Loading OBJ model from path: SP_E400MMC/Model/Converted/E400MMC_ADL_10.9m_Voith_LowHeight_obj/Interior/E4_Interior_Poles_Connectors_Staircase_UD.obj
[2026-09-22 23:04:58] Game Finding texture with name: E4_Interior_Poles.png in root: SP_E400MMC/Model/Converted/E400MMC_ADL_10.9m_Voith_LowHeight_obj/Interior
[2026-09-22 23:04:58] Game Found texture at recursive path with extension: SP_E400MMC/Texture/E4_Interior_Poles.dds
[2026-09-22 23:04:58] Game Finding texture with name: Grey.png in root: SP_E400MMC/Model/Converted/E400MMC_ADL_10.9m_Voith_LowHeight_obj/Interior
[2026-09-22 23:04:58] Game Found texture at recursive path with extension: SP_E400MMC/Texture/Grey.bmp
[2026-09-22 23:04:58] Game Loading texture from path: SP_E400MMC/Texture/E4_Interior_Poles.dds
[2026-09-22 23:04:58] Game Loading texture from path: SP_E400MMC/Texture/Grey.bmp
[2026-09-22 23:04:58] Game Loading OBJ model from path: SP_E400MMC/Model/Converted/E400MMC_ADL_10.9m_Voith_LowHeight_obj/Interior/ADL/10.9m/E4_Interior_Poles_Connectors_Mirror.obj
[2026-09-22 23:04:58] Game Finding texture with name: E4_Interior_Poles.png in root: SP_E400MMC/Model/Converted/E400MMC_ADL_10.9m_Voith_LowHeight_obj/Interior/ADL/10.9m
[2026-09-22 23:04:58] Game Found texture at recursive path with extension: SP_E400MMC/Texture/E4_Interior_Poles.dds
[2026-09-22 23:04:58] Game Loading texture from path: SP_E400MMC/Texture/E4_Interior_Poles.dds
[2026-09-22 23:04:58] Game Loading OBJ model from path: SP_E400MMC/Model/Converted/E400MMC_ADL_10.9m_Voith_LowHeight_obj/Interior/ADL/10.9m/E4_Interior_Ramp.obj
[2026-09-22 23:04:58] Game Finding texture with name: E4_Ramp.png in root: SP_E400MMC/Model/Converted/E400MMC_ADL_10.9m_Voith_LowHeight_obj/Interior/ADL/10.9m
[2026-09-22 23:04:58] Game Found texture at recursive path with extension: SP_E400MMC/Texture/E4_Ramp.dds
[2026-09-22 23:04:58] Game Finding texture with name: E4_Interior_Floor_10.9.png in root: SP_E400MMC/Model/Converted/E400MMC_ADL_10.9m_Voith_LowHeight_obj/Interior/ADL/10.9m
[2026-09-22 23:04:58] Game Found texture at recursive path: SP_E400MMC/Texture/_!Templates/ADL/10.9m/E4_Interior_Floor_10.9.png
[2026-09-22 23:04:58] Game Loading texture from path: SP_E400MMC/Texture/E4_Ramp.dds
[2026-09-22 23:04:58] Game Reading image from path: SP_E400MMC\Texture\E4_Ramp.dds
[2026-09-22 23:04:58] Game Loading texture from path: SP_E400MMC/Texture/_!Templates/ADL/10.9m/E4_Interior_Floor_10.9.png
[2026-09-22 23:04:58] Game Reading image from path: SP_E400MMC\Texture\_!Templates\ADL\10.9m\E4_Interior_Floor_10.9.png
[2026-09-22 23:04:58] Game Loading OBJ model from path: SP_E400MMC/Model/Converted/E400MMC_ADL_10.9m_Voith_LowHeight_obj/Interior/E4_Interior_Ramp_Base.obj
[2026-09-22 23:04:58] Game Finding texture with name: E4_Ramp.png in root: SP_E400MMC/Model/Converted/E400MMC_ADL_10.9m_Voith_LowHeight_obj/Interior
[2026-09-22 23:04:58] Game Found texture at recursive path with extension: SP_E400MMC/Texture/E4_Ramp.dds
[2026-09-22 23:04:58] Game Loading texture from path: SP_E400MMC/Texture/E4_Ramp.dds
[2026-09-22 23:04:58] Game Loading OBJ model from path: SP_E400MMC/Model/Converted/E400MMC_ADL_10.9m_Voith_LowHeight_obj/Interior/E4_Interior_Ramp_Step.obj
[2026-09-22 23:04:58] Game Finding texture with name: E4_StepEdge.png in root: SP_E400MMC/Model/Converted/E400MMC_ADL_10.9m_Voith_LowHeight_obj/Interior
[2026-09-22 23:04:58] Game Found texture at recursive path with extension: SP_E400MMC/Texture/E4_StepEdge.dds
[2026-09-22 23:04:58] Game Finding texture with name: Grey.png in root: SP_E400MMC/Model/Converted/E400MMC_ADL_10.9m_Voith_LowHeight_obj/Interior
[2026-09-22 23:04:58] Game Found texture at recursive path with extension: SP_E400MMC/Texture/Grey.bmp
[2026-09-22 23:04:58] Game Finding texture with name: E4_Ramp.png in root: SP_E400MMC/Model/Converted/E400MMC_ADL_10.9m_Voith_LowHeight_obj/Interior
[2026-09-22 23:04:58] Game Found texture at recursive path with extension: SP_E400MMC/Texture/E4_Ramp.dds
[2026-09-22 23:04:58] Game Loading texture from path: SP_E400MMC/Texture/Grey.bmp
[2026-09-22 23:04:58] Game Loading texture from path: SP_E400MMC/Texture/E4_StepEdge.dds
[2026-09-22 23:04:58] Game Reading image from path: SP_E400MMC\Texture\E4_StepEdge.dds
[2026-09-22 23:04:58] Game Loading texture from path: SP_E400MMC/Texture/E4_Ramp.dds
[2026-09-22 23:04:58] Game Loading OBJ model from path: SP_E400MMC/Model/Converted/E400MMC_ADL_10.9m_Voith_LowHeight_obj/Interior/ADL/10.9m/LowHeight/E4_Interior_RearMouldings_UD.obj
[2026-09-22 23:04:58] Game Finding texture with name: E4_Interior_Walls_10.9_LowHeight.png in root: SP_E400MMC/Model/Converted/E400MMC_ADL_10.9m_Voith_LowHeight_obj/Interior/ADL/10.9m/LowHeight
[2026-09-22 23:04:58] Game Found texture at recursive path: SP_E400MMC/Texture/_!Templates/ADL/10.9m/Low Height/E4_Interior_Walls_10.9_LowHeight.png
[2026-09-22 23:04:58] Game Loading texture from path: SP_E400MMC/Texture/_!Templates/ADL/10.9m/Low Height/E4_Interior_Walls_10.9_LowHeight.png
[2026-09-22 23:04:58] Game Loading OBJ model from path: SP_E400MMC/Model/Converted/E400MMC_ADL_10.9m_Voith_LowHeight_obj/Interior/ADL/10.9m/LowHeight/E4_Interior_Speakers.obj
[2026-09-22 23:04:58] Game Finding texture with name: E4_Interior_Speaker.png in root: SP_E400MMC/Model/Converted/E400MMC_ADL_10.9m_Voith_LowHeight_obj/Interior/ADL/10.9m/LowHeight
[2026-09-22 23:04:58] Game Found texture at recursive path with extension: SP_E400MMC/Texture/E4_Interior_Speaker.dds
[2026-09-22 23:04:58] Game Loading texture from path: SP_E400MMC/Texture/E4_Interior_Speaker.dds
[2026-09-22 23:04:58] Game Reading image from path: SP_E400MMC\Texture\E4_Interior_Speaker.dds
[2026-09-22 23:04:58] Game Loading OBJ model from path: SP_E400MMC/Model/Converted/E400MMC_ADL_10.9m_Voith_LowHeight_obj/Interior/ADL/10.9m/LowHeight/E4_Interior_StaircaseMouldings_LD.obj
[2026-09-22 23:04:58] Game Finding texture with name: E4_Interior_Walls_10.9_LowHeight.png in root: SP_E400MMC/Model/Converted/E400MMC_ADL_10.9m_Voith_LowHeight_obj/Interior/ADL/10.9m/LowHeight
[2026-09-22 23:04:58] Game Found texture at recursive path: SP_E400MMC/Texture/_!Templates/ADL/10.9m/Low Height/E4_Interior_Walls_10.9_LowHeight.png
[2026-09-22 23:04:58] Game Finding texture with name: E4_Interior_FrontMouldings_UD.png in root: SP_E400MMC/Model/Converted/E400MMC_ADL_10.9m_Voith_LowHeight_obj/Interior/ADL/10.9m/LowHeight
[2026-09-22 23:04:58] Game Found texture at recursive path: SP_E400MMC/Texture/_!Templates/E4_Interior_FrontMouldings_UD.png
[2026-09-22 23:04:58] Game Finding texture with name: E4_Interior_Floor_10.9.png in root: SP_E400MMC/Model/Converted/E400MMC_ADL_10.9m_Voith_LowHeight_obj/Interior/ADL/10.9m/LowHeight
[2026-09-22 23:04:58] Game Found texture at recursive path: SP_E400MMC/Texture/_!Templates/ADL/10.9m/E4_Interior_Floor_10.9.png
[2026-09-22 23:04:58] Game Loading texture from path: SP_E400MMC/Texture/_!Templates/ADL/10.9m/Low Height/E4_Interior_Walls_10.9_LowHeight.png
[2026-09-22 23:04:58] Game Loading OBJ model from path: SP_E400MMC/Model/Converted/E400MMC_ADL_10.9m_Voith_LowHeight_obj/Interior/E4_Interior_StaircaseMouldings_Screws.obj
[2026-09-22 23:04:58] Game Finding texture with name: E4_Interior_Misc.png in root: SP_E400MMC/Model/Converted/E400MMC_ADL_10.9m_Voith_LowHeight_obj/Interior
[2026-09-22 23:04:58] Game Found texture at recursive path: SP_E400MMC/Texture/_!Templates/E4_Interior_Misc.png
[2026-09-22 23:04:58] Game Loading texture from path: SP_E400MMC/Texture/_!Templates/E4_Interior_Misc.png
[2026-09-22 23:04:58] Game Loading OBJ model from path: SP_E400MMC/Model/Converted/E400MMC_ADL_10.9m_Voith_LowHeight_obj/Interior/E4_Interior_StairLights.obj
[2026-09-22 23:04:58] Game Finding texture with name: E4_Cab_Misc.png in root: SP_E400MMC/Model/Converted/E400MMC_ADL_10.9m_Voith_LowHeight_obj/Interior
[2026-09-22 23:04:58] Game Found texture at recursive path with extension: SP_E400MMC/Texture/E4_Cab_Misc.dds
[2026-09-22 23:04:58] Game Loading texture from path: SP_E400MMC/Texture/E4_Cab_Misc.dds
[2026-09-22 23:04:58] Game Loading OBJ model from path: SP_E400MMC/Model/Converted/E400MMC_ADL_10.9m_Voith_LowHeight_obj/Interior/E4_Interior_StaircaseMouldings_Screws_UD.obj
[2026-09-22 23:04:58] Game Finding texture with name: E4_Interior_Misc.png in root: SP_E400MMC/Model/Converted/E400MMC_ADL_10.9m_Voith_LowHeight_obj/Interior
[2026-09-22 23:04:58] Game Found texture at recursive path: SP_E400MMC/Texture/_!Templates/E4_Interior_Misc.png
[2026-09-22 23:04:58] Game Loading texture from path: SP_E400MMC/Texture/_!Templates/E4_Interior_Misc.png
[2026-09-22 23:04:58] Game Loading OBJ model from path: SP_E400MMC/Model/Converted/E400MMC_ADL_10.9m_Voith_LowHeight_obj/Interior/ADL/10.9m/E4_Interior_StepEdgings.obj
[2026-09-22 23:04:58] Game Finding texture with name: E4_StepEdge.png in root: SP_E400MMC/Model/Converted/E400MMC_ADL_10.9m_Voith_LowHeight_obj/Interior/ADL/10.9m
[2026-09-22 23:04:58] Game Found texture at recursive path with extension: SP_E400MMC/Texture/E4_StepEdge.dds
[2026-09-22 23:04:58] Game Loading texture from path: SP_E400MMC/Texture/E4_StepEdge.dds
[2026-09-22 23:04:58] Game Loading OBJ model from path: SP_E400MMC/Model/Converted/E400MMC_ADL_10.9m_Voith_LowHeight_obj/Interior/E4_Interior_StepEdgings_Staircase.obj
[2026-09-22 23:04:58] Game Finding texture with name: E4_StepEdge.png in root: SP_E400MMC/Model/Converted/E400MMC_ADL_10.9m_Voith_LowHeight_obj/Interior
[2026-09-22 23:04:58] Game Found texture at recursive path with extension: SP_E400MMC/Texture/E4_StepEdge.dds
[2026-09-22 23:04:58] Game Loading texture from path: SP_E400MMC/Texture/E4_StepEdge.dds
[2026-09-22 23:04:58] Game Loading OBJ model from path: SP_E400MMC/Model/Converted/E400MMC_ADL_10.9m_Voith_LowHeight_obj/Interior/ADL/10.9m/E4_Interior_StopBells_Disabled.obj
[2026-09-22 23:04:58] Game Finding texture with name: E4_Interior_StopBells_Disabled.png in root: SP_E400MMC/Model/Converted/E400MMC_ADL_10.9m_Voith_LowHeight_obj/Interior/ADL/10.9m
[2026-09-22 23:04:58] Game Found texture at recursive path with extension: SP_E400MMC/Texture/E4_Interior_StopBells_Disabled.dds
[2026-09-22 23:04:58] Game Loading texture from path: SP_E400MMC/Texture/E4_Interior_StopBells_Disabled.dds
[2026-09-22 23:04:58] Game Reading image from path: SP_E400MMC\Texture\E4_Interior_StopBells_Disabled.dds
[2026-09-22 23:04:58] Game Loading OBJ model from path: SP_E400MMC/Model/Converted/E400MMC_ADL_10.9m_Voith_LowHeight_obj/Interior/E4_Interior_TaxDiscHolder.obj
[2026-09-22 23:04:58] Game Finding texture with name: E4_Cab_Misc.png in root: SP_E400MMC/Model/Converted/E400MMC_ADL_10.9m_Voith_LowHeight_obj/Interior
[2026-09-22 23:04:58] Game Found texture at recursive path with extension: SP_E400MMC/Texture/E4_Cab_Misc.dds
[2026-09-22 23:04:58] Game Loading texture from path: SP_E400MMC/Texture/E4_Cab_Misc.dds
[2026-09-22 23:04:58] Game Loading OBJ model from path: SP_E400MMC/Model/Converted/E400MMC_ADL_10.9m_Voith_LowHeight_obj/Interior/ADL/10.9m/E4_Interior_Mirrors.obj
[2026-09-22 23:04:58] Game Finding texture with name: E4_Interior_Mirrors.png in root: SP_E400MMC/Model/Converted/E400MMC_ADL_10.9m_Voith_LowHeight_obj/Interior/ADL/10.9m
[2026-09-22 23:04:58] Game Found texture at recursive path: SP_E400MMC/Texture/_!Templates/E4_Interior_Mirrors.png
[2026-09-22 23:04:58] Game Finding texture with name: reflexion5.png in root: SP_E400MMC/Model/Converted/E400MMC_ADL_10.9m_Voith_LowHeight_obj/Interior/ADL/10.9m
[2026-09-22 23:04:58] Game Found texture at recursive path with extension: SP_E400MMC/Texture/reflexion5.bmp
[2026-09-22 23:04:58] Game Finding texture with name: reflexion9.png in root: SP_E400MMC/Model/Converted/E400MMC_ADL_10.9m_Voith_LowHeight_obj/Interior/ADL/10.9m
[2026-09-22 23:04:58] Game Found texture at recursive path with extension: SP_E400MMC/Texture/reflexion9.bmp
[2026-09-22 23:04:58] Game Loading texture from path: SP_E400MMC/Texture/reflexion5.bmp
[2026-09-22 23:04:58] Game Reading image from path: SP_E400MMC\Texture\reflexion5.bmp
[2026-09-22 23:04:58] Game Loading texture from path: SP_E400MMC/Texture/_!Templates/E4_Interior_Mirrors.png
[2026-09-22 23:04:58] Game Reading image from path: SP_E400MMC\Texture\_!Templates\E4_Interior_Mirrors.png
[2026-09-22 23:04:58] Game Loading texture from path: SP_E400MMC/Texture/reflexion9.bmp
[2026-09-22 23:04:58] Game Reading image from path: SP_E400MMC\Texture\reflexion9.bmp
[2026-09-22 23:04:58] Game Loading OBJ model from path: SP_E400MMC/Model/Converted/E400MMC_ADL_10.9m_Voith_LowHeight_obj/Interior/LowHeight/E4_Interior_Vents_Front.obj
[2026-09-22 23:04:58] Game Finding texture with name: E4_Cab_Misc.png in root: SP_E400MMC/Model/Converted/E400MMC_ADL_10.9m_Voith_LowHeight_obj/Interior/LowHeight
[2026-09-22 23:04:58] Game Found texture at recursive path with extension: SP_E400MMC/Texture/E4_Cab_Misc.dds
[2026-09-22 23:04:58] Game Loading texture from path: SP_E400MMC/Texture/E4_Cab_Misc.dds
[2026-09-22 23:04:58] Game Loading OBJ model from path: SP_E400MMC/Model/Converted/E400MMC_ADL_10.9m_Voith_LowHeight_obj/Interior/ADL/10.9m/E4_Interior_Misc.obj
[2026-09-22 23:04:58] Game Finding texture with name: E4_Interior_Misc.png in root: SP_E400MMC/Model/Converted/E400MMC_ADL_10.9m_Voith_LowHeight_obj/Interior/ADL/10.9m
[2026-09-22 23:04:58] Game Found texture at recursive path: SP_E400MMC/Texture/_!Templates/E4_Interior_Misc.png
[2026-09-22 23:04:58] Game Loading texture from path: SP_E400MMC/Texture/_!Templates/E4_Interior_Misc.png
[2026-09-22 23:04:58] Game Loading OBJ model from path: SP_E400MMC/Model/Converted/E400MMC_ADL_10.9m_Voith_LowHeight_obj/Interior/ADL/10.9m/E4_Interior_MouldedVents.obj
[2026-09-22 23:04:58] Game Finding texture with name: E4_Interior_Misc.png in root: SP_E400MMC/Model/Converted/E400MMC_ADL_10.9m_Voith_LowHeight_obj/Interior/ADL/10.9m
[2026-09-22 23:04:58] Game Found texture at recursive path: SP_E400MMC/Texture/_!Templates/E4_Interior_Misc.png
[2026-09-22 23:04:58] Game Loading texture from path: SP_E400MMC/Texture/_!Templates/E4_Interior_Misc.png
[2026-09-22 23:04:58] Game Loading OBJ model from path: SP_E400MMC/Model/Converted/E400MMC_ADL_10.9m_Voith_LowHeight_obj/Interior/ADL/10.9m/LowHeight/E4_Interior_Walls.obj
[2026-09-22 23:04:58] Game Finding texture with name: E4_Interior_Walls_10.9_LowHeight.png in root: SP_E400MMC/Model/Converted/E400MMC_ADL_10.9m_Voith_LowHeight_obj/Interior/ADL/10.9m/LowHeight
[2026-09-22 23:04:58] Game Found texture at recursive path: SP_E400MMC/Texture/_!Templates/ADL/10.9m/Low Height/E4_Interior_Walls_10.9_LowHeight.png
[2026-09-22 23:04:58] Game Loading texture from path: SP_E400MMC/Texture/_!Templates/ADL/10.9m/Low Height/E4_Interior_Walls_10.9_LowHeight.png
[2026-09-22 23:04:58] Game Loading OBJ model from path: SP_E400MMC/Model/Converted/E400MMC_ADL_10.9m_Voith_LowHeight_obj/Interior/ADL/10.9m/LowHeight/E4_Interior_WallPanels.obj
[2026-09-22 23:04:58] Game Finding texture with name: E4_Interior_Misc.png in root: SP_E400MMC/Model/Converted/E400MMC_ADL_10.9m_Voith_LowHeight_obj/Interior/ADL/10.9m/LowHeight
[2026-09-22 23:04:58] Game Found texture at recursive path: SP_E400MMC/Texture/_!Templates/E4_Interior_Misc.png
[2026-09-22 23:04:58] Game Loading texture from path: SP_E400MMC/Texture/_!Templates/E4_Interior_Misc.png
[2026-09-22 23:04:58] Game Loading OBJ model from path: SP_E400MMC/Model/Converted/E400MMC_ADL_10.9m_Voith_LowHeight_obj/Interior/ADL/10.9m/LowHeight/E4_Interior_WindowRubber.obj
[2026-09-22 23:04:58] Game Finding texture with name: E4_Interior_WindowRubber.png in root: SP_E400MMC/Model/Converted/E400MMC_ADL_10.9m_Voith_LowHeight_obj/Interior/ADL/10.9m/LowHeight
[2026-09-22 23:04:58] Game Found texture at recursive path: SP_E400MMC/Texture/_!Templates/E4_Interior_WindowRubber.png
[2026-09-22 23:04:58] Game Loading texture from path: SP_E400MMC/Texture/_!Templates/E4_Interior_WindowRubber.png
[2026-09-22 23:04:58] Game Reading image from path: SP_E400MMC\Texture\_!Templates\E4_Interior_WindowRubber.png
[2026-09-22 23:04:58] Game Loading OBJ model from path: SP_E400MMC/Model/Converted/E400MMC_ADL_10.9m_Voith_LowHeight_obj/Interior/E4_Interior_WindowRubber_SideDisplay_Bottom.obj
[2026-09-22 23:04:58] Game Finding texture with name: E4_Interior_WindowRubber.png in root: SP_E400MMC/Model/Converted/E400MMC_ADL_10.9m_Voith_LowHeight_obj/Interior
[2026-09-22 23:04:58] Game Found texture at recursive path: SP_E400MMC/Texture/_!Templates/E4_Interior_WindowRubber.png
[2026-09-22 23:04:58] Game Loading texture from path: SP_E400MMC/Texture/_!Templates/E4_Interior_WindowRubber.png
[2026-09-22 23:04:58] Game Loading OBJ model from path: SP_E400MMC/Model/Converted/E400MMC_ADL_10.9m_Voith_LowHeight_obj/Interior/E4_Interior_WindowRubber_SideDisplay_Top.obj
[2026-09-22 23:04:58] Game Finding texture with name: E4_Interior_WindowRubber.png in root: SP_E400MMC/Model/Converted/E400MMC_ADL_10.9m_Voith_LowHeight_obj/Interior
[2026-09-22 23:04:58] Game Found texture at recursive path: SP_E400MMC/Texture/_!Templates/E4_Interior_WindowRubber.png
[2026-09-22 23:04:58] Game Loading texture from path: SP_E400MMC/Texture/_!Templates/E4_Interior_WindowRubber.png
[2026-09-22 23:04:58] Game Loading OBJ model from path: SP_E400MMC/Model/Converted/E400MMC_ADL_10.9m_Voith_LowHeight_obj/Interior/ADL/10.9m/LowHeight/E4_Interior_WindowSurrounds.obj
[2026-09-22 23:04:58] Game Finding texture with name: E4_Interior_WindowSurrounds_10.9_LowHeight.png in root: SP_E400MMC/Model/Converted/E400MMC_ADL_10.9m_Voith_LowHeight_obj/Interior/ADL/10.9m/LowHeight
[2026-09-22 23:04:58] Game Found texture at recursive path: SP_E400MMC/Texture/_!Templates/ADL/10.9m/Low Height/E4_Interior_WindowSurrounds_10.9_LowHeight.png
[2026-09-22 23:04:58] Game Loading texture from path: SP_E400MMC/Texture/_!Templates/ADL/10.9m/Low Height/E4_Interior_WindowSurrounds_10.9_LowHeight.png
[2026-09-22 23:04:58] Game Reading image from path: SP_E400MMC\Texture\_!Templates\ADL\10.9m\Low Height\E4_Interior_WindowSurrounds_10.9_LowHeight.png
[2026-09-22 23:04:58] Game Loading OBJ model from path: SP_E400MMC/Model/Converted/E400MMC_ADL_10.9m_Voith_LowHeight_obj/Interior/E4_Interior_Jumpseats.obj
[2026-09-22 23:04:58] Game Finding texture with name: E4_Interior_Jumpseat.png in root: SP_E400MMC/Model/Converted/E400MMC_ADL_10.9m_Voith_LowHeight_obj/Interior
[2026-09-22 23:04:58] Game Found texture at recursive path: SP_E400MMC/Texture/_!Templates/E4_Interior_Jumpseat.png
[2026-09-22 23:04:58] Game Finding texture with name: E4_Interior_DisabledJumpseats.png in root: SP_E400MMC/Model/Converted/E400MMC_ADL_10.9m_Voith_LowHeight_obj/Interior
[2026-09-22 23:04:58] Game Found texture at recursive path: SP_E400MMC/Texture/_!Templates/E4_Interior_DisabledJumpseats.png
[2026-09-22 23:04:58] Game Loading texture from path: SP_E400MMC/Texture/_!Templates/E4_Interior_Jumpseat.png
[2026-09-22 23:04:58] Game Reading image from path: SP_E400MMC\Texture\_!Templates\E4_Interior_Jumpseat.png
[2026-09-22 23:04:58] Game Loading texture from path: SP_E400MMC/Texture/_!Templates/E4_Interior_DisabledJumpseats.png
[2026-09-22 23:04:58] Game Reading image from path: SP_E400MMC\Texture\_!Templates\E4_Interior_DisabledJumpseats.png
[2026-09-22 23:04:58] Game Loading OBJ model from path: SP_E400MMC/Model/Converted/E400MMC_ADL_10.9m_Voith_LowHeight_obj/Interior/E4_Interior_Jumpseat_Disabled.obj
[2026-09-22 23:04:58] Game Finding texture with name: E4_Interior_DisabledJumpseats.png in root: SP_E400MMC/Model/Converted/E400MMC_ADL_10.9m_Voith_LowHeight_obj/Interior
[2026-09-22 23:04:58] Game Found texture at recursive path: SP_E400MMC/Texture/_!Templates/E4_Interior_DisabledJumpseats.png
[2026-09-22 23:04:58] Game Loading texture from path: SP_E400MMC/Texture/_!Templates/E4_Interior_DisabledJumpseats.png
[2026-09-22 23:04:58] Game Loading OBJ model from path: SP_E400MMC/Model/Converted/E400MMC_ADL_10.9m_Voith_LowHeight_obj/Interior/E4_Interior_Jumpseat_1.obj
[2026-09-22 23:04:58] Game Finding texture with name: E4_Interior_Jumpseat.png in root: SP_E400MMC/Model/Converted/E400MMC_ADL_10.9m_Voith_LowHeight_obj/Interior
[2026-09-22 23:04:58] Game Found texture at recursive path: SP_E400MMC/Texture/_!Templates/E4_Interior_Jumpseat.png
[2026-09-22 23:04:58] Game Loading texture from path: SP_E400MMC/Texture/_!Templates/E4_Interior_Jumpseat.png
[2026-09-22 23:04:58] Game Loading OBJ model from path: SP_E400MMC/Model/Converted/E400MMC_ADL_10.9m_Voith_LowHeight_obj/Interior/E4_Interior_Jumpseat_2.obj
[2026-09-22 23:04:58] Game Finding texture with name: E4_Interior_Jumpseat.png in root: SP_E400MMC/Model/Converted/E400MMC_ADL_10.9m_Voith_LowHeight_obj/Interior
[2026-09-22 23:04:58] Game Found texture at recursive path: SP_E400MMC/Texture/_!Templates/E4_Interior_Jumpseat.png
[2026-09-22 23:04:58] Game Loading texture from path: SP_E400MMC/Texture/_!Templates/E4_Interior_Jumpseat.png
[2026-09-22 23:04:58] Game Loading OBJ model from path: SP_E400MMC/Model/Converted/E400MMC_ADL_10.9m_Voith_LowHeight_obj/Interior/E4_Interior_Jumpseat_3.obj
[2026-09-22 23:04:58] Game Finding texture with name: E4_Interior_Jumpseat.png in root: SP_E400MMC/Model/Converted/E400MMC_ADL_10.9m_Voith_LowHeight_obj/Interior
[2026-09-22 23:04:58] Game Found texture at recursive path: SP_E400MMC/Texture/_!Templates/E4_Interior_Jumpseat.png
[2026-09-22 23:04:58] Game Loading texture from path: SP_E400MMC/Texture/_!Templates/E4_Interior_Jumpseat.png
[2026-09-22 23:04:58] Game Loading OBJ model from path: SP_E400MMC/Model/Converted/E400MMC_ADL_10.9m_Voith_LowHeight_obj/Interior/ADL/10.9m/E4_Interior_Floor_LD.obj
[2026-09-22 23:04:58] Game Finding texture with name: E4_Interior_Floor_10.9.png in root: SP_E400MMC/Model/Converted/E400MMC_ADL_10.9m_Voith_LowHeight_obj/Interior/ADL/10.9m
[2026-09-22 23:04:58] Game Found texture at recursive path: SP_E400MMC/Texture/_!Templates/ADL/10.9m/E4_Interior_Floor_10.9.png
[2026-09-22 23:04:58] Game Loading texture from path: SP_E400MMC/Texture/_!Templates/ADL/10.9m/E4_Interior_Floor_10.9.png
[2026-09-22 23:04:58] Game Loading OBJ model from path: SP_E400MMC/Model/Converted/E400MMC_ADL_10.9m_Voith_LowHeight_obj/Interior/ADL/10.9m/E4_Interior_Floor_Staircase.obj
[2026-09-22 23:04:58] Game Finding texture with name: E4_Interior_Floor_10.9.png in root: SP_E400MMC/Model/Converted/E400MMC_ADL_10.9m_Voith_LowHeight_obj/Interior/ADL/10.9m
[2026-09-22 23:04:58] Game Found texture at recursive path: SP_E400MMC/Texture/_!Templates/ADL/10.9m/E4_Interior_Floor_10.9.png
[2026-09-22 23:04:58] Game Finding texture with name: E4_Interior_FrontMouldings_UD.png in root: SP_E400MMC/Model/Converted/E400MMC_ADL_10.9m_Voith_LowHeight_obj/Interior/ADL/10.9m
[2026-09-22 23:04:58] Game Found texture at recursive path: SP_E400MMC/Texture/_!Templates/E4_Interior_FrontMouldings_UD.png
[2026-09-22 23:04:58] Game Loading texture from path: SP_E400MMC/Texture/_!Templates/ADL/10.9m/E4_Interior_Floor_10.9.png
[2026-09-22 23:04:58] Game Loading OBJ model from path: SP_E400MMC/Model/Converted/E400MMC_ADL_10.9m_Voith_LowHeight_obj/Interior/ADL/10.9m/E4_Interior_Floor_UD.obj
[2026-09-22 23:04:58] Game Finding texture with name: E4_Interior_Floor_10.9.png in root: SP_E400MMC/Model/Converted/E400MMC_ADL_10.9m_Voith_LowHeight_obj/Interior/ADL/10.9m
[2026-09-22 23:04:58] Game Found texture at recursive path: SP_E400MMC/Texture/_!Templates/ADL/10.9m/E4_Interior_Floor_10.9.png
[2026-09-22 23:04:58] Game Loading texture from path: SP_E400MMC/Texture/_!Templates/ADL/10.9m/E4_Interior_Floor_10.9.png
[2026-09-22 23:04:58] Game Loading OBJ model from path: SP_E400MMC/Model/Converted/E400MMC_ADL_10.9m_Voith_LowHeight_obj/Interior/ADL/10.9m/E4_Interior_Smartseats_1.obj
[2026-09-22 23:04:58] Game Finding texture with name: E4_Smartseats.png in root: SP_E400MMC/Model/Converted/E400MMC_ADL_10.9m_Voith_LowHeight_obj/Interior/ADL/10.9m
[2026-09-22 23:04:58] Game Found texture at recursive path: SP_E400MMC/Texture/_!Templates/E4_Smartseats.png
[2026-09-22 23:04:58] Game Loading texture from path: SP_E400MMC/Texture/_!Templates/E4_Smartseats.png
[2026-09-22 23:04:58] Game Reading image from path: SP_E400MMC\Texture\_!Templates\E4_Smartseats.png
[2026-09-22 23:04:58] Game Loading OBJ model from path: SP_E400MMC/Model/Converted/E400MMC_ADL_10.9m_Voith_LowHeight_obj/Interior/ADL/10.9m/E4_Interior_Smartseats_2.obj
[2026-09-22 23:04:58] Game Finding texture with name: E4_Smartseats.png in root: SP_E400MMC/Model/Converted/E400MMC_ADL_10.9m_Voith_LowHeight_obj/Interior/ADL/10.9m
[2026-09-22 23:04:58] Game Found texture at recursive path: SP_E400MMC/Texture/_!Templates/E4_Smartseats.png
[2026-09-22 23:04:58] Game Loading texture from path: SP_E400MMC/Texture/_!Templates/E4_Smartseats.png
[2026-09-22 23:04:58] Game Loading OBJ model from path: SP_E400MMC/Model/Converted/E400MMC_ADL_10.9m_Voith_LowHeight_obj/Interior/ADL/10.9m/E4_Interior_Smartseats_3.obj
[2026-09-22 23:04:59] Game Finding texture with name: E4_Smartseats.png in root: SP_E400MMC/Model/Converted/E400MMC_ADL_10.9m_Voith_LowHeight_obj/Interior/ADL/10.9m
[2026-09-22 23:04:59] Game Found texture at recursive path: SP_E400MMC/Texture/_!Templates/E4_Smartseats.png
[2026-09-22 23:04:59] Game Loading texture from path: SP_E400MMC/Texture/_!Templates/E4_Smartseats.png
[2026-09-22 23:04:59] Game Loading OBJ model from path: SP_E400MMC/Model/Converted/E400MMC_ADL_10.9m_Voith_LowHeight_obj/Interior/ADL/10.9m/E4_Interior_StopBells_Smartseats.obj
[2026-09-22 23:04:59] Game Finding texture with name: E4_Interior_StopBells.png in root: SP_E400MMC/Model/Converted/E400MMC_ADL_10.9m_Voith_LowHeight_obj/Interior/ADL/10.9m
[2026-09-22 23:04:59] Game Found texture at recursive path: SP_E400MMC/Texture/_!Templates/E4_Interior_StopBells.png
[2026-09-22 23:04:59] Game Loading texture from path: SP_E400MMC/Texture/_!Templates/E4_Interior_StopBells.png
[2026-09-22 23:04:59] Game Reading image from path: SP_E400MMC\Texture\_!Templates\E4_Interior_StopBells.png
[2026-09-22 23:04:59] Game Loading OBJ model from path: SP_E400MMC/Model/Converted/E400MMC_ADL_10.9m_Voith_LowHeight_obj/Interior/ADL/10.9m/LowHeight/E4_Interior_Poles_Smartseats.obj
[2026-09-22 23:04:59] Game Finding texture with name: E4_Interior_Poles.png in root: SP_E400MMC/Model/Converted/E400MMC_ADL_10.9m_Voith_LowHeight_obj/Interior/ADL/10.9m/LowHeight
[2026-09-22 23:04:59] Game Found texture at recursive path with extension: SP_E400MMC/Texture/E4_Interior_Poles.dds
[2026-09-22 23:04:59] Game Loading texture from path: SP_E400MMC/Texture/E4_Interior_Poles.dds
[2026-09-22 23:04:59] Game Loading OBJ model from path: SP_E400MMC/Model/Converted/E400MMC_ADL_10.9m_Voith_LowHeight_obj/Interior/ADL/10.9m/E4_Interior_Highbacks_1.obj
[2026-09-22 23:04:59] Game Finding texture with name: E4_LazzeriniHighbacks.png in root: SP_E400MMC/Model/Converted/E400MMC_ADL_10.9m_Voith_LowHeight_obj/Interior/ADL/10.9m
[2026-09-22 23:04:59] Game Found texture at recursive path: SP_E400MMC/Texture/_!Templates/E4_LazzeriniHighbacks.png
[2026-09-22 23:04:59] Game Loading texture from path: SP_E400MMC/Texture/_!Templates/E4_LazzeriniHighbacks.png
[2026-09-22 23:04:59] Game Reading image from path: SP_E400MMC\Texture\_!Templates\E4_LazzeriniHighbacks.png
[2026-09-22 23:04:59] Game Loading OBJ model from path: SP_E400MMC/Model/Converted/E400MMC_ADL_10.9m_Voith_LowHeight_obj/Interior/ADL/10.9m/E4_Interior_Highbacks_2.obj
[2026-09-22 23:04:59] Game Finding texture with name: E4_LazzeriniHighbacks.png in root: SP_E400MMC/Model/Converted/E400MMC_ADL_10.9m_Voith_LowHeight_obj/Interior/ADL/10.9m
[2026-09-22 23:04:59] Game Found texture at recursive path: SP_E400MMC/Texture/_!Templates/E4_LazzeriniHighbacks.png
[2026-09-22 23:04:59] Game Loading texture from path: SP_E400MMC/Texture/_!Templates/E4_LazzeriniHighbacks.png
[2026-09-22 23:04:59] Game Loading OBJ model from path: SP_E400MMC/Model/Converted/E400MMC_ADL_10.9m_Voith_LowHeight_obj/Interior/ADL/10.9m/E4_Interior_Highbacks_3.obj
[2026-09-22 23:04:59] Game Finding texture with name: E4_LazzeriniHighbacks.png in root: SP_E400MMC/Model/Converted/E400MMC_ADL_10.9m_Voith_LowHeight_obj/Interior/ADL/10.9m
[2026-09-22 23:04:59] Game Found texture at recursive path: SP_E400MMC/Texture/_!Templates/E4_LazzeriniHighbacks.png
[2026-09-22 23:04:59] Game Loading texture from path: SP_E400MMC/Texture/_!Templates/E4_LazzeriniHighbacks.png
[2026-09-22 23:04:59] Game Loading OBJ model from path: SP_E400MMC/Model/Converted/E400MMC_ADL_10.9m_Voith_LowHeight_obj/Interior/ADL/10.9m/E4_Interior_StopBells_Highbacks.obj
[2026-09-22 23:04:59] Game Finding texture with name: E4_Interior_StopBells.png in root: SP_E400MMC/Model/Converted/E400MMC_ADL_10.9m_Voith_LowHeight_obj/Interior/ADL/10.9m
[2026-09-22 23:04:59] Game Found texture at recursive path: SP_E400MMC/Texture/_!Templates/E4_Interior_StopBells.png
[2026-09-22 23:04:59] Game Loading texture from path: SP_E400MMC/Texture/_!Templates/E4_Interior_StopBells.png
[2026-09-22 23:04:59] Game Loading OBJ model from path: SP_E400MMC/Model/Converted/E400MMC_ADL_10.9m_Voith_LowHeight_obj/Interior/ADL/10.9m/LowHeight/E4_Interior_Poles_Highbacks.obj
[2026-09-22 23:04:59] Game Finding texture with name: E4_Interior_Poles.png in root: SP_E400MMC/Model/Converted/E400MMC_ADL_10.9m_Voith_LowHeight_obj/Interior/ADL/10.9m/LowHeight
[2026-09-22 23:04:59] Game Found texture at recursive path with extension: SP_E400MMC/Texture/E4_Interior_Poles.dds
[2026-09-22 23:04:59] Game Loading texture from path: SP_E400MMC/Texture/E4_Interior_Poles.dds
[2026-09-22 23:04:59] Game Loading OBJ model from path: SP_E400MMC/Model/Converted/E400MMC_ADL_10.9m_Voith_LowHeight_obj/Interior/ADL/10.9m/E4_Interior_V3_1.obj
[2026-09-22 23:04:59] Game Finding texture with name: E4_Civics.png in root: SP_E400MMC/Model/Converted/E400MMC_ADL_10.9m_Voith_LowHeight_obj/Interior/ADL/10.9m
[2026-09-22 23:04:59] Game Found texture at recursive path: SP_E400MMC/Texture/_!Templates/E4_Civics.png
[2026-09-22 23:04:59] Game Finding texture with name: E4_Interior_Poles.png in root: SP_E400MMC/Model/Converted/E400MMC_ADL_10.9m_Voith_LowHeight_obj/Interior/ADL/10.9m
[2026-09-22 23:04:59] Game Found texture at recursive path with extension: SP_E400MMC/Texture/E4_Interior_Poles.dds
[2026-09-22 23:04:59] Game Loading texture from path: SP_E400MMC/Texture/_!Templates/E4_Civics.png
[2026-09-22 23:04:59] Game Reading image from path: SP_E400MMC\Texture\_!Templates\E4_Civics.png
[2026-09-22 23:04:59] Game Loading texture from path: SP_E400MMC/Texture/E4_Interior_Poles.dds
[2026-09-22 23:04:59] Game Loading OBJ model from path: SP_E400MMC/Model/Converted/E400MMC_ADL_10.9m_Voith_LowHeight_obj/Interior/ADL/10.9m/E4_Interior_V3_2.obj
[2026-09-22 23:04:59] Game Finding texture with name: E4_Civics.png in root: SP_E400MMC/Model/Converted/E400MMC_ADL_10.9m_Voith_LowHeight_obj/Interior/ADL/10.9m
[2026-09-22 23:04:59] Game Found texture at recursive path: SP_E400MMC/Texture/_!Templates/E4_Civics.png
[2026-09-22 23:04:59] Game Finding texture with name: E4_Interior_Poles.png in root: SP_E400MMC/Model/Converted/E400MMC_ADL_10.9m_Voith_LowHeight_obj/Interior/ADL/10.9m
[2026-09-22 23:04:59] Game Found texture at recursive path with extension: SP_E400MMC/Texture/E4_Interior_Poles.dds
[2026-09-22 23:04:59] Game Loading texture from path: SP_E400MMC/Texture/_!Templates/E4_Civics.png
[2026-09-22 23:04:59] Game Loading texture from path: SP_E400MMC/Texture/E4_Interior_Poles.dds
[2026-09-22 23:04:59] Game Loading OBJ model from path: SP_E400MMC/Model/Converted/E400MMC_ADL_10.9m_Voith_LowHeight_obj/Interior/ADL/10.9m/E4_Interior_V3_3.obj
[2026-09-22 23:04:59] Game Finding texture with name: E4_Civics.png in root: SP_E400MMC/Model/Converted/E400MMC_ADL_10.9m_Voith_LowHeight_obj/Interior/ADL/10.9m
[2026-09-22 23:04:59] Game Found texture at recursive path: SP_E400MMC/Texture/_!Templates/E4_Civics.png
[2026-09-22 23:04:59] Game Finding texture with name: E4_Interior_Poles.png in root: SP_E400MMC/Model/Converted/E400MMC_ADL_10.9m_Voith_LowHeight_obj/Interior/ADL/10.9m
[2026-09-22 23:04:59] Game Found texture at recursive path with extension: SP_E400MMC/Texture/E4_Interior_Poles.dds
[2026-09-22 23:04:59] Game Loading texture from path: SP_E400MMC/Texture/_!Templates/E4_Civics.png
[2026-09-22 23:04:59] Game Loading texture from path: SP_E400MMC/Texture/E4_Interior_Poles.dds
[2026-09-22 23:04:59] Game Loading OBJ model from path: SP_E400MMC/Model/Converted/E400MMC_ADL_10.9m_Voith_LowHeight_obj/Interior/ADL/10.9m/E4_Interior_StopBells_V3.obj
[2026-09-22 23:04:59] Game Finding texture with name: E4_Interior_StopBells.png in root: SP_E400MMC/Model/Converted/E400MMC_ADL_10.9m_Voith_LowHeight_obj/Interior/ADL/10.9m
[2026-09-22 23:04:59] Game Found texture at recursive path: SP_E400MMC/Texture/_!Templates/E4_Interior_StopBells.png
[2026-09-22 23:04:59] Game Loading texture from path: SP_E400MMC/Texture/_!Templates/E4_Interior_StopBells.png
[2026-09-22 23:04:59] Game Loading OBJ model from path: SP_E400MMC/Model/Converted/E400MMC_ADL_10.9m_Voith_LowHeight_obj/Interior/ADL/10.9m/LowHeight/E4_Interior_Poles_V3.obj
[2026-09-22 23:04:59] Game Finding texture with name: E4_Interior_Poles.png in root: SP_E400MMC/Model/Converted/E400MMC_ADL_10.9m_Voith_LowHeight_obj/Interior/ADL/10.9m/LowHeight
[2026-09-22 23:04:59] Game Found texture at recursive path with extension: SP_E400MMC/Texture/E4_Interior_Poles.dds
[2026-09-22 23:04:59] Game Loading texture from path: SP_E400MMC/Texture/E4_Interior_Poles.dds
[2026-09-22 23:04:59] Game Loading OBJ model from path: SP_E400MMC/Model/Converted/E400MMC_ADL_10.9m_Voith_LowHeight_obj/Interior/ADL/10.9m/E4_Interior_V2_1.obj
[2026-09-22 23:04:59] Game Finding texture with name: E4_Civics.png in root: SP_E400MMC/Model/Converted/E400MMC_ADL_10.9m_Voith_LowHeight_obj/Interior/ADL/10.9m
[2026-09-22 23:04:59] Game Found texture at recursive path: SP_E400MMC/Texture/_!Templates/E4_Civics.png
[2026-09-22 23:04:59] Game Loading texture from path: SP_E400MMC/Texture/_!Templates/E4_Civics.png
[2026-09-22 23:04:59] Game Loading OBJ model from path: SP_E400MMC/Model/Converted/E400MMC_ADL_10.9m_Voith_LowHeight_obj/Interior/ADL/10.9m/E4_Interior_V2_2.obj
[2026-09-22 23:04:59] Game Finding texture with name: E4_Civics.png in root: SP_E400MMC/Model/Converted/E400MMC_ADL_10.9m_Voith_LowHeight_obj/Interior/ADL/10.9m
[2026-09-22 23:04:59] Game Found texture at recursive path: SP_E400MMC/Texture/_!Templates/E4_Civics.png
[2026-09-22 23:04:59] Game Loading texture from path: SP_E400MMC/Texture/_!Templates/E4_Civics.png
[2026-09-22 23:04:59] Game Loading OBJ model from path: SP_E400MMC/Model/Converted/E400MMC_ADL_10.9m_Voith_LowHeight_obj/Interior/ADL/10.9m/E4_Interior_V2_3.obj
[2026-09-22 23:04:59] Game Finding texture with name: E4_Civics.png in root: SP_E400MMC/Model/Converted/E400MMC_ADL_10.9m_Voith_LowHeight_obj/Interior/ADL/10.9m
[2026-09-22 23:04:59] Game Found texture at recursive path: SP_E400MMC/Texture/_!Templates/E4_Civics.png
[2026-09-22 23:04:59] Game Loading texture from path: SP_E400MMC/Texture/_!Templates/E4_Civics.png
[2026-09-22 23:04:59] Game Loading OBJ model from path: SP_E400MMC/Model/Converted/E400MMC_ADL_10.9m_Voith_LowHeight_obj/Interior/ADL/10.9m/E4_Interior_StopBells_V2.obj
[2026-09-22 23:05:00] Game Finding texture with name: E4_Interior_StopBells.png in root: SP_E400MMC/Model/Converted/E400MMC_ADL_10.9m_Voith_LowHeight_obj/Interior/ADL/10.9m
[2026-09-22 23:05:00] Game Found texture at recursive path: SP_E400MMC/Texture/_!Templates/E4_Interior_StopBells.png
[2026-09-22 23:05:00] Game Loading texture from path: SP_E400MMC/Texture/_!Templates/E4_Interior_StopBells.png
[2026-09-22 23:05:00] Game Loading OBJ model from path: SP_E400MMC/Model/Converted/E400MMC_ADL_10.9m_Voith_LowHeight_obj/Interior/ADL/10.9m/LowHeight/E4_Interior_Poles_V2.obj
[2026-09-22 23:05:00] Game Finding texture with name: E4_Interior_Poles.png in root: SP_E400MMC/Model/Converted/E400MMC_ADL_10.9m_Voith_LowHeight_obj/Interior/ADL/10.9m/LowHeight
[2026-09-22 23:05:00] Game Found texture at recursive path with extension: SP_E400MMC/Texture/E4_Interior_Poles.dds
[2026-09-22 23:05:00] Game Loading texture from path: SP_E400MMC/Texture/E4_Interior_Poles.dds
[2026-09-22 23:05:00] Game Loading OBJ model from path: SP_E400MMC/Model/Converted/E400MMC_ADL_10.9m_Voith_LowHeight_obj/Interior/ADL/10.9m/E4_Interior_Lowbacks_1.obj
[2026-09-22 23:05:00] Game Finding texture with name: E4_LazzeriniLowbacks.png in root: SP_E400MMC/Model/Converted/E400MMC_ADL_10.9m_Voith_LowHeight_obj/Interior/ADL/10.9m
[2026-09-22 23:05:00] Game Found texture at recursive path: SP_E400MMC/Texture/_!Templates/E4_LazzeriniLowbacks.png
[2026-09-22 23:05:00] Game Loading texture from path: SP_E400MMC/Texture/_!Templates/E4_LazzeriniLowbacks.png
[2026-09-22 23:05:00] Game Reading image from path: SP_E400MMC\Texture\_!Templates\E4_LazzeriniLowbacks.png
[2026-09-22 23:05:00] Game Loading OBJ model from path: SP_E400MMC/Model/Converted/E400MMC_ADL_10.9m_Voith_LowHeight_obj/Interior/ADL/10.9m/E4_Interior_Lowbacks_2.obj
[2026-09-22 23:05:00] Game Finding texture with name: E4_LazzeriniLowbacks.png in root: SP_E400MMC/Model/Converted/E400MMC_ADL_10.9m_Voith_LowHeight_obj/Interior/ADL/10.9m
[2026-09-22 23:05:00] Game Found texture at recursive path: SP_E400MMC/Texture/_!Templates/E4_LazzeriniLowbacks.png
[2026-09-22 23:05:00] Game Loading texture from path: SP_E400MMC/Texture/_!Templates/E4_LazzeriniLowbacks.png
[2026-09-22 23:05:00] Game Loading OBJ model from path: SP_E400MMC/Model/Converted/E400MMC_ADL_10.9m_Voith_LowHeight_obj/Interior/ADL/10.9m/E4_Interior_Lowbacks_3.obj
[2026-09-22 23:05:00] Game Finding texture with name: E4_LazzeriniLowbacks.png in root: SP_E400MMC/Model/Converted/E400MMC_ADL_10.9m_Voith_LowHeight_obj/Interior/ADL/10.9m
[2026-09-22 23:05:00] Game Found texture at recursive path: SP_E400MMC/Texture/_!Templates/E4_LazzeriniLowbacks.png
[2026-09-22 23:05:00] Game Loading texture from path: SP_E400MMC/Texture/_!Templates/E4_LazzeriniLowbacks.png
[2026-09-22 23:05:00] Game Loading OBJ model from path: SP_E400MMC/Model/Converted/E400MMC_ADL_10.9m_Voith_LowHeight_obj/Interior/ADL/10.9m/E4_Interior_StopBells_Lowbacks.obj
[2026-09-22 23:05:00] Game Finding texture with name: E4_Interior_StopBells.png in root: SP_E400MMC/Model/Converted/E400MMC_ADL_10.9m_Voith_LowHeight_obj/Interior/ADL/10.9m
[2026-09-22 23:05:00] Game Found texture at recursive path: SP_E400MMC/Texture/_!Templates/E4_Interior_StopBells.png
[2026-09-22 23:05:00] Game Loading texture from path: SP_E400MMC/Texture/_!Templates/E4_Interior_StopBells.png
[2026-09-22 23:05:00] Game Loading OBJ model from path: SP_E400MMC/Model/Converted/E400MMC_ADL_10.9m_Voith_LowHeight_obj/Interior/ADL/10.9m/LowHeight/E4_Interior_Poles_Lowbacks.obj
[2026-09-22 23:05:00] Game Finding texture with name: E4_Interior_Poles.png in root: SP_E400MMC/Model/Converted/E400MMC_ADL_10.9m_Voith_LowHeight_obj/Interior/ADL/10.9m/LowHeight
[2026-09-22 23:05:00] Game Found texture at recursive path with extension: SP_E400MMC/Texture/E4_Interior_Poles.dds
[2026-09-22 23:05:00] Game Loading texture from path: SP_E400MMC/Texture/E4_Interior_Poles.dds
[2026-09-22 23:05:00] Game Loading OBJ model from path: SP_E400MMC/Model/Converted/E400MMC_ADL_10.9m_Voith_LowHeight_obj/Interior/E4_Interior_Metrobin.obj
[2026-09-22 23:05:00] Game Finding texture with name: E4_Cab_Misc.png in root: SP_E400MMC/Model/Converted/E400MMC_ADL_10.9m_Voith_LowHeight_obj/Interior
[2026-09-22 23:05:00] Game Found texture at recursive path with extension: SP_E400MMC/Texture/E4_Cab_Misc.dds
[2026-09-22 23:05:00] Game Finding texture with name: E4_Newspaper.png in root: SP_E400MMC/Model/Converted/E400MMC_ADL_10.9m_Voith_LowHeight_obj/Interior
[2026-09-22 23:05:00] Game Found texture at recursive path with extension: SP_E400MMC/Texture/E4_Newspaper.dds
[2026-09-22 23:05:00] Game Loading texture from path: SP_E400MMC/Texture/E4_Cab_Misc.dds
[2026-09-22 23:05:00] Game Loading texture from path: SP_E400MMC/Texture/E4_Newspaper.dds
[2026-09-22 23:05:00] Game Reading image from path: SP_E400MMC\Texture\E4_Newspaper.dds
[2026-09-22 23:05:00] Game Loading OBJ model from path: SP_E400MMC/Model/Converted/E400MMC_ADL_10.9m_Voith_LowHeight_obj/Interior/ADL/E4_Interior_VINPlates.obj
[2026-09-22 23:05:00] Game Finding texture with name: E4_VINPlates.png in root: SP_E400MMC/Model/Converted/E400MMC_ADL_10.9m_Voith_LowHeight_obj/Interior/ADL
[2026-09-22 23:05:00] Game Found texture at recursive path with extension: SP_E400MMC/Texture/E4_VINPlates.dds
[2026-09-22 23:05:00] Game Loading texture from path: SP_E400MMC/Texture/E4_VINPlates.dds
[2026-09-22 23:05:00] Game Reading image from path: SP_E400MMC\Texture\E4_VINPlates.dds
[2026-09-22 23:05:00] Game Loading OBJ model from path: SP_E400MMC/Model/Converted/E400MMC_ADL_10.9m_Voith_LowHeight_obj/Interior/ADL/10.9m/LowHeight/E4_Interior_StaircaseMouldings_Option1.obj
[2026-09-22 23:05:00] Game Finding texture with name: E4_Interior_Walls_10.9_LowHeight.png in root: SP_E400MMC/Model/Converted/E400MMC_ADL_10.9m_Voith_LowHeight_obj/Interior/ADL/10.9m/LowHeight
[2026-09-22 23:05:00] Game Found texture at recursive path: SP_E400MMC/Texture/_!Templates/ADL/10.9m/Low Height/E4_Interior_Walls_10.9_LowHeight.png
[2026-09-22 23:05:00] Game Finding texture with name: Glass.png in root: SP_E400MMC/Model/Converted/E400MMC_ADL_10.9m_Voith_LowHeight_obj/Interior/ADL/10.9m/LowHeight
[2026-09-22 23:05:00] Game Found texture at recursive path with extension: SP_E400MMC/Texture/Glass.dds
[2026-09-22 23:05:00] Game Finding texture with name: Grey.png in root: SP_E400MMC/Model/Converted/E400MMC_ADL_10.9m_Voith_LowHeight_obj/Interior/ADL/10.9m/LowHeight
[2026-09-22 23:05:00] Game Found texture at recursive path with extension: SP_E400MMC/Texture/Grey.bmp
[2026-09-22 23:05:00] Game Finding texture with name: E4_Interior_BlackGlass.png in root: SP_E400MMC/Model/Converted/E400MMC_ADL_10.9m_Voith_LowHeight_obj/Interior/ADL/10.9m/LowHeight
[2026-09-22 23:05:00] Game Found texture at recursive path with extension: SP_E400MMC/Texture/E4_Interior_BlackGlass.dds
[2026-09-22 23:05:00] Game Finding texture with name: E4_WindowStamp_W.png in root: SP_E400MMC/Model/Converted/E400MMC_ADL_10.9m_Voith_LowHeight_obj/Interior/ADL/10.9m/LowHeight
[2026-09-22 23:05:00] Game Found texture at recursive path with extension: SP_E400MMC/Texture/E4_WindowStamp_W.dds
[2026-09-22 23:05:00] Game Finding texture with name: E4_Cab_Mouldings.png in root: SP_E400MMC/Model/Converted/E400MMC_ADL_10.9m_Voith_LowHeight_obj/Interior/ADL/10.9m/LowHeight
[2026-09-22 23:05:00] Game Found texture at recursive path: SP_E400MMC/Texture/_!Templates/ADL/E4_Cab_Mouldings.png
[2026-09-22 23:05:00] Game Finding texture with name: E4_Interior_Clips.png in root: SP_E400MMC/Model/Converted/E400MMC_ADL_10.9m_Voith_LowHeight_obj/Interior/ADL/10.9m/LowHeight
[2026-09-22 23:05:00] Game Found texture at recursive path: SP_E400MMC/Texture/_!Templates/E4_Interior_Clips.png
[2026-09-22 23:05:00] Game Finding texture with name: E4_Interior_Misc.png in root: SP_E400MMC/Model/Converted/E400MMC_ADL_10.9m_Voith_LowHeight_obj/Interior/ADL/10.9m/LowHeight
[2026-09-22 23:05:00] Game Found texture at recursive path: SP_E400MMC/Texture/_!Templates/E4_Interior_Misc.png
[2026-09-22 23:05:00] Game Finding texture with name: E4_Cab_Misc.png in root: SP_E400MMC/Model/Converted/E400MMC_ADL_10.9m_Voith_LowHeight_obj/Interior/ADL/10.9m/LowHeight
[2026-09-22 23:05:00] Game Found texture at recursive path with extension: SP_E400MMC/Texture/E4_Cab_Misc.dds
[2026-09-22 23:05:00] Game Loading texture from path: SP_E400MMC/Texture/E4_WindowStamp_W.dds
[2026-09-22 23:05:00] Game Loading texture from path: SP_E400MMC/Texture/Grey.bmp
[2026-09-22 23:05:00] Game Loading texture from path: SP_E400MMC/Texture/_!Templates/ADL/10.9m/Low Height/E4_Interior_Walls_10.9_LowHeight.png
[2026-09-22 23:05:00] Game Loading texture from path: SP_E400MMC/Texture/E4_Interior_BlackGlass.dds
[2026-09-22 23:05:00] Game Loading texture from path: SP_E400MMC/Texture/Glass.dds
[2026-09-22 23:05:00] Game Loading OBJ model from path: SP_E400MMC/Model/Converted/E400MMC_ADL_10.9m_Voith_LowHeight_obj/Interior/ADL/10.9m/LowHeight/E4_Interior_StaircaseMouldings_Option2.obj
[2026-09-22 23:05:00] Game Finding texture with name: E4_Interior_Walls_10.9_LowHeight.png in root: SP_E400MMC/Model/Converted/E400MMC_ADL_10.9m_Voith_LowHeight_obj/Interior/ADL/10.9m/LowHeight
[2026-09-22 23:05:00] Game Found texture at recursive path: SP_E400MMC/Texture/_!Templates/ADL/10.9m/Low Height/E4_Interior_Walls_10.9_LowHeight.png
[2026-09-22 23:05:00] Game Finding texture with name: Glass.png in root: SP_E400MMC/Model/Converted/E400MMC_ADL_10.9m_Voith_LowHeight_obj/Interior/ADL/10.9m/LowHeight
[2026-09-22 23:05:00] Game Found texture at recursive path with extension: SP_E400MMC/Texture/Glass.dds
[2026-09-22 23:05:00] Game Finding texture with name: Grey.png in root: SP_E400MMC/Model/Converted/E400MMC_ADL_10.9m_Voith_LowHeight_obj/Interior/ADL/10.9m/LowHeight
[2026-09-22 23:05:00] Game Found texture at recursive path with extension: SP_E400MMC/Texture/Grey.bmp
[2026-09-22 23:05:00] Game Finding texture with name: E4_Interior_BlackGlass.png in root: SP_E400MMC/Model/Converted/E400MMC_ADL_10.9m_Voith_LowHeight_obj/Interior/ADL/10.9m/LowHeight
[2026-09-22 23:05:00] Game Found texture at recursive path with extension: SP_E400MMC/Texture/E4_Interior_BlackGlass.dds
[2026-09-22 23:05:00] Game Finding texture with name: E4_WindowStamp_W.png in root: SP_E400MMC/Model/Converted/E400MMC_ADL_10.9m_Voith_LowHeight_obj/Interior/ADL/10.9m/LowHeight
[2026-09-22 23:05:00] Game Found texture at recursive path with extension: SP_E400MMC/Texture/E4_WindowStamp_W.dds
[2026-09-22 23:05:00] Game Finding texture with name: E4_Cab_Mouldings.png in root: SP_E400MMC/Model/Converted/E400MMC_ADL_10.9m_Voith_LowHeight_obj/Interior/ADL/10.9m/LowHeight
[2026-09-22 23:05:00] Game Found texture at recursive path: SP_E400MMC/Texture/_!Templates/ADL/E4_Cab_Mouldings.png
[2026-09-22 23:05:00] Game Finding texture with name: E4_Interior_Clips.png in root: SP_E400MMC/Model/Converted/E400MMC_ADL_10.9m_Voith_LowHeight_obj/Interior/ADL/10.9m/LowHeight
[2026-09-22 23:05:00] Game Found texture at recursive path: SP_E400MMC/Texture/_!Templates/E4_Interior_Clips.png
[2026-09-22 23:05:00] Game Finding texture with name: E4_Interior_Misc.png in root: SP_E400MMC/Model/Converted/E400MMC_ADL_10.9m_Voith_LowHeight_obj/Interior/ADL/10.9m/LowHeight
[2026-09-22 23:05:00] Game Found texture at recursive path: SP_E400MMC/Texture/_!Templates/E4_Interior_Misc.png
[2026-09-22 23:05:00] Game Finding texture with name: E4_Cab_Misc.png in root: SP_E400MMC/Model/Converted/E400MMC_ADL_10.9m_Voith_LowHeight_obj/Interior/ADL/10.9m/LowHeight
[2026-09-22 23:05:00] Game Found texture at recursive path with extension: SP_E400MMC/Texture/E4_Cab_Misc.dds
[2026-09-22 23:05:00] Game Loading texture from path: SP_E400MMC/Texture/E4_WindowStamp_W.dds
[2026-09-22 23:05:00] Game Loading texture from path: SP_E400MMC/Texture/Grey.bmp
[2026-09-22 23:05:00] Game Loading texture from path: SP_E400MMC/Texture/_!Templates/ADL/10.9m/Low Height/E4_Interior_Walls_10.9_LowHeight.png
[2026-09-22 23:05:00] Game Loading texture from path: SP_E400MMC/Texture/E4_Interior_BlackGlass.dds
[2026-09-22 23:05:00] Game Loading texture from path: SP_E400MMC/Texture/Glass.dds
[2026-09-22 23:05:00] Game Loading OBJ model from path: SP_E400MMC/Model/Converted/E400MMC_ADL_10.9m_Voith_LowHeight_obj/Interior/ADL/10.9m/LowHeight/E4_Interior_StaircaseMouldings_Option3.obj
[2026-09-22 23:05:00] Game Finding texture with name: E4_Interior_Walls_10.9_LowHeight.png in root: SP_E400MMC/Model/Converted/E400MMC_ADL_10.9m_Voith_LowHeight_obj/Interior/ADL/10.9m/LowHeight
[2026-09-22 23:05:00] Game Found texture at recursive path: SP_E400MMC/Texture/_!Templates/ADL/10.9m/Low Height/E4_Interior_Walls_10.9_LowHeight.png
[2026-09-22 23:05:00] Game Finding texture with name: Glass.png in root: SP_E400MMC/Model/Converted/E400MMC_ADL_10.9m_Voith_LowHeight_obj/Interior/ADL/10.9m/LowHeight
[2026-09-22 23:05:00] Game Found texture at recursive path with extension: SP_E400MMC/Texture/Glass.dds
[2026-09-22 23:05:00] Game Finding texture with name: Grey.png in root: SP_E400MMC/Model/Converted/E400MMC_ADL_10.9m_Voith_LowHeight_obj/Interior/ADL/10.9m/LowHeight
[2026-09-22 23:05:00] Game Found texture at recursive path with extension: SP_E400MMC/Texture/Grey.bmp
[2026-09-22 23:05:00] Game Loading texture from path: SP_E400MMC/Texture/Grey.bmp
[2026-09-22 23:05:00] Game Loading texture from path: SP_E400MMC/Texture/_!Templates/ADL/10.9m/Low Height/E4_Interior_Walls_10.9_LowHeight.png
[2026-09-22 23:05:00] Game Loading texture from path: SP_E400MMC/Texture/Glass.dds
[2026-09-22 23:05:00] Game Loading OBJ model from path: SP_E400MMC/Model/Converted/E400MMC_ADL_10.9m_Voith_LowHeight_obj/Interior/ADL/10.9m/LowHeight/E4_Interior_Hoppers.obj
[2026-09-22 23:05:00] Game Finding texture with name: E4_Interior_WindowHoppers.png in root: SP_E400MMC/Model/Converted/E400MMC_ADL_10.9m_Voith_LowHeight_obj/Interior/ADL/10.9m/LowHeight
[2026-09-22 23:05:00] Game Found texture at recursive path: SP_E400MMC/Texture/_!Templates/E4_Interior_WindowHoppers.png
[2026-09-22 23:05:00] Game Loading texture from path: SP_E400MMC/Texture/_!Templates/E4_Interior_WindowHoppers.png
[2026-09-22 23:05:00] Game Reading image from path: SP_E400MMC\Texture\_!Templates\E4_Interior_WindowHoppers.png
[2026-09-22 23:05:00] Game Loading OBJ model from path: SP_E400MMC/Model/Converted/E400MMC_ADL_10.9m_Voith_LowHeight_obj/Interior/ADL/10.9m/Hoppers/E4_Interior_Hopper1.obj
[2026-09-22 23:05:00] Game Finding texture with name: E4_Interior_WindowHoppers.png in root: SP_E400MMC/Model/Converted/E400MMC_ADL_10.9m_Voith_LowHeight_obj/Interior/ADL/10.9m/Hoppers
[2026-09-22 23:05:00] Game Found texture at recursive path: SP_E400MMC/Texture/_!Templates/E4_Interior_WindowHoppers.png
[2026-09-22 23:05:00] Game Finding texture with name: Glass.png in root: SP_E400MMC/Model/Converted/E400MMC_ADL_10.9m_Voith_LowHeight_obj/Interior/ADL/10.9m/Hoppers
[2026-09-22 23:05:00] Game Found texture at recursive path with extension: SP_E400MMC/Texture/Glass.dds
[2026-09-22 23:05:00] Game Finding texture with name: E4_WindowStamp_B.png in root: SP_E400MMC/Model/Converted/E400MMC_ADL_10.9m_Voith_LowHeight_obj/Interior/ADL/10.9m/Hoppers
[2026-09-22 23:05:00] Game Found texture at recursive path with extension: SP_E400MMC/Texture/E4_WindowStamp_B.dds
[2026-09-22 23:05:00] Game Loading texture from path: SP_E400MMC/Texture/E4_WindowStamp_B.dds
[2026-09-22 23:05:00] Game Reading image from path: SP_E400MMC\Texture\E4_WindowStamp_B.dds
[2026-09-22 23:05:00] Game Loading texture from path: SP_E400MMC/Texture/_!Templates/E4_Interior_WindowHoppers.png
[2026-09-22 23:05:00] Game Loading OBJ model from path: SP_E400MMC/Model/Converted/E400MMC_ADL_10.9m_Voith_LowHeight_obj/Interior/ADL/10.9m/Hoppers/E4_Interior_Hopper2.obj
[2026-09-22 23:05:00] Game Finding texture with name: E4_Interior_WindowHoppers.png in root: SP_E400MMC/Model/Converted/E400MMC_ADL_10.9m_Voith_LowHeight_obj/Interior/ADL/10.9m/Hoppers
[2026-09-22 23:05:00] Game Found texture at recursive path: SP_E400MMC/Texture/_!Templates/E4_Interior_WindowHoppers.png
[2026-09-22 23:05:00] Game Finding texture with name: Glass.png in root: SP_E400MMC/Model/Converted/E400MMC_ADL_10.9m_Voith_LowHeight_obj/Interior/ADL/10.9m/Hoppers
[2026-09-22 23:05:00] Game Found texture at recursive path with extension: SP_E400MMC/Texture/Glass.dds
[2026-09-22 23:05:00] Game Finding texture with name: E4_WindowStamp_B.png in root: SP_E400MMC/Model/Converted/E400MMC_ADL_10.9m_Voith_LowHeight_obj/Interior/ADL/10.9m/Hoppers
[2026-09-22 23:05:00] Game Found texture at recursive path with extension: SP_E400MMC/Texture/E4_WindowStamp_B.dds
[2026-09-22 23:05:00] Game Loading texture from path: SP_E400MMC/Texture/E4_WindowStamp_B.dds
[2026-09-22 23:05:00] Game Loading texture from path: SP_E400MMC/Texture/_!Templates/E4_Interior_WindowHoppers.png
[2026-09-22 23:05:00] Game Loading OBJ model from path: SP_E400MMC/Model/Converted/E400MMC_ADL_10.9m_Voith_LowHeight_obj/Interior/ADL/10.9m/Hoppers/E4_Interior_Hopper3.obj
[2026-09-22 23:05:00] Game Finding texture with name: E4_Interior_WindowHoppers.png in root: SP_E400MMC/Model/Converted/E400MMC_ADL_10.9m_Voith_LowHeight_obj/Interior/ADL/10.9m/Hoppers
[2026-09-22 23:05:00] Game Found texture at recursive path: SP_E400MMC/Texture/_!Templates/E4_Interior_WindowHoppers.png
[2026-09-22 23:05:00] Game Finding texture with name: Glass.png in root: SP_E400MMC/Model/Converted/E400MMC_ADL_10.9m_Voith_LowHeight_obj/Interior/ADL/10.9m/Hoppers
[2026-09-22 23:05:00] Game Found texture at recursive path with extension: SP_E400MMC/Texture/Glass.dds
[2026-09-22 23:05:00] Game Finding texture with name: E4_WindowStamp_B.png in root: SP_E400MMC/Model/Converted/E400MMC_ADL_10.9m_Voith_LowHeight_obj/Interior/ADL/10.9m/Hoppers
[2026-09-22 23:05:00] Game Found texture at recursive path with extension: SP_E400MMC/Texture/E4_WindowStamp_B.dds
[2026-09-22 23:05:00] Game Loading texture from path: SP_E400MMC/Texture/E4_WindowStamp_B.dds
[2026-09-22 23:05:00] Game Loading texture from path: SP_E400MMC/Texture/_!Templates/E4_Interior_WindowHoppers.png
[2026-09-22 23:05:00] Game Loading OBJ model from path: SP_E400MMC/Model/Converted/E400MMC_ADL_10.9m_Voith_LowHeight_obj/Interior/ADL/10.9m/LowHeight/E4_Interior_Hopper4.obj
[2026-09-22 23:05:00] Game Finding texture with name: E4_Interior_WindowHoppers.png in root: SP_E400MMC/Model/Converted/E400MMC_ADL_10.9m_Voith_LowHeight_obj/Interior/ADL/10.9m/LowHeight
[2026-09-22 23:05:00] Game Found texture at recursive path: SP_E400MMC/Texture/_!Templates/E4_Interior_WindowHoppers.png
[2026-09-22 23:05:00] Game Finding texture with name: Glass.png in root: SP_E400MMC/Model/Converted/E400MMC_ADL_10.9m_Voith_LowHeight_obj/Interior/ADL/10.9m/LowHeight
[2026-09-22 23:05:00] Game Found texture at recursive path with extension: SP_E400MMC/Texture/Glass.dds
[2026-09-22 23:05:00] Game Finding texture with name: E4_WindowStamp_B.png in root: SP_E400MMC/Model/Converted/E400MMC_ADL_10.9m_Voith_LowHeight_obj/Interior/ADL/10.9m/LowHeight
[2026-09-22 23:05:00] Game Found texture at recursive path with extension: SP_E400MMC/Texture/E4_WindowStamp_B.dds
[2026-09-22 23:05:00] Game Loading texture from path: SP_E400MMC/Texture/E4_WindowStamp_B.dds
[2026-09-22 23:05:00] Game Loading texture from path: SP_E400MMC/Texture/_!Templates/E4_Interior_WindowHoppers.png
[2026-09-22 23:05:00] Game Loading OBJ model from path: SP_E400MMC/Model/Converted/E400MMC_ADL_10.9m_Voith_LowHeight_obj/Interior/ADL/10.9m/LowHeight/E4_Interior_Hopper5.obj
[2026-09-22 23:05:00] Game Finding texture with name: E4_Interior_WindowHoppers.png in root: SP_E400MMC/Model/Converted/E400MMC_ADL_10.9m_Voith_LowHeight_obj/Interior/ADL/10.9m/LowHeight
[2026-09-22 23:05:00] Game Found texture at recursive path: SP_E400MMC/Texture/_!Templates/E4_Interior_WindowHoppers.png
[2026-09-22 23:05:00] Game Finding texture with name: Glass.png in root: SP_E400MMC/Model/Converted/E400MMC_ADL_10.9m_Voith_LowHeight_obj/Interior/ADL/10.9m/LowHeight
[2026-09-22 23:05:00] Game Found texture at recursive path with extension: SP_E400MMC/Texture/Glass.dds
[2026-09-22 23:05:00] Game Finding texture with name: E4_WindowStamp_B.png in root: SP_E400MMC/Model/Converted/E400MMC_ADL_10.9m_Voith_LowHeight_obj/Interior/ADL/10.9m/LowHeight
[2026-09-22 23:05:00] Game Found texture at recursive path with extension: SP_E400MMC/Texture/E4_WindowStamp_B.dds
[2026-09-22 23:05:00] Game Loading texture from path: SP_E400MMC/Texture/E4_WindowStamp_B.dds
[2026-09-22 23:05:00] Game Loading texture from path: SP_E400MMC/Texture/_!Templates/E4_Interior_WindowHoppers.png
[2026-09-22 23:05:00] Game Loading OBJ model from path: SP_E400MMC/Model/Converted/E400MMC_ADL_10.9m_Voith_LowHeight_obj/Interior/ADL/10.9m/LowHeight/E4_Interior_Hopper6.obj
[2026-09-22 23:05:00] Game Finding texture with name: E4_Interior_WindowHoppers.png in root: SP_E400MMC/Model/Converted/E400MMC_ADL_10.9m_Voith_LowHeight_obj/Interior/ADL/10.9m/LowHeight
[2026-09-22 23:05:00] Game Found texture at recursive path: SP_E400MMC/Texture/_!Templates/E4_Interior_WindowHoppers.png
[2026-09-22 23:05:00] Game Finding texture with name: Glass.png in root: SP_E400MMC/Model/Converted/E400MMC_ADL_10.9m_Voith_LowHeight_obj/Interior/ADL/10.9m/LowHeight
[2026-09-22 23:05:00] Game Found texture at recursive path with extension: SP_E400MMC/Texture/Glass.dds
[2026-09-22 23:05:00] Game Finding texture with name: E4_WindowStamp_B.png in root: SP_E400MMC/Model/Converted/E400MMC_ADL_10.9m_Voith_LowHeight_obj/Interior/ADL/10.9m/LowHeight
[2026-09-22 23:05:00] Game Found texture at recursive path with extension: SP_E400MMC/Texture/E4_WindowStamp_B.dds
[2026-09-22 23:05:00] Game Loading texture from path: SP_E400MMC/Texture/E4_WindowStamp_B.dds
[2026-09-22 23:05:00] Game Loading texture from path: SP_E400MMC/Texture/_!Templates/E4_Interior_WindowHoppers.png
[2026-09-22 23:05:00] Game Loading OBJ model from path: SP_E400MMC/Model/Converted/E400MMC_ADL_10.9m_Voith_LowHeight_obj/Interior/ADL/10.9m/LowHeight/E4_Interior_Hopper7.obj
[2026-09-22 23:05:00] Game Finding texture with name: E4_Interior_WindowHoppers.png in root: SP_E400MMC/Model/Converted/E400MMC_ADL_10.9m_Voith_LowHeight_obj/Interior/ADL/10.9m/LowHeight
[2026-09-22 23:05:00] Game Found texture at recursive path: SP_E400MMC/Texture/_!Templates/E4_Interior_WindowHoppers.png
[2026-09-22 23:05:00] Game Finding texture with name: Glass.png in root: SP_E400MMC/Model/Converted/E400MMC_ADL_10.9m_Voith_LowHeight_obj/Interior/ADL/10.9m/LowHeight
[2026-09-22 23:05:00] Game Found texture at recursive path with extension: SP_E400MMC/Texture/Glass.dds
[2026-09-22 23:05:00] Game Finding texture with name: E4_WindowStamp_B.png in root: SP_E400MMC/Model/Converted/E400MMC_ADL_10.9m_Voith_LowHeight_obj/Interior/ADL/10.9m/LowHeight
[2026-09-22 23:05:00] Game Found texture at recursive path with extension: SP_E400MMC/Texture/E4_WindowStamp_B.dds
[2026-09-22 23:05:00] Game Loading texture from path: SP_E400MMC/Texture/E4_WindowStamp_B.dds
[2026-09-22 23:05:00] Game Loading texture from path: SP_E400MMC/Texture/_!Templates/E4_Interior_WindowHoppers.png
[2026-09-22 23:05:00] Game Loading OBJ model from path: SP_E400MMC/Model/Converted/E400MMC_ADL_10.9m_Voith_LowHeight_obj/Interior/ADL/10.9m/LowHeight/E4_Interior_Hopper8.obj
[2026-09-22 23:05:00] Game Finding texture with name: E4_Interior_WindowHoppers.png in root: SP_E400MMC/Model/Converted/E400MMC_ADL_10.9m_Voith_LowHeight_obj/Interior/ADL/10.9m/LowHeight
[2026-09-22 23:05:00] Game Found texture at recursive path: SP_E400MMC/Texture/_!Templates/E4_Interior_WindowHoppers.png
[2026-09-22 23:05:00] Game Finding texture with name: Glass.png in root: SP_E400MMC/Model/Converted/E400MMC_ADL_10.9m_Voith_LowHeight_obj/Interior/ADL/10.9m/LowHeight
[2026-09-22 23:05:00] Game Found texture at recursive path with extension: SP_E400MMC/Texture/Glass.dds
[2026-09-22 23:05:00] Game Finding texture with name: E4_WindowStamp_B.png in root: SP_E400MMC/Model/Converted/E400MMC_ADL_10.9m_Voith_LowHeight_obj/Interior/ADL/10.9m/LowHeight
[2026-09-22 23:05:00] Game Found texture at recursive path with extension: SP_E400MMC/Texture/E4_WindowStamp_B.dds
[2026-09-22 23:05:00] Game Loading texture from path: SP_E400MMC/Texture/E4_WindowStamp_B.dds
[2026-09-22 23:05:00] Game Loading texture from path: SP_E400MMC/Texture/_!Templates/E4_Interior_WindowHoppers.png
[2026-09-22 23:05:00] Game Loading OBJ model from path: SP_E400MMC/Model/Converted/E400MMC_ADL_10.9m_Voith_LowHeight_obj/Interior/ADL/10.9m/LowHeight/E4_Interior_Hopper9.obj
[2026-09-22 23:05:00] Game Finding texture with name: E4_Interior_WindowHoppers.png in root: SP_E400MMC/Model/Converted/E400MMC_ADL_10.9m_Voith_LowHeight_obj/Interior/ADL/10.9m/LowHeight
[2026-09-22 23:05:00] Game Found texture at recursive path: SP_E400MMC/Texture/_!Templates/E4_Interior_WindowHoppers.png
[2026-09-22 23:05:00] Game Finding texture with name: Glass.png in root: SP_E400MMC/Model/Converted/E400MMC_ADL_10.9m_Voith_LowHeight_obj/Interior/ADL/10.9m/LowHeight
[2026-09-22 23:05:00] Game Found texture at recursive path with extension: SP_E400MMC/Texture/Glass.dds
[2026-09-22 23:05:00] Game Finding texture with name: E4_WindowStamp_B.png in root: SP_E400MMC/Model/Converted/E400MMC_ADL_10.9m_Voith_LowHeight_obj/Interior/ADL/10.9m/LowHeight
[2026-09-22 23:05:00] Game Found texture at recursive path with extension: SP_E400MMC/Texture/E4_WindowStamp_B.dds
[2026-09-22 23:05:00] Game Loading texture from path: SP_E400MMC/Texture/E4_WindowStamp_B.dds
[2026-09-22 23:05:00] Game Loading texture from path: SP_E400MMC/Texture/_!Templates/E4_Interior_WindowHoppers.png
[2026-09-22 23:05:00] Game Loading OBJ model from path: SP_E400MMC/Model/Converted/E400MMC_ADL_10.9m_Voith_LowHeight_obj/Interior/ADL/10.9m/LowHeight/E4_Interior_Decals_TPunch.obj
[2026-09-22 23:05:00] Game Finding texture with name: E4_Interior_Decals.png in root: SP_E400MMC/Model/Converted/E400MMC_ADL_10.9m_Voith_LowHeight_obj/Interior/ADL/10.9m/LowHeight
[2026-09-22 23:05:00] Game Found texture at recursive path with extension: SP_E400MMC/Texture/E4_Interior_Decals.dds
[2026-09-22 23:05:00] Game Loading texture from path: SP_E400MMC/Texture/E4_Interior_Decals.dds
[2026-09-22 23:05:00] Game Loading OBJ model from path: SP_E400MMC/Model/Converted/E400MMC_ADL_10.9m_Voith_LowHeight_obj/Interior/ADL/10.9m/LowHeight/E4_Interior_Decals_Skylights_TPunch.obj
[2026-09-22 23:05:00] Game Finding texture with name: E4_Interior_Decals.png in root: SP_E400MMC/Model/Converted/E400MMC_ADL_10.9m_Voith_LowHeight_obj/Interior/ADL/10.9m/LowHeight
[2026-09-22 23:05:00] Game Found texture at recursive path with extension: SP_E400MMC/Texture/E4_Interior_Decals.dds
[2026-09-22 23:05:00] Game Loading texture from path: SP_E400MMC/Texture/E4_Interior_Decals.dds
[2026-09-22 23:05:00] Game Loading OBJ model from path: SP_E400MMC/Model/Converted/E400MMC_ADL_10.9m_Voith_LowHeight_obj/Interior/ADL/10.9m/LowHeight/E4_Interior_Decals_Skylights.obj
[2026-09-22 23:05:00] Game Finding texture with name: E4_Interior_Decals.png in root: SP_E400MMC/Model/Converted/E400MMC_ADL_10.9m_Voith_LowHeight_obj/Interior/ADL/10.9m/LowHeight
[2026-09-22 23:05:00] Game Found texture at recursive path with extension: SP_E400MMC/Texture/E4_Interior_Decals.dds
[2026-09-22 23:05:00] Game Loading texture from path: SP_E400MMC/Texture/E4_Interior_Decals.dds
[2026-09-22 23:05:00] Game Loading OBJ model from path: SP_E400MMC/Model/Converted/E400MMC_ADL_10.9m_Voith_LowHeight_obj/Interior/Cab/E4_Coin_1p.obj
[2026-09-22 23:05:00] Game Finding texture with name: E4_Coins.png in root: SP_E400MMC/Model/Converted/E400MMC_ADL_10.9m_Voith_LowHeight_obj/Interior/Cab
[2026-09-22 23:05:00] Game Found texture at recursive path with extension: SP_E400MMC/Texture/E4_Coins.dds
[2026-09-22 23:05:00] Game Loading texture from path: SP_E400MMC/Texture/E4_Coins.dds
[2026-09-22 23:05:00] Game Reading image from path: SP_E400MMC\Texture\E4_Coins.dds
[2026-09-22 23:05:00] Game Loading OBJ model from path: SP_E400MMC/Model/Converted/E400MMC_ADL_10.9m_Voith_LowHeight_obj/Interior/Cab/E4_Coin_5p.obj
[2026-09-22 23:05:00] Game Finding texture with name: E4_Coins.png in root: SP_E400MMC/Model/Converted/E400MMC_ADL_10.9m_Voith_LowHeight_obj/Interior/Cab
[2026-09-22 23:05:00] Game Found texture at recursive path with extension: SP_E400MMC/Texture/E4_Coins.dds
[2026-09-22 23:05:00] Game Loading texture from path: SP_E400MMC/Texture/E4_Coins.dds
[2026-09-22 23:05:00] Game Loading OBJ model from path: SP_E400MMC/Model/Converted/E400MMC_ADL_10.9m_Voith_LowHeight_obj/Interior/Cab/E4_Coin_10p.obj
[2026-09-22 23:05:00] Game Finding texture with name: E4_Coins.png in root: SP_E400MMC/Model/Converted/E400MMC_ADL_10.9m_Voith_LowHeight_obj/Interior/Cab
[2026-09-22 23:05:00] Game Found texture at recursive path with extension: SP_E400MMC/Texture/E4_Coins.dds
[2026-09-22 23:05:00] Game Loading texture from path: SP_E400MMC/Texture/E4_Coins.dds
[2026-09-22 23:05:00] Game Loading OBJ model from path: SP_E400MMC/Model/Converted/E400MMC_ADL_10.9m_Voith_LowHeight_obj/Interior/Cab/E4_Coin_20p.obj
[2026-09-22 23:05:00] Game Finding texture with name: E4_Coins.png in root: SP_E400MMC/Model/Converted/E400MMC_ADL_10.9m_Voith_LowHeight_obj/Interior/Cab
[2026-09-22 23:05:00] Game Found texture at recursive path with extension: SP_E400MMC/Texture/E4_Coins.dds
[2026-09-22 23:05:00] Game Loading texture from path: SP_E400MMC/Texture/E4_Coins.dds
[2026-09-22 23:05:00] Game Loading OBJ model from path: SP_E400MMC/Model/Converted/E400MMC_ADL_10.9m_Voith_LowHeight_obj/Interior/Cab/E4_Coin_50p.obj
[2026-09-22 23:05:00] Game Finding texture with name: E4_Coins.png in root: SP_E400MMC/Model/Converted/E400MMC_ADL_10.9m_Voith_LowHeight_obj/Interior/Cab
[2026-09-22 23:05:00] Game Found texture at recursive path with extension: SP_E400MMC/Texture/E4_Coins.dds
[2026-09-22 23:05:00] Game Loading texture from path: SP_E400MMC/Texture/E4_Coins.dds
[2026-09-22 23:05:00] Game Loading OBJ model from path: SP_E400MMC/Model/Converted/E400MMC_ADL_10.9m_Voith_LowHeight_obj/Interior/Cab/E4_Coin_100p.obj
[2026-09-22 23:05:00] Game Finding texture with name: E4_Coins.png in root: SP_E400MMC/Model/Converted/E400MMC_ADL_10.9m_Voith_LowHeight_obj/Interior/Cab
[2026-09-22 23:05:00] Game Found texture at recursive path with extension: SP_E400MMC/Texture/E4_Coins.dds
[2026-09-22 23:05:00] Game Loading texture from path: SP_E400MMC/Texture/E4_Coins.dds
[2026-09-22 23:05:00] Game Loading OBJ model from path: SP_E400MMC/Model/Converted/E400MMC_ADL_10.9m_Voith_LowHeight_obj/Interior/Cab/E4_Coin_200p.obj
[2026-09-22 23:05:00] Game Finding texture with name: E4_Coins.png in root: SP_E400MMC/Model/Converted/E400MMC_ADL_10.9m_Voith_LowHeight_obj/Interior/Cab
[2026-09-22 23:05:00] Game Found texture at recursive path with extension: SP_E400MMC/Texture/E4_Coins.dds
[2026-09-22 23:05:00] Game Loading texture from path: SP_E400MMC/Texture/E4_Coins.dds
[2026-09-22 23:05:00] Game Loading OBJ model from path: SP_E400MMC/Model/Converted/E400MMC_ADL_10.9m_Voith_LowHeight_obj/Interior/Cab/E4_Note_5.obj
[2026-09-22 23:05:00] Game Finding texture with name: E4_Notes.png in root: SP_E400MMC/Model/Converted/E400MMC_ADL_10.9m_Voith_LowHeight_obj/Interior/Cab
[2026-09-22 23:05:00] Game Found texture at recursive path with extension: SP_E400MMC/Texture/E4_Notes.dds
[2026-09-22 23:05:00] Game Loading texture from path: SP_E400MMC/Texture/E4_Notes.dds
[2026-09-22 23:05:00] Game Reading image from path: SP_E400MMC\Texture\E4_Notes.dds
[2026-09-22 23:05:00] Game Loading OBJ model from path: SP_E400MMC/Model/Converted/E400MMC_ADL_10.9m_Voith_LowHeight_obj/Interior/E4_Interior_GlassHolds.obj
[2026-09-22 23:05:00] Game Finding texture with name: E4_Interior_GlassHolds.png in root: SP_E400MMC/Model/Converted/E400MMC_ADL_10.9m_Voith_LowHeight_obj/Interior
[2026-09-22 23:05:00] Game Found texture at recursive path: SP_E400MMC/Texture/_!Templates/E4_Interior_GlassHolds.png
[2026-09-22 23:05:00] Game Loading texture from path: SP_E400MMC/Texture/_!Templates/E4_Interior_GlassHolds.png
[2026-09-22 23:05:00] Game Reading image from path: SP_E400MMC\Texture\_!Templates\E4_Interior_GlassHolds.png
[2026-09-22 23:05:00] Game Loading OBJ model from path: SP_E400MMC/Model/Converted/E400MMC_ADL_10.9m_Voith_LowHeight_obj/Interior/Cab/E4_Cab_TicketMachineStand.obj
[2026-09-22 23:05:00] Game Finding texture with name: E4_Cab_Misc.png in root: SP_E400MMC/Model/Converted/E400MMC_ADL_10.9m_Voith_LowHeight_obj/Interior/Cab
[2026-09-22 23:05:00] Game Found texture at recursive path with extension: SP_E400MMC/Texture/E4_Cab_Misc.dds
[2026-09-22 23:05:00] Game Loading texture from path: SP_E400MMC/Texture/E4_Cab_Misc.dds
[2026-09-22 23:05:00] Game Loading OBJ model from path: SP_E400MMC/Model/Converted/E400MMC_ADL_10.9m_Voith_LowHeight_obj/Interior/Cab/E4_PostIt_Ticketer_Stored.obj
[2026-09-22 23:05:00] Game Finding texture with name: E4_Cab_Misc.png in root: SP_E400MMC/Model/Converted/E400MMC_ADL_10.9m_Voith_LowHeight_obj/Interior/Cab
[2026-09-22 23:05:00] Game Found texture at recursive path with extension: SP_E400MMC/Texture/E4_Cab_Misc.dds
[2026-09-22 23:05:00] Game Loading texture from path: SP_E400MMC/Texture/E4_Cab_Misc.dds
[2026-09-22 23:05:00] Game Loading OBJ model from path: SP_E400MMC/Model/Converted/E400MMC_ADL_10.9m_Voith_LowHeight_obj/Interior/Cab/Ticketer/Ticketer_Base.obj
[2026-09-22 23:05:00] Game Finding texture with name: Ticketer_Base.png in root: SP_E400MMC/Model/Converted/E400MMC_ADL_10.9m_Voith_LowHeight_obj/Interior/Cab/Ticketer
[2026-09-22 23:05:00] Game Found texture at recursive path with extension: SP_E400MMC/Texture/Ticketer_Base.dds
[2026-09-22 23:05:00] Game Loading texture from path: SP_E400MMC/Texture/Ticketer_Base.dds
[2026-09-22 23:05:00] Game Reading image from path: SP_E400MMC\Texture\Ticketer_Base.dds
[2026-09-22 23:05:00] Game Loading OBJ model from path: SP_E400MMC/Model/Converted/E400MMC_ADL_10.9m_Voith_LowHeight_obj/Interior/Cab/Ticketer/Ticketer_Console_Gimble.obj
[2026-09-22 23:05:00] Game Finding texture with name: Ticketer_Base.png in root: SP_E400MMC/Model/Converted/E400MMC_ADL_10.9m_Voith_LowHeight_obj/Interior/Cab/Ticketer
[2026-09-22 23:05:00] Game Found texture at recursive path with extension: SP_E400MMC/Texture/Ticketer_Base.dds
[2026-09-22 23:05:00] Game Loading texture from path: SP_E400MMC/Texture/Ticketer_Base.dds
[2026-09-22 23:05:00] Game Loading OBJ model from path: SP_E400MMC/Model/Converted/E400MMC_ADL_10.9m_Voith_LowHeight_obj/Interior/Cab/Ticketer/Ticketer_Console.obj
[2026-09-22 23:05:00] Game Finding texture with name: Ticketer_Base.png in root: SP_E400MMC/Model/Converted/E400MMC_ADL_10.9m_Voith_LowHeight_obj/Interior/Cab/Ticketer
[2026-09-22 23:05:00] Game Found texture at recursive path with extension: SP_E400MMC/Texture/Ticketer_Base.dds
[2026-09-22 23:05:00] Game Finding texture with name: Ticketer_Base.png in root: SP_E400MMC/Model/Converted/E400MMC_ADL_10.9m_Voith_LowHeight_obj/Interior/Cab/Ticketer
[2026-09-22 23:05:00] Game Found texture at recursive path with extension: SP_E400MMC/Texture/Ticketer_Base.dds
[2026-09-22 23:05:00] Game Finding texture with name: Ticketer_Base.png in root: SP_E400MMC/Model/Converted/E400MMC_ADL_10.9m_Voith_LowHeight_obj/Interior/Cab/Ticketer
[2026-09-22 23:05:01] Game Found texture at recursive path with extension: SP_E400MMC/Texture/Ticketer_Base.dds
[2026-09-22 23:05:01] Game Loading texture from path: SP_E400MMC/Texture/Ticketer_Base.dds
[2026-09-22 23:05:01] Game Loading OBJ model from path: SP_E400MMC/Model/Converted/E400MMC_ADL_10.9m_Voith_LowHeight_obj/Interior/Cab/Ticketer/Ticketer_PrintedTicket.obj
[2026-09-22 23:05:01] Game Finding texture with name: Ticketer_Ticket.png in root: SP_E400MMC/Model/Converted/E400MMC_ADL_10.9m_Voith_LowHeight_obj/Interior/Cab/Ticketer
[2026-09-22 23:05:01] Game Found texture at recursive path with extension: SP_E400MMC/Texture/Ticketer_Ticket.dds
[2026-09-22 23:05:01] Game Loading texture from path: SP_E400MMC/Texture/Ticketer_Ticket.dds
[2026-09-22 23:05:01] Game Reading image from path: SP_E400MMC\Texture\Ticketer_Ticket.dds
[2026-09-22 23:05:01] Game Loading OBJ model from path: SP_E400MMC/Model/Converted/E400MMC_ADL_10.9m_Voith_LowHeight_obj/Interior/Cab/Ticketer/Ticketer_Screen_Startup0.obj
[2026-09-22 23:05:01] Game Finding texture with name: TicketerScreens/Screen_Startup0.png in root: SP_E400MMC/Model/Converted/E400MMC_ADL_10.9m_Voith_LowHeight_obj/Interior/Cab/Ticketer
[2026-09-22 23:05:01] Game Found texture at recursive path with extension: SP_E400MMC/Texture/TicketerScreens/Screen_Startup0.dds
[2026-09-22 23:05:01] Game Loading texture from path: SP_E400MMC/Texture/TicketerScreens/Screen_Startup0.dds
[2026-09-22 23:05:01] Game Reading image from path: SP_E400MMC\Texture\TicketerScreens\Screen_Startup0.dds
[2026-09-22 23:05:01] Game Loading OBJ model from path: SP_E400MMC/Model/Converted/E400MMC_ADL_10.9m_Voith_LowHeight_obj/Interior/Cab/Ticketer/Ticketer_Screen_Startup1.obj
[2026-09-22 23:05:01] Game Finding texture with name: TicketerScreens/Screen_Startup1_0.png in root: SP_E400MMC/Model/Converted/E400MMC_ADL_10.9m_Voith_LowHeight_obj/Interior/Cab/Ticketer
[2026-09-22 23:05:01] Game Found texture at recursive path with extension: SP_E400MMC/Texture/TicketerScreens/Screen_Startup1_0.dds
[2026-09-22 23:05:01] Game Loading texture from path: SP_E400MMC/Texture/TicketerScreens/Screen_Startup1_0.dds
[2026-09-22 23:05:01] Game Reading image from path: SP_E400MMC\Texture\TicketerScreens\Screen_Startup1_0.dds
[2026-09-22 23:05:01] Game Loading OBJ model from path: SP_E400MMC/Model/Converted/E400MMC_ADL_10.9m_Voith_LowHeight_obj/Interior/Cab/Ticketer/Ticketer_Screen_Startup2.obj
[2026-09-22 23:05:01] Game Finding texture with name: TicketerScreens/Screen_Startup2_1.png in root: SP_E400MMC/Model/Converted/E400MMC_ADL_10.9m_Voith_LowHeight_obj/Interior/Cab/Ticketer
[2026-09-22 23:05:01] Game Found texture at recursive path with extension: SP_E400MMC/Texture/TicketerScreens/Screen_Startup2_1.dds
[2026-09-22 23:05:01] Game Loading texture from path: SP_E400MMC/Texture/TicketerScreens/Screen_Startup2_1.dds
[2026-09-22 23:05:01] Game Reading image from path: SP_E400MMC\Texture\TicketerScreens\Screen_Startup2_1.dds
[2026-09-22 23:05:01] Game Loading OBJ model from path: SP_E400MMC/Model/Converted/E400MMC_ADL_10.9m_Voith_LowHeight_obj/Interior/Cab/Ticketer/Ticketer_Screen_Login.obj
[2026-09-22 23:05:01] Game Finding texture with name: TicketerScreens/Screen_Login.png in root: SP_E400MMC/Model/Converted/E400MMC_ADL_10.9m_Voith_LowHeight_obj/Interior/Cab/Ticketer
[2026-09-22 23:05:01] Game Found texture at recursive path with extension: SP_E400MMC/Texture/TicketerScreens/Screen_Login.dds
[2026-09-22 23:05:01] Game Loading texture from path: SP_E400MMC/Texture/TicketerScreens/Screen_Login.dds
[2026-09-22 23:05:01] Game Reading image from path: SP_E400MMC\Texture\TicketerScreens\Screen_Login.dds
[2026-09-22 23:05:01] Game Loading OBJ model from path: SP_E400MMC/Model/Converted/E400MMC_ADL_10.9m_Voith_LowHeight_obj/Interior/Cab/Ticketer/Ticketer_Screen_Login_TT.obj
[2026-09-22 23:05:01] Game Finding texture with name: reg.png in root: SP_E400MMC/Model/Converted/E400MMC_ADL_10.9m_Voith_LowHeight_obj/Interior/Cab/Ticketer
[2026-09-22 23:05:01] Game Found texture at recursive path with extension: SP_E400MMC/Texture/reg.dds
[2026-09-22 23:05:01] Game Loading texture from path: SP_E400MMC/Texture/reg.dds
[2026-09-22 23:05:01] Game Loading OBJ model from path: SP_E400MMC/Model/Converted/E400MMC_ADL_10.9m_Voith_LowHeight_obj/Interior/Cab/Ticketer/Ticketer_Screen_DutyTotalsPrompt.obj
[2026-09-22 23:05:01] Game Finding texture with name: TicketerScreens/Screen_DutyTotalsPrompt.png in root: SP_E400MMC/Model/Converted/E400MMC_ADL_10.9m_Voith_LowHeight_obj/Interior/Cab/Ticketer
[2026-09-22 23:05:01] Game Found texture at recursive path with extension: SP_E400MMC/Texture/TicketerScreens/Screen_DutyTotalsPrompt.dds
[2026-09-22 23:05:01] Game Loading texture from path: SP_E400MMC/Texture/TicketerScreens/Screen_DutyTotalsPrompt.dds
[2026-09-22 23:05:01] Game Reading image from path: SP_E400MMC\Texture\TicketerScreens\Screen_DutyTotalsPrompt.dds
[2026-09-22 23:05:01] Game Loading OBJ model from path: SP_E400MMC/Model/Converted/E400MMC_ADL_10.9m_Voith_LowHeight_obj/Interior/Cab/Ticketer/Ticketer_Screen_Button_Totals_Back.obj
[2026-09-22 23:05:01] Game Finding texture with name: trans.png in root: SP_E400MMC/Model/Converted/E400MMC_ADL_10.9m_Voith_LowHeight_obj/Interior/Cab/Ticketer
[2026-09-22 23:05:01] Game Found texture at recursive path with extension: SP_E400MMC/Texture/trans.dds
[2026-09-22 23:05:01] Game Loading texture from path: SP_E400MMC/Texture/trans.dds
[2026-09-22 23:05:01] Game Loading OBJ model from path: SP_E400MMC/Model/Converted/E400MMC_ADL_10.9m_Voith_LowHeight_obj/Interior/Cab/Ticketer/Ticketer_Screen_Button_Skip.obj
[2026-09-22 23:05:01] Game Finding texture with name: trans.png in root: SP_E400MMC/Model/Converted/E400MMC_ADL_10.9m_Voith_LowHeight_obj/Interior/Cab/Ticketer
[2026-09-22 23:05:01] Game Found texture at recursive path with extension: SP_E400MMC/Texture/trans.dds
[2026-09-22 23:05:01] Game Loading texture from path: SP_E400MMC/Texture/trans.dds
[2026-09-22 23:05:01] Game Loading OBJ model from path: SP_E400MMC/Model/Converted/E400MMC_ADL_10.9m_Voith_LowHeight_obj/Interior/Cab/Ticketer/Ticketer_Screen_Login_Pin.obj
[2026-09-22 23:05:01] Game Finding texture with name: TicketerScreens/Screen_Login_Pin.png in root: SP_E400MMC/Model/Converted/E400MMC_ADL_10.9m_Voith_LowHeight_obj/Interior/Cab/Ticketer
[2026-09-22 23:05:01] Game Found texture at recursive path with extension: SP_E400MMC/Texture/TicketerScreens/Screen_Login_Pin.dds
[2026-09-22 23:05:01] Game Loading texture from path: SP_E400MMC/Texture/TicketerScreens/Screen_Login_Pin.dds
[2026-09-22 23:05:01] Game Reading image from path: SP_E400MMC\Texture\TicketerScreens\Screen_Login_Pin.dds
[2026-09-22 23:05:01] Game Loading OBJ model from path: SP_E400MMC/Model/Converted/E400MMC_ADL_10.9m_Voith_LowHeight_obj/Interior/Cab/Ticketer/Ticketer_Screen_Login_Pin_TT.obj
[2026-09-22 23:05:01] Game Finding texture with name: reg.png in root: SP_E400MMC/Model/Converted/E400MMC_ADL_10.9m_Voith_LowHeight_obj/Interior/Cab/Ticketer
[2026-09-22 23:05:01] Game Found texture at recursive path with extension: SP_E400MMC/Texture/reg.dds
[2026-09-22 23:05:01] Game Loading texture from path: SP_E400MMC/Texture/reg.dds
[2026-09-22 23:05:01] Game Loading OBJ model from path: SP_E400MMC/Model/Converted/E400MMC_ADL_10.9m_Voith_LowHeight_obj/Interior/Cab/Ticketer/Ticketer_Screen_Button_LoginPin_Back.obj
[2026-09-22 23:05:01] Game Finding texture with name: trans.png in root: SP_E400MMC/Model/Converted/E400MMC_ADL_10.9m_Voith_LowHeight_obj/Interior/Cab/Ticketer
[2026-09-22 23:05:01] Game Found texture at recursive path with extension: SP_E400MMC/Texture/trans.dds
[2026-09-22 23:05:01] Game Loading texture from path: SP_E400MMC/Texture/trans.dds
[2026-09-22 23:05:01] Game Loading OBJ model from path: SP_E400MMC/Model/Converted/E400MMC_ADL_10.9m_Voith_LowHeight_obj/Interior/Cab/Ticketer/Ticketer_Screen_SelectDuty.obj
[2026-09-22 23:05:01] Game Finding texture with name: TicketerScreens/Screen_SelectDuty.png in root: SP_E400MMC/Model/Converted/E400MMC_ADL_10.9m_Voith_LowHeight_obj/Interior/Cab/Ticketer
[2026-09-22 23:05:01] Game Found texture at recursive path with extension: SP_E400MMC/Texture/TicketerScreens/Screen_SelectDuty.dds
[2026-09-22 23:05:01] Game Finding texture with name: reg.png in root: SP_E400MMC/Model/Converted/E400MMC_ADL_10.9m_Voith_LowHeight_obj/Interior/Cab/Ticketer
[2026-09-22 23:05:01] Game Found texture at recursive path with extension: SP_E400MMC/Texture/reg.dds
[2026-09-22 23:05:01] Game Loading texture from path: SP_E400MMC/Texture/TicketerScreens/Screen_SelectDuty.dds
[2026-09-22 23:05:01] Game Reading image from path: SP_E400MMC\Texture\TicketerScreens\Screen_SelectDuty.dds
[2026-09-22 23:05:01] Game Loading texture from path: SP_E400MMC/Texture/reg.dds
[2026-09-22 23:05:01] Game Loading OBJ model from path: SP_E400MMC/Model/Converted/E400MMC_ADL_10.9m_Voith_LowHeight_obj/Interior/Cab/Ticketer/Ticketer_Screen_SelectDuty_Duty1.obj
[2026-09-22 23:05:01] Game Finding texture with name: trans.png in root: SP_E400MMC/Model/Converted/E400MMC_ADL_10.9m_Voith_LowHeight_obj/Interior/Cab/Ticketer
[2026-09-22 23:05:01] Game Found texture at recursive path with extension: SP_E400MMC/Texture/trans.dds
[2026-09-22 23:05:01] Game Finding texture with name: reg.png in root: SP_E400MMC/Model/Converted/E400MMC_ADL_10.9m_Voith_LowHeight_obj/Interior/Cab/Ticketer
[2026-09-22 23:05:01] Game Found texture at recursive path with extension: SP_E400MMC/Texture/reg.dds
[2026-09-22 23:05:01] Game Loading texture from path: SP_E400MMC/Texture/trans.dds
[2026-09-22 23:05:01] Game Loading texture from path: SP_E400MMC/Texture/reg.dds
[2026-09-22 23:05:01] Game Loading OBJ model from path: SP_E400MMC/Model/Converted/E400MMC_ADL_10.9m_Voith_LowHeight_obj/Interior/Cab/Ticketer/Ticketer_Screen_SelectDuty_Duty2.obj
[2026-09-22 23:05:01] Game Finding texture with name: trans.png in root: SP_E400MMC/Model/Converted/E400MMC_ADL_10.9m_Voith_LowHeight_obj/Interior/Cab/Ticketer
[2026-09-22 23:05:01] Game Found texture at recursive path with extension: SP_E400MMC/Texture/trans.dds
[2026-09-22 23:05:01] Game Finding texture with name: reg.png in root: SP_E400MMC/Model/Converted/E400MMC_ADL_10.9m_Voith_LowHeight_obj/Interior/Cab/Ticketer
[2026-09-22 23:05:01] Game Found texture at recursive path with extension: SP_E400MMC/Texture/reg.dds
[2026-09-22 23:05:01] Game Loading texture from path: SP_E400MMC/Texture/trans.dds
[2026-09-22 23:05:01] Game Loading texture from path: SP_E400MMC/Texture/reg.dds
[2026-09-22 23:05:01] Game Loading OBJ model from path: SP_E400MMC/Model/Converted/E400MMC_ADL_10.9m_Voith_LowHeight_obj/Interior/Cab/Ticketer/Ticketer_Screen_SelectDuty_Duty3.obj
[2026-09-22 23:05:01] Game Finding texture with name: trans.png in root: SP_E400MMC/Model/Converted/E400MMC_ADL_10.9m_Voith_LowHeight_obj/Interior/Cab/Ticketer
[2026-09-22 23:05:01] Game Found texture at recursive path with extension: SP_E400MMC/Texture/trans.dds
[2026-09-22 23:05:01] Game Finding texture with name: reg.png in root: SP_E400MMC/Model/Converted/E400MMC_ADL_10.9m_Voith_LowHeight_obj/Interior/Cab/Ticketer
[2026-09-22 23:05:01] Game Found texture at recursive path with extension: SP_E400MMC/Texture/reg.dds
[2026-09-22 23:05:01] Game Loading texture from path: SP_E400MMC/Texture/trans.dds
[2026-09-22 23:05:01] Game Loading texture from path: SP_E400MMC/Texture/reg.dds
[2026-09-22 23:05:01] Game Loading OBJ model from path: SP_E400MMC/Model/Converted/E400MMC_ADL_10.9m_Voith_LowHeight_obj/Interior/Cab/Ticketer/Ticketer_Screen_SelectDuty_Duty4.obj
[2026-09-22 23:05:01] Game Finding texture with name: trans.png in root: SP_E400MMC/Model/Converted/E400MMC_ADL_10.9m_Voith_LowHeight_obj/Interior/Cab/Ticketer
[2026-09-22 23:05:01] Game Found texture at recursive path with extension: SP_E400MMC/Texture/trans.dds
[2026-09-22 23:05:01] Game Finding texture with name: reg.png in root: SP_E400MMC/Model/Converted/E400MMC_ADL_10.9m_Voith_LowHeight_obj/Interior/Cab/Ticketer
[2026-09-22 23:05:01] Game Found texture at recursive path with extension: SP_E400MMC/Texture/reg.dds
[2026-09-22 23:05:01] Game Loading texture from path: SP_E400MMC/Texture/trans.dds
[2026-09-22 23:05:01] Game Loading texture from path: SP_E400MMC/Texture/reg.dds
[2026-09-22 23:05:01] Game Loading OBJ model from path: SP_E400MMC/Model/Converted/E400MMC_ADL_10.9m_Voith_LowHeight_obj/Interior/Cab/Ticketer/Ticketer_Screen_SelectDuty_Duty5.obj
[2026-09-22 23:05:01] Game Finding texture with name: trans.png in root: SP_E400MMC/Model/Converted/E400MMC_ADL_10.9m_Voith_LowHeight_obj/Interior/Cab/Ticketer
[2026-09-22 23:05:01] Game Found texture at recursive path with extension: SP_E400MMC/Texture/trans.dds
[2026-09-22 23:05:01] Game Finding texture with name: reg.png in root: SP_E400MMC/Model/Converted/E400MMC_ADL_10.9m_Voith_LowHeight_obj/Interior/Cab/Ticketer
[2026-09-22 23:05:01] Game Found texture at recursive path with extension: SP_E400MMC/Texture/reg.dds
[2026-09-22 23:05:01] Game Loading texture from path: SP_E400MMC/Texture/trans.dds
[2026-09-22 23:05:01] Game Loading texture from path: SP_E400MMC/Texture/reg.dds
[2026-09-22 23:05:01] Game Loading OBJ model from path: SP_E400MMC/Model/Converted/E400MMC_ADL_10.9m_Voith_LowHeight_obj/Interior/Cab/Ticketer/Ticketer_Screen_SelectDuty_Duty1Selected.obj
[2026-09-22 23:05:01] Game Finding texture with name: trans.png in root: SP_E400MMC/Model/Converted/E400MMC_ADL_10.9m_Voith_LowHeight_obj/Interior/Cab/Ticketer
[2026-09-22 23:05:01] Game Found texture at recursive path with extension: SP_E400MMC/Texture/trans.dds
[2026-09-22 23:05:01] Game Finding texture with name: reg.png in root: SP_E400MMC/Model/Converted/E400MMC_ADL_10.9m_Voith_LowHeight_obj/Interior/Cab/Ticketer
[2026-09-22 23:05:01] Game Found texture at recursive path with extension: SP_E400MMC/Texture/reg.dds
[2026-09-22 23:05:01] Game Finding texture with name: reg.png in root: SP_E400MMC/Model/Converted/E400MMC_ADL_10.9m_Voith_LowHeight_obj/Interior/Cab/Ticketer
[2026-09-22 23:05:01] Game Found texture at recursive path with extension: SP_E400MMC/Texture/reg.dds
[2026-09-22 23:05:01] Game Loading texture from path: SP_E400MMC/Texture/trans.dds
[2026-09-22 23:05:01] Game Loading texture from path: SP_E400MMC/Texture/reg.dds
[2026-09-22 23:05:01] Game Loading OBJ model from path: SP_E400MMC/Model/Converted/E400MMC_ADL_10.9m_Voith_LowHeight_obj/Interior/Cab/Ticketer/Ticketer_Screen_SelectDuty_Duty2Selected.obj
[2026-09-22 23:05:01] Game Finding texture with name: trans.png in root: SP_E400MMC/Model/Converted/E400MMC_ADL_10.9m_Voith_LowHeight_obj/Interior/Cab/Ticketer
[2026-09-22 23:05:01] Game Found texture at recursive path with extension: SP_E400MMC/Texture/trans.dds
[2026-09-22 23:05:01] Game Finding texture with name: reg.png in root: SP_E400MMC/Model/Converted/E400MMC_ADL_10.9m_Voith_LowHeight_obj/Interior/Cab/Ticketer
[2026-09-22 23:05:01] Game Found texture at recursive path with extension: SP_E400MMC/Texture/reg.dds
[2026-09-22 23:05:01] Game Finding texture with name: reg.png in root: SP_E400MMC/Model/Converted/E400MMC_ADL_10.9m_Voith_LowHeight_obj/Interior/Cab/Ticketer
[2026-09-22 23:05:01] Game Found texture at recursive path with extension: SP_E400MMC/Texture/reg.dds
[2026-09-22 23:05:01] Game Loading texture from path: SP_E400MMC/Texture/trans.dds
[2026-09-22 23:05:01] Game Loading texture from path: SP_E400MMC/Texture/reg.dds
[2026-09-22 23:05:01] Game Loading OBJ model from path: SP_E400MMC/Model/Converted/E400MMC_ADL_10.9m_Voith_LowHeight_obj/Interior/Cab/Ticketer/Ticketer_Screen_SelectDuty_Duty3Selected.obj
[2026-09-22 23:05:01] Game Finding texture with name: trans.png in root: SP_E400MMC/Model/Converted/E400MMC_ADL_10.9m_Voith_LowHeight_obj/Interior/Cab/Ticketer
[2026-09-22 23:05:01] Game Found texture at recursive path with extension: SP_E400MMC/Texture/trans.dds
[2026-09-22 23:05:01] Game Finding texture with name: reg.png in root: SP_E400MMC/Model/Converted/E400MMC_ADL_10.9m_Voith_LowHeight_obj/Interior/Cab/Ticketer
[2026-09-22 23:05:01] Game Found texture at recursive path with extension: SP_E400MMC/Texture/reg.dds
[2026-09-22 23:05:01] Game Finding texture with name: reg.png in root: SP_E400MMC/Model/Converted/E400MMC_ADL_10.9m_Voith_LowHeight_obj/Interior/Cab/Ticketer
[2026-09-22 23:05:01] Game Found texture at recursive path with extension: SP_E400MMC/Texture/reg.dds
[2026-09-22 23:05:01] Game Loading texture from path: SP_E400MMC/Texture/trans.dds
[2026-09-22 23:05:01] Game Loading texture from path: SP_E400MMC/Texture/reg.dds
[2026-09-22 23:05:01] Game Loading OBJ model from path: SP_E400MMC/Model/Converted/E400MMC_ADL_10.9m_Voith_LowHeight_obj/Interior/Cab/Ticketer/Ticketer_Screen_SelectDuty_Duty4Selected.obj
[2026-09-22 23:05:01] Game Finding texture with name: trans.png in root: SP_E400MMC/Model/Converted/E400MMC_ADL_10.9m_Voith_LowHeight_obj/Interior/Cab/Ticketer
[2026-09-22 23:05:01] Game Found texture at recursive path with extension: SP_E400MMC/Texture/trans.dds
[2026-09-22 23:05:01] Game Finding texture with name: reg.png in root: SP_E400MMC/Model/Converted/E400MMC_ADL_10.9m_Voith_LowHeight_obj/Interior/Cab/Ticketer
[2026-09-22 23:05:01] Game Found texture at recursive path with extension: SP_E400MMC/Texture/reg.dds
[2026-09-22 23:05:01] Game Finding texture with name: reg.png in root: SP_E400MMC/Model/Converted/E400MMC_ADL_10.9m_Voith_LowHeight_obj/Interior/Cab/Ticketer
[2026-09-22 23:05:01] Game Found texture at recursive path with extension: SP_E400MMC/Texture/reg.dds
[2026-09-22 23:05:01] Game Loading texture from path: SP_E400MMC/Texture/trans.dds
[2026-09-22 23:05:01] Game Loading texture from path: SP_E400MMC/Texture/reg.dds
[2026-09-22 23:05:01] Game Loading OBJ model from path: SP_E400MMC/Model/Converted/E400MMC_ADL_10.9m_Voith_LowHeight_obj/Interior/Cab/Ticketer/Ticketer_Screen_SelectDuty_Duty5Selected.obj
[2026-09-22 23:05:01] Game Finding texture with name: trans.png in root: SP_E400MMC/Model/Converted/E400MMC_ADL_10.9m_Voith_LowHeight_obj/Interior/Cab/Ticketer
[2026-09-22 23:05:01] Game Found texture at recursive path with extension: SP_E400MMC/Texture/trans.dds
[2026-09-22 23:05:01] Game Finding texture with name: reg.png in root: SP_E400MMC/Model/Converted/E400MMC_ADL_10.9m_Voith_LowHeight_obj/Interior/Cab/Ticketer
[2026-09-22 23:05:01] Game Found texture at recursive path with extension: SP_E400MMC/Texture/reg.dds
[2026-09-22 23:05:01] Game Finding texture with name: reg.png in root: SP_E400MMC/Model/Converted/E400MMC_ADL_10.9m_Voith_LowHeight_obj/Interior/Cab/Ticketer
[2026-09-22 23:05:01] Game Found texture at recursive path with extension: SP_E400MMC/Texture/reg.dds
[2026-09-22 23:05:01] Game Loading texture from path: SP_E400MMC/Texture/trans.dds
[2026-09-22 23:05:01] Game Loading texture from path: SP_E400MMC/Texture/reg.dds
[2026-09-22 23:05:01] Game Loading OBJ model from path: SP_E400MMC/Model/Converted/E400MMC_ADL_10.9m_Voith_LowHeight_obj/Interior/Cab/Ticketer/Ticketer_Screen_SelectDuty_Accept.obj
[2026-09-22 23:05:01] Game Finding texture with name: trans.png in root: SP_E400MMC/Model/Converted/E400MMC_ADL_10.9m_Voith_LowHeight_obj/Interior/Cab/Ticketer
[2026-09-22 23:05:01] Game Found texture at recursive path with extension: SP_E400MMC/Texture/trans.dds
[2026-09-22 23:05:01] Game Loading texture from path: SP_E400MMC/Texture/trans.dds
[2026-09-22 23:05:01] Game Loading OBJ model from path: SP_E400MMC/Model/Converted/E400MMC_ADL_10.9m_Voith_LowHeight_obj/Interior/Cab/Ticketer/Ticketer_Screen_SelectDuty_Back.obj
[2026-09-22 23:05:01] Game Finding texture with name: trans.png in root: SP_E400MMC/Model/Converted/E400MMC_ADL_10.9m_Voith_LowHeight_obj/Interior/Cab/Ticketer
[2026-09-22 23:05:01] Game Found texture at recursive path with extension: SP_E400MMC/Texture/trans.dds
[2026-09-22 23:05:01] Game Loading texture from path: SP_E400MMC/Texture/trans.dds
[2026-09-22 23:05:01] Game Loading OBJ model from path: SP_E400MMC/Model/Converted/E400MMC_ADL_10.9m_Voith_LowHeight_obj/Interior/Cab/Ticketer/Ticketer_Screen_SelectDuty_NewDutyButton.obj
[2026-09-22 23:05:01] Game Finding texture with name: trans.png in root: SP_E400MMC/Model/Converted/E400MMC_ADL_10.9m_Voith_LowHeight_obj/Interior/Cab/Ticketer
[2026-09-22 23:05:01] Game Found texture at recursive path with extension: SP_E400MMC/Texture/trans.dds
[2026-09-22 23:05:01] Game Loading texture from path: SP_E400MMC/Texture/trans.dds
[2026-09-22 23:05:01] Game Loading OBJ model from path: SP_E400MMC/Model/Converted/E400MMC_ADL_10.9m_Voith_LowHeight_obj/Interior/Cab/Ticketer/Ticketer_Screen_SelectDuty_NewDuty.obj
[2026-09-22 23:05:01] Game Finding texture with name: TicketerScreens/Screen_SelectDuty_NewDuty.png in root: SP_E400MMC/Model/Converted/E400MMC_ADL_10.9m_Voith_LowHeight_obj/Interior/Cab/Ticketer
[2026-09-22 23:05:01] Game Found texture at recursive path with extension: SP_E400MMC/Texture/TicketerScreens/Screen_SelectDuty_NewDuty.dds
[2026-09-22 23:05:01] Game Finding texture with name: reg.png in root: SP_E400MMC/Model/Converted/E400MMC_ADL_10.9m_Voith_LowHeight_obj/Interior/Cab/Ticketer
[2026-09-22 23:05:01] Game Found texture at recursive path with extension: SP_E400MMC/Texture/reg.dds
[2026-09-22 23:05:01] Game Finding texture with name: reg.png in root: SP_E400MMC/Model/Converted/E400MMC_ADL_10.9m_Voith_LowHeight_obj/Interior/Cab/Ticketer
[2026-09-22 23:05:01] Game Found texture at recursive path with extension: SP_E400MMC/Texture/reg.dds
[2026-09-22 23:05:01] Game Loading texture from path: SP_E400MMC/Texture/TicketerScreens/Screen_SelectDuty_NewDuty.dds
[2026-09-22 23:05:01] Game Reading image from path: SP_E400MMC\Texture\TicketerScreens\Screen_SelectDuty_NewDuty.dds
[2026-09-22 23:05:01] Game Loading texture from path: SP_E400MMC/Texture/reg.dds
[2026-09-22 23:05:01] Game Loading OBJ model from path: SP_E400MMC/Model/Converted/E400MMC_ADL_10.9m_Voith_LowHeight_obj/Interior/Cab/Ticketer/Ticketer_Screen_SelectDuty_NewDuty_Back.obj
[2026-09-22 23:05:01] Game Finding texture with name: trans.png in root: SP_E400MMC/Model/Converted/E400MMC_ADL_10.9m_Voith_LowHeight_obj/Interior/Cab/Ticketer
[2026-09-22 23:05:01] Game Found texture at recursive path with extension: SP_E400MMC/Texture/trans.dds
[2026-09-22 23:05:01] Game Loading texture from path: SP_E400MMC/Texture/trans.dds
[2026-09-22 23:05:01] Game Loading OBJ model from path: SP_E400MMC/Model/Converted/E400MMC_ADL_10.9m_Voith_LowHeight_obj/Interior/Cab/Ticketer/Ticketer_Screen_SelectDuty_NewDuty_Accept.obj
[2026-09-22 23:05:01] Game Finding texture with name: trans.png in root: SP_E400MMC/Model/Converted/E400MMC_ADL_10.9m_Voith_LowHeight_obj/Interior/Cab/Ticketer
[2026-09-22 23:05:01] Game Found texture at recursive path with extension: SP_E400MMC/Texture/trans.dds
[2026-09-22 23:05:01] Game Loading texture from path: SP_E400MMC/Texture/trans.dds
[2026-09-22 23:05:01] Game Loading OBJ model from path: SP_E400MMC/Model/Converted/E400MMC_ADL_10.9m_Voith_LowHeight_obj/Interior/Cab/Ticketer/Ticketer_Screen_SelectTrip.obj
[2026-09-22 23:05:01] Game Finding texture with name: TicketerScreens/Screen_SelectTrip.png in root: SP_E400MMC/Model/Converted/E400MMC_ADL_10.9m_Voith_LowHeight_obj/Interior/Cab/Ticketer
[2026-09-22 23:05:01] Game Found texture at recursive path with extension: SP_E400MMC/Texture/TicketerScreens/Screen_SelectTrip.dds
[2026-09-22 23:05:01] Game Finding texture with name: reg.png in root: SP_E400MMC/Model/Converted/E400MMC_ADL_10.9m_Voith_LowHeight_obj/Interior/Cab/Ticketer
[2026-09-22 23:05:01] Game Found texture at recursive path with extension: SP_E400MMC/Texture/reg.dds
[2026-09-22 23:05:01] Game Loading texture from path: SP_E400MMC/Texture/TicketerScreens/Screen_SelectTrip.dds
[2026-09-22 23:05:01] Game Reading image from path: SP_E400MMC\Texture\TicketerScreens\Screen_SelectTrip.dds
[2026-09-22 23:05:01] Game Loading texture from path: SP_E400MMC/Texture/reg.dds
[2026-09-22 23:05:01] Game Loading OBJ model from path: SP_E400MMC/Model/Converted/E400MMC_ADL_10.9m_Voith_LowHeight_obj/Interior/Cab/Ticketer/Ticketer_Screen_SelectTrip_Trip_NoTT.obj
[2026-09-22 23:05:01] Game Finding texture with name: TicketerScreens/Screen_SelectTrip_TripSelected_Blank.png in root: SP_E400MMC/Model/Converted/E400MMC_ADL_10.9m_Voith_LowHeight_obj/Interior/Cab/Ticketer
[2026-09-22 23:05:01] Game Found texture at recursive path with extension: SP_E400MMC/Texture/TicketerScreens/Screen_SelectTrip_TripSelected_Blank.dds
[2026-09-22 23:05:01] Game Finding texture with name: reg.png in root: SP_E400MMC/Model/Converted/E400MMC_ADL_10.9m_Voith_LowHeight_obj/Interior/Cab/Ticketer
[2026-09-22 23:05:01] Game Found texture at recursive path with extension: SP_E400MMC/Texture/reg.dds
[2026-09-22 23:05:01] Game Finding texture with name: reg.png in root: SP_E400MMC/Model/Converted/E400MMC_ADL_10.9m_Voith_LowHeight_obj/Interior/Cab/Ticketer
[2026-09-22 23:05:01] Game Found texture at recursive path with extension: SP_E400MMC/Texture/reg.dds
[2026-09-22 23:05:01] Game Loading texture from path: SP_E400MMC/Texture/TicketerScreens/Screen_SelectTrip_TripSelected_Blank.dds
[2026-09-22 23:05:01] Game Reading image from path: SP_E400MMC\Texture\TicketerScreens\Screen_SelectTrip_TripSelected_Blank.dds
[2026-09-22 23:05:01] Game Loading texture from path: SP_E400MMC/Texture/reg.dds
[2026-09-22 23:05:01] Game Loading OBJ model from path: SP_E400MMC/Model/Converted/E400MMC_ADL_10.9m_Voith_LowHeight_obj/Interior/Cab/Ticketer/Ticketer_Screen_SelectTrip_TripSelected.obj
[2026-09-22 23:05:01] Game Finding texture with name: reg.png in root: SP_E400MMC/Model/Converted/E400MMC_ADL_10.9m_Voith_LowHeight_obj/Interior/Cab/Ticketer
[2026-09-22 23:05:01] Game Found texture at recursive path with extension: SP_E400MMC/Texture/reg.dds
[2026-09-22 23:05:01] Game Finding texture with name: reg.png in root: SP_E400MMC/Model/Converted/E400MMC_ADL_10.9m_Voith_LowHeight_obj/Interior/Cab/Ticketer
[2026-09-22 23:05:01] Game Found texture at recursive path with extension: SP_E400MMC/Texture/reg.dds
[2026-09-22 23:05:01] Game Finding texture with name: reg.png in root: SP_E400MMC/Model/Converted/E400MMC_ADL_10.9m_Voith_LowHeight_obj/Interior/Cab/Ticketer
[2026-09-22 23:05:01] Game Found texture at recursive path with extension: SP_E400MMC/Texture/reg.dds
[2026-09-22 23:05:01] Game Finding texture with name: reg.png in root: SP_E400MMC/Model/Converted/E400MMC_ADL_10.9m_Voith_LowHeight_obj/Interior/Cab/Ticketer
[2026-09-22 23:05:01] Game Found texture at recursive path with extension: SP_E400MMC/Texture/reg.dds
[2026-09-22 23:05:01] Game Loading texture from path: SP_E400MMC/Texture/reg.dds
[2026-09-22 23:05:01] Game Loading OBJ model from path: SP_E400MMC/Model/Converted/E400MMC_ADL_10.9m_Voith_LowHeight_obj/Interior/Cab/Ticketer/Ticketer_Screen_SelectTrip_Accept.obj
[2026-09-22 23:05:01] Game Finding texture with name: trans.png in root: SP_E400MMC/Model/Converted/E400MMC_ADL_10.9m_Voith_LowHeight_obj/Interior/Cab/Ticketer
[2026-09-22 23:05:01] Game Found texture at recursive path with extension: SP_E400MMC/Texture/trans.dds
[2026-09-22 23:05:01] Game Loading texture from path: SP_E400MMC/Texture/trans.dds
[2026-09-22 23:05:01] Game Loading OBJ model from path: SP_E400MMC/Model/Converted/E400MMC_ADL_10.9m_Voith_LowHeight_obj/Interior/Cab/Ticketer/Ticketer_Screen_SelectTrip_AdHocButton.obj
[2026-09-22 23:05:01] Game Finding texture with name: trans.png in root: SP_E400MMC/Model/Converted/E400MMC_ADL_10.9m_Voith_LowHeight_obj/Interior/Cab/Ticketer
[2026-09-22 23:05:01] Game Found texture at recursive path with extension: SP_E400MMC/Texture/trans.dds
[2026-09-22 23:05:01] Game Loading texture from path: SP_E400MMC/Texture/trans.dds
[2026-09-22 23:05:01] Game Loading OBJ model from path: SP_E400MMC/Model/Converted/E400MMC_ADL_10.9m_Voith_LowHeight_obj/Interior/Cab/Ticketer/Ticketer_Screen_SelectTrip_Back.obj
[2026-09-22 23:05:01] Game Finding texture with name: trans.png in root: SP_E400MMC/Model/Converted/E400MMC_ADL_10.9m_Voith_LowHeight_obj/Interior/Cab/Ticketer
[2026-09-22 23:05:01] Game Found texture at recursive path with extension: SP_E400MMC/Texture/trans.dds
[2026-09-22 23:05:01] Game Loading texture from path: SP_E400MMC/Texture/trans.dds
[2026-09-22 23:05:01] Game Loading OBJ model from path: SP_E400MMC/Model/Converted/E400MMC_ADL_10.9m_Voith_LowHeight_obj/Interior/Cab/Ticketer/Ticketer_Screen_SelectTrip_DutySummary.obj
[2026-09-22 23:05:01] Game Finding texture with name: trans.png in root: SP_E400MMC/Model/Converted/E400MMC_ADL_10.9m_Voith_LowHeight_obj/Interior/Cab/Ticketer
[2026-09-22 23:05:01] Game Found texture at recursive path with extension: SP_E400MMC/Texture/trans.dds
[2026-09-22 23:05:01] Game Loading texture from path: SP_E400MMC/Texture/trans.dds
[2026-09-22 23:05:01] Game Loading OBJ model from path: SP_E400MMC/Model/Converted/E400MMC_ADL_10.9m_Voith_LowHeight_obj/Interior/Cab/Ticketer/Ticketer_Screen_SelectTrip_AdHoc.obj
[2026-09-22 23:05:01] Game Finding texture with name: TicketerScreens/Screen_SelectTrip_AdHoc.png in root: SP_E400MMC/Model/Converted/E400MMC_ADL_10.9m_Voith_LowHeight_obj/Interior/Cab/Ticketer
[2026-09-22 23:05:01] Game Found texture at recursive path with extension: SP_E400MMC/Texture/TicketerScreens/Screen_SelectTrip_AdHoc.dds
[2026-09-22 23:05:01] Game Finding texture with name: reg.png in root: SP_E400MMC/Model/Converted/E400MMC_ADL_10.9m_Voith_LowHeight_obj/Interior/Cab/Ticketer
[2026-09-22 23:05:01] Game Found texture at recursive path with extension: SP_E400MMC/Texture/reg.dds
[2026-09-22 23:05:01] Game Finding texture with name: reg.png in root: SP_E400MMC/Model/Converted/E400MMC_ADL_10.9m_Voith_LowHeight_obj/Interior/Cab/Ticketer
[2026-09-22 23:05:01] Game Found texture at recursive path with extension: SP_E400MMC/Texture/reg.dds
[2026-09-22 23:05:01] Game Loading texture from path: SP_E400MMC/Texture/TicketerScreens/Screen_SelectTrip_AdHoc.dds
[2026-09-22 23:05:01] Game Reading image from path: SP_E400MMC\Texture\TicketerScreens\Screen_SelectTrip_AdHoc.dds
[2026-09-22 23:05:01] Game Loading texture from path: SP_E400MMC/Texture/reg.dds
[2026-09-22 23:05:01] Game Loading OBJ model from path: SP_E400MMC/Model/Converted/E400MMC_ADL_10.9m_Voith_LowHeight_obj/Interior/Cab/Ticketer/Ticketer_Screen_SelectTrip_AdHoc_Back.obj
[2026-09-22 23:05:01] Game Finding texture with name: trans.png in root: SP_E400MMC/Model/Converted/E400MMC_ADL_10.9m_Voith_LowHeight_obj/Interior/Cab/Ticketer
[2026-09-22 23:05:01] Game Found texture at recursive path with extension: SP_E400MMC/Texture/trans.dds
[2026-09-22 23:05:01] Game Loading texture from path: SP_E400MMC/Texture/trans.dds
[2026-09-22 23:05:01] Game Loading OBJ model from path: SP_E400MMC/Model/Converted/E400MMC_ADL_10.9m_Voith_LowHeight_obj/Interior/Cab/Ticketer/Ticketer_Screen_SelectTrip_AdHoc_Accept.obj
[2026-09-22 23:05:01] Game Finding texture with name: trans.png in root: SP_E400MMC/Model/Converted/E400MMC_ADL_10.9m_Voith_LowHeight_obj/Interior/Cab/Ticketer
[2026-09-22 23:05:01] Game Found texture at recursive path with extension: SP_E400MMC/Texture/trans.dds
[2026-09-22 23:05:01] Game Loading texture from path: SP_E400MMC/Texture/trans.dds
[2026-09-22 23:05:01] Game Loading OBJ model from path: SP_E400MMC/Model/Converted/E400MMC_ADL_10.9m_Voith_LowHeight_obj/Interior/Cab/Ticketer/Ticketer_Screen_TicketSelling.obj
[2026-09-22 23:05:01] Game Finding texture with name: TicketerScreens/Screen_TicketSelling_Main_Green.png in root: SP_E400MMC/Model/Converted/E400MMC_ADL_10.9m_Voith_LowHeight_obj/Interior/Cab/Ticketer
[2026-09-22 23:05:01] Game Found texture at recursive path with extension: SP_E400MMC/Texture/TicketerScreens/Screen_TicketSelling_Main_Green.dds
[2026-09-22 23:05:01] Game Loading texture from path: SP_E400MMC/Texture/TicketerScreens/Screen_TicketSelling_Main_Green.dds
[2026-09-22 23:05:01] Game Reading image from path: SP_E400MMC\Texture\TicketerScreens\Screen_TicketSelling_Main_Green.dds
[2026-09-22 23:05:01] Game Loading OBJ model from path: SP_E400MMC/Model/Converted/E400MMC_ADL_10.9m_Voith_LowHeight_obj/Interior/Cab/Ticketer/Ticketer_Screen_TicketSelling_Selected.obj
[2026-09-22 23:05:01] Game Finding texture with name: TicketerScreens/Screen_TicketSelling_Selected.png in root: SP_E400MMC/Model/Converted/E400MMC_ADL_10.9m_Voith_LowHeight_obj/Interior/Cab/Ticketer
[2026-09-22 23:05:01] Game Found texture at recursive path with extension: SP_E400MMC/Texture/TicketerScreens/Screen_TicketSelling_Selected.dds
[2026-09-22 23:05:01] Game Loading texture from path: SP_E400MMC/Texture/TicketerScreens/Screen_TicketSelling_Selected.dds
[2026-09-22 23:05:01] Game Reading image from path: SP_E400MMC\Texture\TicketerScreens\Screen_TicketSelling_Selected.dds
[2026-09-22 23:05:01] Game Loading OBJ model from path: SP_E400MMC/Model/Converted/E400MMC_ADL_10.9m_Voith_LowHeight_obj/Interior/Cab/Ticketer/Ticketer_Screen_Button_Issue.obj
[2026-09-22 23:05:01] Game Finding texture with name: trans.png in root: SP_E400MMC/Model/Converted/E400MMC_ADL_10.9m_Voith_LowHeight_obj/Interior/Cab/Ticketer
[2026-09-22 23:05:01] Game Found texture at recursive path with extension: SP_E400MMC/Texture/trans.dds
[2026-09-22 23:05:01] Game Finding texture with name: reg.png in root: SP_E400MMC/Model/Converted/E400MMC_ADL_10.9m_Voith_LowHeight_obj/Interior/Cab/Ticketer
[2026-09-22 23:05:01] Game Found texture at recursive path with extension: SP_E400MMC/Texture/reg.dds
[2026-09-22 23:05:01] Game Loading texture from path: SP_E400MMC/Texture/trans.dds
[2026-09-22 23:05:01] Game Loading texture from path: SP_E400MMC/Texture/reg.dds
[2026-09-22 23:05:01] Game Loading OBJ model from path: SP_E400MMC/Model/Converted/E400MMC_ADL_10.9m_Voith_LowHeight_obj/Interior/Cab/Ticketer/Ticketer_Screen_Button_TicketSellingClear.obj
[2026-09-22 23:05:01] Game Finding texture with name: trans.png in root: SP_E400MMC/Model/Converted/E400MMC_ADL_10.9m_Voith_LowHeight_obj/Interior/Cab/Ticketer
[2026-09-22 23:05:01] Game Found texture at recursive path with extension: SP_E400MMC/Texture/trans.dds
[2026-09-22 23:05:01] Game Loading texture from path: SP_E400MMC/Texture/trans.dds
[2026-09-22 23:05:01] Game Loading OBJ model from path: SP_E400MMC/Model/Converted/E400MMC_ADL_10.9m_Voith_LowHeight_obj/Interior/Cab/Ticketer/Ticketer_Screen_Button_TicketSellingCalc.obj
[2026-09-22 23:05:01] Game Finding texture with name: trans.png in root: SP_E400MMC/Model/Converted/E400MMC_ADL_10.9m_Voith_LowHeight_obj/Interior/Cab/Ticketer
[2026-09-22 23:05:01] Game Found texture at recursive path with extension: SP_E400MMC/Texture/trans.dds
[2026-09-22 23:05:01] Game Loading texture from path: SP_E400MMC/Texture/trans.dds
[2026-09-22 23:05:01] Game Loading OBJ model from path: SP_E400MMC/Model/Converted/E400MMC_ADL_10.9m_Voith_LowHeight_obj/Interior/Cab/Ticketer/Ticketer_Screen_Button_More.obj
[2026-09-22 23:05:01] Game Finding texture with name: TicketerScreens/Screen_Button_More.png in root: SP_E400MMC/Model/Converted/E400MMC_ADL_10.9m_Voith_LowHeight_obj/Interior/Cab/Ticketer
[2026-09-22 23:05:01] Game Found texture at recursive path with extension: SP_E400MMC/Texture/TicketerScreens/Screen_Button_More.dds
[2026-09-22 23:05:01] Game Loading texture from path: SP_E400MMC/Texture/TicketerScreens/Screen_Button_More.dds
[2026-09-22 23:05:01] Game Reading image from path: SP_E400MMC\Texture\TicketerScreens\Screen_Button_More.dds
[2026-09-22 23:05:01] Game Loading OBJ model from path: SP_E400MMC/Model/Converted/E400MMC_ADL_10.9m_Voith_LowHeight_obj/Interior/Cab/Ticketer/Ticketer_Screen_LoadingTicketInfo.obj
[2026-09-22 23:05:01] Game Finding texture with name: TicketerScreens/Screen_LoadingTicketInfo1.png in root: SP_E400MMC/Model/Converted/E400MMC_ADL_10.9m_Voith_LowHeight_obj/Interior/Cab/Ticketer
[2026-09-22 23:05:01] Game Found texture at recursive path with extension: SP_E400MMC/Texture/TicketerScreens/Screen_LoadingTicketInfo1.dds
[2026-09-22 23:05:01] Game Loading texture from path: SP_E400MMC/Texture/TicketerScreens/Screen_LoadingTicketInfo1.dds
[2026-09-22 23:05:01] Game Reading image from path: SP_E400MMC\Texture\TicketerScreens\Screen_LoadingTicketInfo1.dds
[2026-09-22 23:05:01] Game Loading OBJ model from path: SP_E400MMC/Model/Converted/E400MMC_ADL_10.9m_Voith_LowHeight_obj/Interior/Cab/Ticketer/Ticketer_Screen_PinPad_0.obj
[2026-09-22 23:05:01] Game Finding texture with name: trans.png in root: SP_E400MMC/Model/Converted/E400MMC_ADL_10.9m_Voith_LowHeight_obj/Interior/Cab/Ticketer
[2026-09-22 23:05:01] Game Found texture at recursive path with extension: SP_E400MMC/Texture/trans.dds
[2026-09-22 23:05:01] Game Loading texture from path: SP_E400MMC/Texture/trans.dds
[2026-09-22 23:05:01] Game Loading OBJ model from path: SP_E400MMC/Model/Converted/E400MMC_ADL_10.9m_Voith_LowHeight_obj/Interior/Cab/Ticketer/Ticketer_Screen_PinPad_1.obj
[2026-09-22 23:05:01] Game Finding texture with name: trans.png in root: SP_E400MMC/Model/Converted/E400MMC_ADL_10.9m_Voith_LowHeight_obj/Interior/Cab/Ticketer
[2026-09-22 23:05:01] Game Found texture at recursive path with extension: SP_E400MMC/Texture/trans.dds
[2026-09-22 23:05:01] Game Loading texture from path: SP_E400MMC/Texture/trans.dds
[2026-09-22 23:05:01] Game Loading OBJ model from path: SP_E400MMC/Model/Converted/E400MMC_ADL_10.9m_Voith_LowHeight_obj/Interior/Cab/Ticketer/Ticketer_Screen_PinPad_2.obj
[2026-09-22 23:05:01] Game Finding texture with name: trans.png in root: SP_E400MMC/Model/Converted/E400MMC_ADL_10.9m_Voith_LowHeight_obj/Interior/Cab/Ticketer
[2026-09-22 23:05:01] Game Found texture at recursive path with extension: SP_E400MMC/Texture/trans.dds
[2026-09-22 23:05:01] Game Loading texture from path: SP_E400MMC/Texture/trans.dds
[2026-09-22 23:05:01] Game Loading OBJ model from path: SP_E400MMC/Model/Converted/E400MMC_ADL_10.9m_Voith_LowHeight_obj/Interior/Cab/Ticketer/Ticketer_Screen_PinPad_3.obj
[2026-09-22 23:05:01] Game Finding texture with name: trans.png in root: SP_E400MMC/Model/Converted/E400MMC_ADL_10.9m_Voith_LowHeight_obj/Interior/Cab/Ticketer
[2026-09-22 23:05:01] Game Found texture at recursive path with extension: SP_E400MMC/Texture/trans.dds
[2026-09-22 23:05:01] Game Loading texture from path: SP_E400MMC/Texture/trans.dds
[2026-09-22 23:05:01] Game Loading OBJ model from path: SP_E400MMC/Model/Converted/E400MMC_ADL_10.9m_Voith_LowHeight_obj/Interior/Cab/Ticketer/Ticketer_Screen_PinPad_4.obj
[2026-09-22 23:05:01] Game Finding texture with name: trans.png in root: SP_E400MMC/Model/Converted/E400MMC_ADL_10.9m_Voith_LowHeight_obj/Interior/Cab/Ticketer
[2026-09-22 23:05:01] Game Found texture at recursive path with extension: SP_E400MMC/Texture/trans.dds
[2026-09-22 23:05:01] Game Loading texture from path: SP_E400MMC/Texture/trans.dds
[2026-09-22 23:05:01] Game Loading OBJ model from path: SP_E400MMC/Model/Converted/E400MMC_ADL_10.9m_Voith_LowHeight_obj/Interior/Cab/Ticketer/Ticketer_Screen_PinPad_5.obj
[2026-09-22 23:05:01] Game Finding texture with name: trans.png in root: SP_E400MMC/Model/Converted/E400MMC_ADL_10.9m_Voith_LowHeight_obj/Interior/Cab/Ticketer
[2026-09-22 23:05:01] Game Found texture at recursive path with extension: SP_E400MMC/Texture/trans.dds
[2026-09-22 23:05:01] Game Loading texture from path: SP_E400MMC/Texture/trans.dds
[2026-09-22 23:05:01] Game Loading OBJ model from path: SP_E400MMC/Model/Converted/E400MMC_ADL_10.9m_Voith_LowHeight_obj/Interior/Cab/Ticketer/Ticketer_Screen_PinPad_6.obj
[2026-09-22 23:05:01] Game Finding texture with name: trans.png in root: SP_E400MMC/Model/Converted/E400MMC_ADL_10.9m_Voith_LowHeight_obj/Interior/Cab/Ticketer
[2026-09-22 23:05:01] Game Found texture at recursive path with extension: SP_E400MMC/Texture/trans.dds
[2026-09-22 23:05:01] Game Loading texture from path: SP_E400MMC/Texture/trans.dds
[2026-09-22 23:05:01] Game Loading OBJ model from path: SP_E400MMC/Model/Converted/E400MMC_ADL_10.9m_Voith_LowHeight_obj/Interior/Cab/Ticketer/Ticketer_Screen_PinPad_7.obj
[2026-09-22 23:05:01] Game Finding texture with name: trans.png in root: SP_E400MMC/Model/Converted/E400MMC_ADL_10.9m_Voith_LowHeight_obj/Interior/Cab/Ticketer
[2026-09-22 23:05:01] Game Found texture at recursive path with extension: SP_E400MMC/Texture/trans.dds
[2026-09-22 23:05:01] Game Loading texture from path: SP_E400MMC/Texture/trans.dds
[2026-09-22 23:05:01] Game Loading OBJ model from path: SP_E400MMC/Model/Converted/E400MMC_ADL_10.9m_Voith_LowHeight_obj/Interior/Cab/Ticketer/Ticketer_Screen_PinPad_8.obj
[2026-09-22 23:05:01] Game Finding texture with name: trans.png in root: SP_E400MMC/Model/Converted/E400MMC_ADL_10.9m_Voith_LowHeight_obj/Interior/Cab/Ticketer
[2026-09-22 23:05:01] Game Found texture at recursive path with extension: SP_E400MMC/Texture/trans.dds
[2026-09-22 23:05:01] Game Loading texture from path: SP_E400MMC/Texture/trans.dds
[2026-09-22 23:05:01] Game Loading OBJ model from path: SP_E400MMC/Model/Converted/E400MMC_ADL_10.9m_Voith_LowHeight_obj/Interior/Cab/Ticketer/Ticketer_Screen_PinPad_9.obj
[2026-09-22 23:05:01] Game Finding texture with name: trans.png in root: SP_E400MMC/Model/Converted/E400MMC_ADL_10.9m_Voith_LowHeight_obj/Interior/Cab/Ticketer
[2026-09-22 23:05:01] Game Found texture at recursive path with extension: SP_E400MMC/Texture/trans.dds
[2026-09-22 23:05:01] Game Loading texture from path: SP_E400MMC/Texture/trans.dds
[2026-09-22 23:05:01] Game Loading OBJ model from path: SP_E400MMC/Model/Converted/E400MMC_ADL_10.9m_Voith_LowHeight_obj/Interior/Cab/Ticketer/Ticketer_Screen_PinPad_C.obj
[2026-09-22 23:05:01] Game Finding texture with name: trans.png in root: SP_E400MMC/Model/Converted/E400MMC_ADL_10.9m_Voith_LowHeight_obj/Interior/Cab/Ticketer
[2026-09-22 23:05:01] Game Found texture at recursive path with extension: SP_E400MMC/Texture/trans.dds
[2026-09-22 23:05:01] Game Loading texture from path: SP_E400MMC/Texture/trans.dds
[2026-09-22 23:05:01] Game Loading OBJ model from path: SP_E400MMC/Model/Converted/E400MMC_ADL_10.9m_Voith_LowHeight_obj/Interior/Cab/Ticketer/Ticketer_Screen_PinPad_OK.obj
[2026-09-22 23:05:01] Game Finding texture with name: trans.png in root: SP_E400MMC/Model/Converted/E400MMC_ADL_10.9m_Voith_LowHeight_obj/Interior/Cab/Ticketer
[2026-09-22 23:05:01] Game Found texture at recursive path with extension: SP_E400MMC/Texture/trans.dds
[2026-09-22 23:05:01] Game Loading texture from path: SP_E400MMC/Texture/trans.dds
[2026-09-22 23:05:01] Game Loading OBJ model from path: SP_E400MMC/Model/Converted/E400MMC_ADL_10.9m_Voith_LowHeight_obj/Interior/Cab/Ticketer/Ticketer_Screen_UnrecognisedLoginCode.obj
[2026-09-22 23:05:01] Game Finding texture with name: TicketerScreens/UnrecognisedLoginCode.png in root: SP_E400MMC/Model/Converted/E400MMC_ADL_10.9m_Voith_LowHeight_obj/Interior/Cab/Ticketer
[2026-09-22 23:05:01] Game Found texture at recursive path with extension: SP_E400MMC/Texture/TicketerScreens/UnrecognisedLoginCode.dds
[2026-09-22 23:05:01] Game Loading texture from path: SP_E400MMC/Texture/TicketerScreens/UnrecognisedLoginCode.dds
[2026-09-22 23:05:01] Game Reading image from path: SP_E400MMC\Texture\TicketerScreens\UnrecognisedLoginCode.dds
[2026-09-22 23:05:01] Game Loading OBJ model from path: SP_E400MMC/Model/Converted/E400MMC_ADL_10.9m_Voith_LowHeight_obj/Interior/Cab/Ticketer/Ticketer_Screen_UnrecognisedLoginCode_Back.obj
[2026-09-22 23:05:01] Game Finding texture with name: trans.png in root: SP_E400MMC/Model/Converted/E400MMC_ADL_10.9m_Voith_LowHeight_obj/Interior/Cab/Ticketer
[2026-09-22 23:05:01] Game Found texture at recursive path with extension: SP_E400MMC/Texture/trans.dds
[2026-09-22 23:05:01] Game Loading texture from path: SP_E400MMC/Texture/trans.dds
[2026-09-22 23:05:01] Game Loading OBJ model from path: SP_E400MMC/Model/Converted/E400MMC_ADL_10.9m_Voith_LowHeight_obj/Interior/Cab/Ticketer/Ticketer_Screen_UnrecognisedPINCode.obj
[2026-09-22 23:05:01] Game Finding texture with name: TicketerScreens/UnrecognisedPINCode.png in root: SP_E400MMC/Model/Converted/E400MMC_ADL_10.9m_Voith_LowHeight_obj/Interior/Cab/Ticketer
[2026-09-22 23:05:01] Game Found texture at recursive path with extension: SP_E400MMC/Texture/TicketerScreens/UnrecognisedPINCode.dds
[2026-09-22 23:05:01] Game Loading texture from path: SP_E400MMC/Texture/TicketerScreens/UnrecognisedPINCode.dds
[2026-09-22 23:05:01] Game Reading image from path: SP_E400MMC\Texture\TicketerScreens\UnrecognisedPINCode.dds
[2026-09-22 23:05:01] Game Loading OBJ model from path: SP_E400MMC/Model/Converted/E400MMC_ADL_10.9m_Voith_LowHeight_obj/Interior/Cab/Ticketer/Ticketer_Screen_UnrecognisedPINCode_Back.obj
[2026-09-22 23:05:01] Game Finding texture with name: trans.png in root: SP_E400MMC/Model/Converted/E400MMC_ADL_10.9m_Voith_LowHeight_obj/Interior/Cab/Ticketer
[2026-09-22 23:05:01] Game Found texture at recursive path with extension: SP_E400MMC/Texture/trans.dds
[2026-09-22 23:05:01] Game Loading texture from path: SP_E400MMC/Texture/trans.dds
[2026-09-22 23:05:01] Game Loading OBJ model from path: SP_E400MMC/Model/Converted/E400MMC_ADL_10.9m_Voith_LowHeight_obj/Interior/Cab/Ticketer/Ticketer_Screen_TicketSelling_TopInfo.obj
[2026-09-22 23:05:01] Game Finding texture with name: reg.png in root: SP_E400MMC/Model/Converted/E400MMC_ADL_10.9m_Voith_LowHeight_obj/Interior/Cab/Ticketer
[2026-09-22 23:05:01] Game Found texture at recursive path with extension: SP_E400MMC/Texture/reg.dds
[2026-09-22 23:05:01] Game Finding texture with name: reg.png in root: SP_E400MMC/Model/Converted/E400MMC_ADL_10.9m_Voith_LowHeight_obj/Interior/Cab/Ticketer
[2026-09-22 23:05:01] Game Found texture at recursive path with extension: SP_E400MMC/Texture/reg.dds
[2026-09-22 23:05:01] Game Finding texture with name: reg.png in root: SP_E400MMC/Model/Converted/E400MMC_ADL_10.9m_Voith_LowHeight_obj/Interior/Cab/Ticketer
[2026-09-22 23:05:01] Game Found texture at recursive path with extension: SP_E400MMC/Texture/reg.dds
[2026-09-22 23:05:01] Game Finding texture with name: reg.png in root: SP_E400MMC/Model/Converted/E400MMC_ADL_10.9m_Voith_LowHeight_obj/Interior/Cab/Ticketer
[2026-09-22 23:05:01] Game Found texture at recursive path with extension: SP_E400MMC/Texture/reg.dds
[2026-09-22 23:05:01] Game Loading texture from path: SP_E400MMC/Texture/reg.dds
[2026-09-22 23:05:01] Game Loading OBJ model from path: SP_E400MMC/Model/Converted/E400MMC_ADL_10.9m_Voith_LowHeight_obj/Interior/Cab/Ticketer/Ticketer_Screen_TicketSelling_Ticket_1.obj
[2026-09-22 23:05:01] Game Finding texture with name: TicketerScreens/Screen_TicketBase.png in root: SP_E400MMC/Model/Converted/E400MMC_ADL_10.9m_Voith_LowHeight_obj/Interior/Cab/Ticketer
[2026-09-22 23:05:01] Game Found texture at recursive path with extension: SP_E400MMC/Texture/TicketerScreens/Screen_TicketBase.dds
[2026-09-22 23:05:01] Game Finding texture with name: reg.png in root: SP_E400MMC/Model/Converted/E400MMC_ADL_10.9m_Voith_LowHeight_obj/Interior/Cab/Ticketer
[2026-09-22 23:05:01] Game Found texture at recursive path with extension: SP_E400MMC/Texture/reg.dds
[2026-09-22 23:05:01] Game Finding texture with name: reg.png in root: SP_E400MMC/Model/Converted/E400MMC_ADL_10.9m_Voith_LowHeight_obj/Interior/Cab/Ticketer
[2026-09-22 23:05:01] Game Found texture at recursive path with extension: SP_E400MMC/Texture/reg.dds
[2026-09-22 23:05:01] Game Finding texture with name: reg.png in root: SP_E400MMC/Model/Converted/E400MMC_ADL_10.9m_Voith_LowHeight_obj/Interior/Cab/Ticketer
[2026-09-22 23:05:01] Game Found texture at recursive path with extension: SP_E400MMC/Texture/reg.dds
[2026-09-22 23:05:01] Game Loading texture from path: SP_E400MMC/Texture/TicketerScreens/Screen_TicketBase.dds
[2026-09-22 23:05:01] Game Reading image from path: SP_E400MMC\Texture\TicketerScreens\Screen_TicketBase.dds
[2026-09-22 23:05:01] Game Loading texture from path: SP_E400MMC/Texture/reg.dds
[2026-09-22 23:05:01] Game Loading OBJ model from path: SP_E400MMC/Model/Converted/E400MMC_ADL_10.9m_Voith_LowHeight_obj/Interior/Cab/Ticketer/Ticketer_Screen_TicketSelling_Ticket_2.obj
[2026-09-22 23:05:01] Game Finding texture with name: TicketerScreens/Screen_TicketBase.png in root: SP_E400MMC/Model/Converted/E400MMC_ADL_10.9m_Voith_LowHeight_obj/Interior/Cab/Ticketer
[2026-09-22 23:05:01] Game Found texture at recursive path with extension: SP_E400MMC/Texture/TicketerScreens/Screen_TicketBase.dds
[2026-09-22 23:05:01] Game Finding texture with name: reg.png in root: SP_E400MMC/Model/Converted/E400MMC_ADL_10.9m_Voith_LowHeight_obj/Interior/Cab/Ticketer
[2026-09-22 23:05:01] Game Found texture at recursive path with extension: SP_E400MMC/Texture/reg.dds
[2026-09-22 23:05:01] Game Finding texture with name: reg.png in root: SP_E400MMC/Model/Converted/E400MMC_ADL_10.9m_Voith_LowHeight_obj/Interior/Cab/Ticketer
[2026-09-22 23:05:01] Game Found texture at recursive path with extension: SP_E400MMC/Texture/reg.dds
[2026-09-22 23:05:01] Game Finding texture with name: reg.png in root: SP_E400MMC/Model/Converted/E400MMC_ADL_10.9m_Voith_LowHeight_obj/Interior/Cab/Ticketer
[2026-09-22 23:05:01] Game Found texture at recursive path with extension: SP_E400MMC/Texture/reg.dds
[2026-09-22 23:05:01] Game Loading texture from path: SP_E400MMC/Texture/TicketerScreens/Screen_TicketBase.dds
[2026-09-22 23:05:01] Game Loading texture from path: SP_E400MMC/Texture/reg.dds
[2026-09-22 23:05:01] Game Loading OBJ model from path: SP_E400MMC/Model/Converted/E400MMC_ADL_10.9m_Voith_LowHeight_obj/Interior/Cab/Ticketer/Ticketer_Screen_TicketSelling_Ticket_3.obj
[2026-09-22 23:05:01] Game Finding texture with name: TicketerScreens/Screen_TicketBase.png in root: SP_E400MMC/Model/Converted/E400MMC_ADL_10.9m_Voith_LowHeight_obj/Interior/Cab/Ticketer
[2026-09-22 23:05:01] Game Found texture at recursive path with extension: SP_E400MMC/Texture/TicketerScreens/Screen_TicketBase.dds
[2026-09-22 23:05:01] Game Finding texture with name: reg.png in root: SP_E400MMC/Model/Converted/E400MMC_ADL_10.9m_Voith_LowHeight_obj/Interior/Cab/Ticketer
[2026-09-22 23:05:01] Game Found texture at recursive path with extension: SP_E400MMC/Texture/reg.dds
[2026-09-22 23:05:01] Game Finding texture with name: reg.png in root: SP_E400MMC/Model/Converted/E400MMC_ADL_10.9m_Voith_LowHeight_obj/Interior/Cab/Ticketer
[2026-09-22 23:05:01] Game Found texture at recursive path with extension: SP_E400MMC/Texture/reg.dds
[2026-09-22 23:05:01] Game Finding texture with name: reg.png in root: SP_E400MMC/Model/Converted/E400MMC_ADL_10.9m_Voith_LowHeight_obj/Interior/Cab/Ticketer
[2026-09-22 23:05:02] Game Found texture at recursive path with extension: SP_E400MMC/Texture/reg.dds
[2026-09-22 23:05:02] Game Loading texture from path: SP_E400MMC/Texture/TicketerScreens/Screen_TicketBase.dds
[2026-09-22 23:05:02] Game Loading texture from path: SP_E400MMC/Texture/reg.dds
[2026-09-22 23:05:02] Game Loading OBJ model from path: SP_E400MMC/Model/Converted/E400MMC_ADL_10.9m_Voith_LowHeight_obj/Interior/Cab/Ticketer/Ticketer_Screen_TicketSelling_Ticket_4.obj
[2026-09-22 23:05:02] Game Finding texture with name: TicketerScreens/Screen_TicketBase.png in root: SP_E400MMC/Model/Converted/E400MMC_ADL_10.9m_Voith_LowHeight_obj/Interior/Cab/Ticketer
[2026-09-22 23:05:02] Game Found texture at recursive path with extension: SP_E400MMC/Texture/TicketerScreens/Screen_TicketBase.dds
[2026-09-22 23:05:02] Game Finding texture with name: reg.png in root: SP_E400MMC/Model/Converted/E400MMC_ADL_10.9m_Voith_LowHeight_obj/Interior/Cab/Ticketer
[2026-09-22 23:05:02] Game Found texture at recursive path with extension: SP_E400MMC/Texture/reg.dds
[2026-09-22 23:05:02] Game Finding texture with name: reg.png in root: SP_E400MMC/Model/Converted/E400MMC_ADL_10.9m_Voith_LowHeight_obj/Interior/Cab/Ticketer
[2026-09-22 23:05:02] Game Found texture at recursive path with extension: SP_E400MMC/Texture/reg.dds
[2026-09-22 23:05:02] Game Finding texture with name: reg.png in root: SP_E400MMC/Model/Converted/E400MMC_ADL_10.9m_Voith_LowHeight_obj/Interior/Cab/Ticketer
[2026-09-22 23:05:02] Game Found texture at recursive path with extension: SP_E400MMC/Texture/reg.dds
[2026-09-22 23:05:02] Game Loading texture from path: SP_E400MMC/Texture/TicketerScreens/Screen_TicketBase.dds
[2026-09-22 23:05:02] Game Loading texture from path: SP_E400MMC/Texture/reg.dds
[2026-09-22 23:05:02] Game Loading OBJ model from path: SP_E400MMC/Model/Converted/E400MMC_ADL_10.9m_Voith_LowHeight_obj/Interior/Cab/Ticketer/Ticketer_Screen_TicketSelling_Ticket_5.obj
[2026-09-22 23:05:02] Game Finding texture with name: TicketerScreens/Screen_TicketBase.png in root: SP_E400MMC/Model/Converted/E400MMC_ADL_10.9m_Voith_LowHeight_obj/Interior/Cab/Ticketer
[2026-09-22 23:05:02] Game Found texture at recursive path with extension: SP_E400MMC/Texture/TicketerScreens/Screen_TicketBase.dds
[2026-09-22 23:05:02] Game Finding texture with name: reg.png in root: SP_E400MMC/Model/Converted/E400MMC_ADL_10.9m_Voith_LowHeight_obj/Interior/Cab/Ticketer
[2026-09-22 23:05:02] Game Found texture at recursive path with extension: SP_E400MMC/Texture/reg.dds
[2026-09-22 23:05:02] Game Finding texture with name: reg.png in root: SP_E400MMC/Model/Converted/E400MMC_ADL_10.9m_Voith_LowHeight_obj/Interior/Cab/Ticketer
[2026-09-22 23:05:02] Game Found texture at recursive path with extension: SP_E400MMC/Texture/reg.dds
[2026-09-22 23:05:02] Game Finding texture with name: reg.png in root: SP_E400MMC/Model/Converted/E400MMC_ADL_10.9m_Voith_LowHeight_obj/Interior/Cab/Ticketer
[2026-09-22 23:05:02] Game Found texture at recursive path with extension: SP_E400MMC/Texture/reg.dds
[2026-09-22 23:05:02] Game Loading texture from path: SP_E400MMC/Texture/TicketerScreens/Screen_TicketBase.dds
[2026-09-22 23:05:02] Game Loading texture from path: SP_E400MMC/Texture/reg.dds
[2026-09-22 23:05:02] Game Loading OBJ model from path: SP_E400MMC/Model/Converted/E400MMC_ADL_10.9m_Voith_LowHeight_obj/Interior/Cab/Ticketer/Ticketer_Screen_TicketSelling_Ticket_6.obj
[2026-09-22 23:05:02] Game Finding texture with name: TicketerScreens/Screen_TicketBase.png in root: SP_E400MMC/Model/Converted/E400MMC_ADL_10.9m_Voith_LowHeight_obj/Interior/Cab/Ticketer
[2026-09-22 23:05:02] Game Found texture at recursive path with extension: SP_E400MMC/Texture/TicketerScreens/Screen_TicketBase.dds
[2026-09-22 23:05:02] Game Finding texture with name: reg.png in root: SP_E400MMC/Model/Converted/E400MMC_ADL_10.9m_Voith_LowHeight_obj/Interior/Cab/Ticketer
[2026-09-22 23:05:02] Game Found texture at recursive path with extension: SP_E400MMC/Texture/reg.dds
[2026-09-22 23:05:02] Game Finding texture with name: reg.png in root: SP_E400MMC/Model/Converted/E400MMC_ADL_10.9m_Voith_LowHeight_obj/Interior/Cab/Ticketer
[2026-09-22 23:05:02] Game Found texture at recursive path with extension: SP_E400MMC/Texture/reg.dds
[2026-09-22 23:05:02] Game Finding texture with name: reg.png in root: SP_E400MMC/Model/Converted/E400MMC_ADL_10.9m_Voith_LowHeight_obj/Interior/Cab/Ticketer
[2026-09-22 23:05:02] Game Found texture at recursive path with extension: SP_E400MMC/Texture/reg.dds
[2026-09-22 23:05:02] Game Loading texture from path: SP_E400MMC/Texture/TicketerScreens/Screen_TicketBase.dds
[2026-09-22 23:05:02] Game Loading texture from path: SP_E400MMC/Texture/reg.dds
[2026-09-22 23:05:02] Game Loading OBJ model from path: SP_E400MMC/Model/Converted/E400MMC_ADL_10.9m_Voith_LowHeight_obj/Interior/Cab/Ticketer/Ticketer_Screen_TicketSelling_Ticket_1.obj
[2026-09-22 23:05:02] Game Finding texture with name: TicketerScreens/Screen_TicketBase.png in root: SP_E400MMC/Model/Converted/E400MMC_ADL_10.9m_Voith_LowHeight_obj/Interior/Cab/Ticketer
[2026-09-22 23:05:02] Game Found texture at recursive path with extension: SP_E400MMC/Texture/TicketerScreens/Screen_TicketBase.dds
[2026-09-22 23:05:02] Game Finding texture with name: reg.png in root: SP_E400MMC/Model/Converted/E400MMC_ADL_10.9m_Voith_LowHeight_obj/Interior/Cab/Ticketer
[2026-09-22 23:05:02] Game Found texture at recursive path with extension: SP_E400MMC/Texture/reg.dds
[2026-09-22 23:05:02] Game Finding texture with name: reg.png in root: SP_E400MMC/Model/Converted/E400MMC_ADL_10.9m_Voith_LowHeight_obj/Interior/Cab/Ticketer
[2026-09-22 23:05:02] Game Found texture at recursive path with extension: SP_E400MMC/Texture/reg.dds
[2026-09-22 23:05:02] Game Finding texture with name: reg.png in root: SP_E400MMC/Model/Converted/E400MMC_ADL_10.9m_Voith_LowHeight_obj/Interior/Cab/Ticketer
[2026-09-22 23:05:02] Game Found texture at recursive path with extension: SP_E400MMC/Texture/reg.dds
[2026-09-22 23:05:02] Game Loading texture from path: SP_E400MMC/Texture/TicketerScreens/Screen_TicketBase.dds
[2026-09-22 23:05:02] Game Loading texture from path: SP_E400MMC/Texture/reg.dds
[2026-09-22 23:05:02] Game Loading OBJ model from path: SP_E400MMC/Model/Converted/E400MMC_ADL_10.9m_Voith_LowHeight_obj/Interior/Cab/Ticketer/Ticketer_Screen_TicketSelling_Ticket_2.obj
[2026-09-22 23:05:02] Game Finding texture with name: TicketerScreens/Screen_TicketBase.png in root: SP_E400MMC/Model/Converted/E400MMC_ADL_10.9m_Voith_LowHeight_obj/Interior/Cab/Ticketer
[2026-09-22 23:05:02] Game Found texture at recursive path with extension: SP_E400MMC/Texture/TicketerScreens/Screen_TicketBase.dds
[2026-09-22 23:05:02] Game Finding texture with name: reg.png in root: SP_E400MMC/Model/Converted/E400MMC_ADL_10.9m_Voith_LowHeight_obj/Interior/Cab/Ticketer
[2026-09-22 23:05:02] Game Found texture at recursive path with extension: SP_E400MMC/Texture/reg.dds
[2026-09-22 23:05:02] Game Finding texture with name: reg.png in root: SP_E400MMC/Model/Converted/E400MMC_ADL_10.9m_Voith_LowHeight_obj/Interior/Cab/Ticketer
[2026-09-22 23:05:02] Game Found texture at recursive path with extension: SP_E400MMC/Texture/reg.dds
[2026-09-22 23:05:02] Game Finding texture with name: reg.png in root: SP_E400MMC/Model/Converted/E400MMC_ADL_10.9m_Voith_LowHeight_obj/Interior/Cab/Ticketer
[2026-09-22 23:05:02] Game Found texture at recursive path with extension: SP_E400MMC/Texture/reg.dds
[2026-09-22 23:05:02] Game Loading texture from path: SP_E400MMC/Texture/TicketerScreens/Screen_TicketBase.dds
[2026-09-22 23:05:02] Game Loading texture from path: SP_E400MMC/Texture/reg.dds
[2026-09-22 23:05:02] Game Loading OBJ model from path: SP_E400MMC/Model/Converted/E400MMC_ADL_10.9m_Voith_LowHeight_obj/Interior/Cab/Ticketer/Ticketer_Screen_TicketSelling_Ticket_3.obj
[2026-09-22 23:05:02] Game Finding texture with name: TicketerScreens/Screen_TicketBase.png in root: SP_E400MMC/Model/Converted/E400MMC_ADL_10.9m_Voith_LowHeight_obj/Interior/Cab/Ticketer
[2026-09-22 23:05:02] Game Found texture at recursive path with extension: SP_E400MMC/Texture/TicketerScreens/Screen_TicketBase.dds
[2026-09-22 23:05:02] Game Finding texture with name: reg.png in root: SP_E400MMC/Model/Converted/E400MMC_ADL_10.9m_Voith_LowHeight_obj/Interior/Cab/Ticketer
[2026-09-22 23:05:02] Game Found texture at recursive path with extension: SP_E400MMC/Texture/reg.dds
[2026-09-22 23:05:02] Game Finding texture with name: reg.png in root: SP_E400MMC/Model/Converted/E400MMC_ADL_10.9m_Voith_LowHeight_obj/Interior/Cab/Ticketer
[2026-09-22 23:05:02] Game Found texture at recursive path with extension: SP_E400MMC/Texture/reg.dds
[2026-09-22 23:05:02] Game Finding texture with name: reg.png in root: SP_E400MMC/Model/Converted/E400MMC_ADL_10.9m_Voith_LowHeight_obj/Interior/Cab/Ticketer
[2026-09-22 23:05:02] Game Found texture at recursive path with extension: SP_E400MMC/Texture/reg.dds
[2026-09-22 23:05:02] Game Loading texture from path: SP_E400MMC/Texture/TicketerScreens/Screen_TicketBase.dds
[2026-09-22 23:05:02] Game Loading texture from path: SP_E400MMC/Texture/reg.dds
[2026-09-22 23:05:02] Game Loading OBJ model from path: SP_E400MMC/Model/Converted/E400MMC_ADL_10.9m_Voith_LowHeight_obj/Interior/Cab/Ticketer/Ticketer_Screen_TicketSelling_Ticket_4.obj
[2026-09-22 23:05:02] Game Finding texture with name: TicketerScreens/Screen_TicketBase.png in root: SP_E400MMC/Model/Converted/E400MMC_ADL_10.9m_Voith_LowHeight_obj/Interior/Cab/Ticketer
[2026-09-22 23:05:02] Game Found texture at recursive path with extension: SP_E400MMC/Texture/TicketerScreens/Screen_TicketBase.dds
[2026-09-22 23:05:02] Game Finding texture with name: reg.png in root: SP_E400MMC/Model/Converted/E400MMC_ADL_10.9m_Voith_LowHeight_obj/Interior/Cab/Ticketer
[2026-09-22 23:05:02] Game Found texture at recursive path with extension: SP_E400MMC/Texture/reg.dds
[2026-09-22 23:05:02] Game Finding texture with name: reg.png in root: SP_E400MMC/Model/Converted/E400MMC_ADL_10.9m_Voith_LowHeight_obj/Interior/Cab/Ticketer
[2026-09-22 23:05:02] Game Found texture at recursive path with extension: SP_E400MMC/Texture/reg.dds
[2026-09-22 23:05:02] Game Finding texture with name: reg.png in root: SP_E400MMC/Model/Converted/E400MMC_ADL_10.9m_Voith_LowHeight_obj/Interior/Cab/Ticketer
[2026-09-22 23:05:02] Game Found texture at recursive path with extension: SP_E400MMC/Texture/reg.dds
[2026-09-22 23:05:02] Game Loading texture from path: SP_E400MMC/Texture/TicketerScreens/Screen_TicketBase.dds
[2026-09-22 23:05:02] Game Loading texture from path: SP_E400MMC/Texture/reg.dds
[2026-09-22 23:05:02] Game Loading OBJ model from path: SP_E400MMC/Model/Converted/E400MMC_ADL_10.9m_Voith_LowHeight_obj/Interior/Cab/Ticketer/Ticketer_Screen_TicketSelling_Ticket_5.obj
[2026-09-22 23:05:02] Game Finding texture with name: TicketerScreens/Screen_TicketBase.png in root: SP_E400MMC/Model/Converted/E400MMC_ADL_10.9m_Voith_LowHeight_obj/Interior/Cab/Ticketer
[2026-09-22 23:05:02] Game Found texture at recursive path with extension: SP_E400MMC/Texture/TicketerScreens/Screen_TicketBase.dds
[2026-09-22 23:05:02] Game Finding texture with name: reg.png in root: SP_E400MMC/Model/Converted/E400MMC_ADL_10.9m_Voith_LowHeight_obj/Interior/Cab/Ticketer
[2026-09-22 23:05:02] Game Found texture at recursive path with extension: SP_E400MMC/Texture/reg.dds
[2026-09-22 23:05:02] Game Finding texture with name: reg.png in root: SP_E400MMC/Model/Converted/E400MMC_ADL_10.9m_Voith_LowHeight_obj/Interior/Cab/Ticketer
[2026-09-22 23:05:02] Game Found texture at recursive path with extension: SP_E400MMC/Texture/reg.dds
[2026-09-22 23:05:02] Game Finding texture with name: reg.png in root: SP_E400MMC/Model/Converted/E400MMC_ADL_10.9m_Voith_LowHeight_obj/Interior/Cab/Ticketer
[2026-09-22 23:05:02] Game Found texture at recursive path with extension: SP_E400MMC/Texture/reg.dds
[2026-09-22 23:05:02] Game Loading texture from path: SP_E400MMC/Texture/TicketerScreens/Screen_TicketBase.dds
[2026-09-22 23:05:02] Game Loading texture from path: SP_E400MMC/Texture/reg.dds
[2026-09-22 23:05:02] Game Loading OBJ model from path: SP_E400MMC/Model/Converted/E400MMC_ADL_10.9m_Voith_LowHeight_obj/Interior/Cab/Ticketer/Ticketer_Screen_TicketSelling_Ticket_6.obj
[2026-09-22 23:05:02] Game Finding texture with name: TicketerScreens/Screen_TicketBase.png in root: SP_E400MMC/Model/Converted/E400MMC_ADL_10.9m_Voith_LowHeight_obj/Interior/Cab/Ticketer
[2026-09-22 23:05:02] Game Found texture at recursive path with extension: SP_E400MMC/Texture/TicketerScreens/Screen_TicketBase.dds
[2026-09-22 23:05:02] Game Finding texture with name: reg.png in root: SP_E400MMC/Model/Converted/E400MMC_ADL_10.9m_Voith_LowHeight_obj/Interior/Cab/Ticketer
[2026-09-22 23:05:02] Game Found texture at recursive path with extension: SP_E400MMC/Texture/reg.dds
[2026-09-22 23:05:02] Game Finding texture with name: reg.png in root: SP_E400MMC/Model/Converted/E400MMC_ADL_10.9m_Voith_LowHeight_obj/Interior/Cab/Ticketer
[2026-09-22 23:05:02] Game Found texture at recursive path with extension: SP_E400MMC/Texture/reg.dds
[2026-09-22 23:05:02] Game Finding texture with name: reg.png in root: SP_E400MMC/Model/Converted/E400MMC_ADL_10.9m_Voith_LowHeight_obj/Interior/Cab/Ticketer
[2026-09-22 23:05:02] Game Found texture at recursive path with extension: SP_E400MMC/Texture/reg.dds
[2026-09-22 23:05:02] Game Loading texture from path: SP_E400MMC/Texture/TicketerScreens/Screen_TicketBase.dds
[2026-09-22 23:05:02] Game Loading texture from path: SP_E400MMC/Texture/reg.dds
[2026-09-22 23:05:02] Game Loading OBJ model from path: SP_E400MMC/Model/Converted/E400MMC_ADL_10.9m_Voith_LowHeight_obj/Interior/Cab/Ticketer/Ticketer_Screen_TicketSelling_Options.obj
[2026-09-22 23:05:02] Game Finding texture with name: trans.png in root: SP_E400MMC/Model/Converted/E400MMC_ADL_10.9m_Voith_LowHeight_obj/Interior/Cab/Ticketer
[2026-09-22 23:05:02] Game Found texture at recursive path with extension: SP_E400MMC/Texture/trans.dds
[2026-09-22 23:05:02] Game Loading texture from path: SP_E400MMC/Texture/trans.dds
[2026-09-22 23:05:02] Game Loading OBJ model from path: SP_E400MMC/Model/Converted/E400MMC_ADL_10.9m_Voith_LowHeight_obj/Interior/Cab/Ticketer/Ticketer_Screen_Calc.obj
[2026-09-22 23:05:02] Game Finding texture with name: TicketerScreens/Screen_Calc.png in root: SP_E400MMC/Model/Converted/E400MMC_ADL_10.9m_Voith_LowHeight_obj/Interior/Cab/Ticketer
[2026-09-22 23:05:02] Game Found texture at recursive path with extension: SP_E400MMC/Texture/TicketerScreens/Screen_Calc.dds
[2026-09-22 23:05:02] Game Loading texture from path: SP_E400MMC/Texture/TicketerScreens/Screen_Calc.dds
[2026-09-22 23:05:02] Game Reading image from path: SP_E400MMC\Texture\TicketerScreens\Screen_Calc.dds
[2026-09-22 23:05:02] Game Loading OBJ model from path: SP_E400MMC/Model/Converted/E400MMC_ADL_10.9m_Voith_LowHeight_obj/Interior/Cab/Ticketer/Ticketer_Screen_Calc_Info.obj
[2026-09-22 23:05:02] Game Finding texture with name: reg.png in root: SP_E400MMC/Model/Converted/E400MMC_ADL_10.9m_Voith_LowHeight_obj/Interior/Cab/Ticketer
[2026-09-22 23:05:02] Game Found texture at recursive path with extension: SP_E400MMC/Texture/reg.dds
[2026-09-22 23:05:02] Game Finding texture with name: reg.png in root: SP_E400MMC/Model/Converted/E400MMC_ADL_10.9m_Voith_LowHeight_obj/Interior/Cab/Ticketer
[2026-09-22 23:05:02] Game Found texture at recursive path with extension: SP_E400MMC/Texture/reg.dds
[2026-09-22 23:05:02] Game Finding texture with name: reg.png in root: SP_E400MMC/Model/Converted/E400MMC_ADL_10.9m_Voith_LowHeight_obj/Interior/Cab/Ticketer
[2026-09-22 23:05:02] Game Found texture at recursive path with extension: SP_E400MMC/Texture/reg.dds
[2026-09-22 23:05:02] Game Finding texture with name: reg.png in root: SP_E400MMC/Model/Converted/E400MMC_ADL_10.9m_Voith_LowHeight_obj/Interior/Cab/Ticketer
[2026-09-22 23:05:02] Game Found texture at recursive path with extension: SP_E400MMC/Texture/reg.dds
[2026-09-22 23:05:02] Game Finding texture with name: reg.png in root: SP_E400MMC/Model/Converted/E400MMC_ADL_10.9m_Voith_LowHeight_obj/Interior/Cab/Ticketer
[2026-09-22 23:05:02] Game Found texture at recursive path with extension: SP_E400MMC/Texture/reg.dds
[2026-09-22 23:05:02] Game Finding texture with name: reg.png in root: SP_E400MMC/Model/Converted/E400MMC_ADL_10.9m_Voith_LowHeight_obj/Interior/Cab/Ticketer
[2026-09-22 23:05:02] Game Found texture at recursive path with extension: SP_E400MMC/Texture/reg.dds
[2026-09-22 23:05:02] Game Loading texture from path: SP_E400MMC/Texture/reg.dds
[2026-09-22 23:05:02] Game Loading OBJ model from path: SP_E400MMC/Model/Converted/E400MMC_ADL_10.9m_Voith_LowHeight_obj/Interior/Cab/Ticketer/Ticketer_Screen_Calc_0.obj
[2026-09-22 23:05:02] Game Finding texture with name: trans.png in root: SP_E400MMC/Model/Converted/E400MMC_ADL_10.9m_Voith_LowHeight_obj/Interior/Cab/Ticketer
[2026-09-22 23:05:02] Game Found texture at recursive path with extension: SP_E400MMC/Texture/trans.dds
[2026-09-22 23:05:02] Game Loading texture from path: SP_E400MMC/Texture/trans.dds
[2026-09-22 23:05:02] Game Loading OBJ model from path: SP_E400MMC/Model/Converted/E400MMC_ADL_10.9m_Voith_LowHeight_obj/Interior/Cab/Ticketer/Ticketer_Screen_Calc_1.obj
[2026-09-22 23:05:02] Game Finding texture with name: trans.png in root: SP_E400MMC/Model/Converted/E400MMC_ADL_10.9m_Voith_LowHeight_obj/Interior/Cab/Ticketer
[2026-09-22 23:05:02] Game Found texture at recursive path with extension: SP_E400MMC/Texture/trans.dds
[2026-09-22 23:05:02] Game Loading texture from path: SP_E400MMC/Texture/trans.dds
[2026-09-22 23:05:02] Game Loading OBJ model from path: SP_E400MMC/Model/Converted/E400MMC_ADL_10.9m_Voith_LowHeight_obj/Interior/Cab/Ticketer/Ticketer_Screen_Calc_2.obj
[2026-09-22 23:05:02] Game Finding texture with name: trans.png in root: SP_E400MMC/Model/Converted/E400MMC_ADL_10.9m_Voith_LowHeight_obj/Interior/Cab/Ticketer
[2026-09-22 23:05:02] Game Found texture at recursive path with extension: SP_E400MMC/Texture/trans.dds
[2026-09-22 23:05:02] Game Loading texture from path: SP_E400MMC/Texture/trans.dds
[2026-09-22 23:05:02] Game Loading OBJ model from path: SP_E400MMC/Model/Converted/E400MMC_ADL_10.9m_Voith_LowHeight_obj/Interior/Cab/Ticketer/Ticketer_Screen_Calc_3.obj
[2026-09-22 23:05:02] Game Finding texture with name: trans.png in root: SP_E400MMC/Model/Converted/E400MMC_ADL_10.9m_Voith_LowHeight_obj/Interior/Cab/Ticketer
[2026-09-22 23:05:02] Game Found texture at recursive path with extension: SP_E400MMC/Texture/trans.dds
[2026-09-22 23:05:02] Game Loading texture from path: SP_E400MMC/Texture/trans.dds
[2026-09-22 23:05:02] Game Loading OBJ model from path: SP_E400MMC/Model/Converted/E400MMC_ADL_10.9m_Voith_LowHeight_obj/Interior/Cab/Ticketer/Ticketer_Screen_Calc_4.obj
[2026-09-22 23:05:02] Game Finding texture with name: trans.png in root: SP_E400MMC/Model/Converted/E400MMC_ADL_10.9m_Voith_LowHeight_obj/Interior/Cab/Ticketer
[2026-09-22 23:05:02] Game Found texture at recursive path with extension: SP_E400MMC/Texture/trans.dds
[2026-09-22 23:05:02] Game Loading texture from path: SP_E400MMC/Texture/trans.dds
[2026-09-22 23:05:02] Game Loading OBJ model from path: SP_E400MMC/Model/Converted/E400MMC_ADL_10.9m_Voith_LowHeight_obj/Interior/Cab/Ticketer/Ticketer_Screen_Calc_5.obj
[2026-09-22 23:05:02] Game Finding texture with name: trans.png in root: SP_E400MMC/Model/Converted/E400MMC_ADL_10.9m_Voith_LowHeight_obj/Interior/Cab/Ticketer
[2026-09-22 23:05:02] Game Found texture at recursive path with extension: SP_E400MMC/Texture/trans.dds
[2026-09-22 23:05:02] Game Loading texture from path: SP_E400MMC/Texture/trans.dds
[2026-09-22 23:05:02] Game Loading OBJ model from path: SP_E400MMC/Model/Converted/E400MMC_ADL_10.9m_Voith_LowHeight_obj/Interior/Cab/Ticketer/Ticketer_Screen_Calc_6.obj
[2026-09-22 23:05:02] Game Finding texture with name: trans.png in root: SP_E400MMC/Model/Converted/E400MMC_ADL_10.9m_Voith_LowHeight_obj/Interior/Cab/Ticketer
[2026-09-22 23:05:02] Game Found texture at recursive path with extension: SP_E400MMC/Texture/trans.dds
[2026-09-22 23:05:02] Game Loading texture from path: SP_E400MMC/Texture/trans.dds
[2026-09-22 23:05:02] Game Loading OBJ model from path: SP_E400MMC/Model/Converted/E400MMC_ADL_10.9m_Voith_LowHeight_obj/Interior/Cab/Ticketer/Ticketer_Screen_Calc_7.obj
[2026-09-22 23:05:02] Game Finding texture with name: trans.png in root: SP_E400MMC/Model/Converted/E400MMC_ADL_10.9m_Voith_LowHeight_obj/Interior/Cab/Ticketer
[2026-09-22 23:05:02] Game Found texture at recursive path with extension: SP_E400MMC/Texture/trans.dds
[2026-09-22 23:05:02] Game Loading texture from path: SP_E400MMC/Texture/trans.dds
[2026-09-22 23:05:02] Game Loading OBJ model from path: SP_E400MMC/Model/Converted/E400MMC_ADL_10.9m_Voith_LowHeight_obj/Interior/Cab/Ticketer/Ticketer_Screen_Calc_8.obj
[2026-09-22 23:05:02] Game Finding texture with name: trans.png in root: SP_E400MMC/Model/Converted/E400MMC_ADL_10.9m_Voith_LowHeight_obj/Interior/Cab/Ticketer
[2026-09-22 23:05:02] Game Found texture at recursive path with extension: SP_E400MMC/Texture/trans.dds
[2026-09-22 23:05:02] Game Loading texture from path: SP_E400MMC/Texture/trans.dds
[2026-09-22 23:05:02] Game Loading OBJ model from path: SP_E400MMC/Model/Converted/E400MMC_ADL_10.9m_Voith_LowHeight_obj/Interior/Cab/Ticketer/Ticketer_Screen_Calc_9.obj
[2026-09-22 23:05:02] Game Finding texture with name: trans.png in root: SP_E400MMC/Model/Converted/E400MMC_ADL_10.9m_Voith_LowHeight_obj/Interior/Cab/Ticketer
[2026-09-22 23:05:02] Game Found texture at recursive path with extension: SP_E400MMC/Texture/trans.dds
[2026-09-22 23:05:02] Game Loading texture from path: SP_E400MMC/Texture/trans.dds
[2026-09-22 23:05:02] Game Loading OBJ model from path: SP_E400MMC/Model/Converted/E400MMC_ADL_10.9m_Voith_LowHeight_obj/Interior/Cab/Ticketer/Ticketer_Screen_Calc_00.obj
[2026-09-22 23:05:02] Game Finding texture with name: trans.png in root: SP_E400MMC/Model/Converted/E400MMC_ADL_10.9m_Voith_LowHeight_obj/Interior/Cab/Ticketer
[2026-09-22 23:05:02] Game Found texture at recursive path with extension: SP_E400MMC/Texture/trans.dds
[2026-09-22 23:05:02] Game Loading texture from path: SP_E400MMC/Texture/trans.dds
[2026-09-22 23:05:02] Game Loading OBJ model from path: SP_E400MMC/Model/Converted/E400MMC_ADL_10.9m_Voith_LowHeight_obj/Interior/Cab/Ticketer/Ticketer_Screen_Calc_C.obj
[2026-09-22 23:05:02] Game Finding texture with name: trans.png in root: SP_E400MMC/Model/Converted/E400MMC_ADL_10.9m_Voith_LowHeight_obj/Interior/Cab/Ticketer
[2026-09-22 23:05:02] Game Found texture at recursive path with extension: SP_E400MMC/Texture/trans.dds
[2026-09-22 23:05:02] Game Loading texture from path: SP_E400MMC/Texture/trans.dds
[2026-09-22 23:05:02] Game Loading OBJ model from path: SP_E400MMC/Model/Converted/E400MMC_ADL_10.9m_Voith_LowHeight_obj/Interior/Cab/Ticketer/Ticketer_Screen_Calc_Cancel.obj
[2026-09-22 23:05:02] Game Finding texture with name: trans.png in root: SP_E400MMC/Model/Converted/E400MMC_ADL_10.9m_Voith_LowHeight_obj/Interior/Cab/Ticketer
[2026-09-22 23:05:02] Game Found texture at recursive path with extension: SP_E400MMC/Texture/trans.dds
[2026-09-22 23:05:02] Game Loading texture from path: SP_E400MMC/Texture/trans.dds
[2026-09-22 23:05:02] Game Loading OBJ model from path: SP_E400MMC/Model/Converted/E400MMC_ADL_10.9m_Voith_LowHeight_obj/Interior/Cab/Ticketer/Ticketer_Screen_Calc_Issue.obj
[2026-09-22 23:05:02] Game Finding texture with name: trans.png in root: SP_E400MMC/Model/Converted/E400MMC_ADL_10.9m_Voith_LowHeight_obj/Interior/Cab/Ticketer
[2026-09-22 23:05:02] Game Found texture at recursive path with extension: SP_E400MMC/Texture/trans.dds
[2026-09-22 23:05:02] Game Loading texture from path: SP_E400MMC/Texture/trans.dds
[2026-09-22 23:05:02] Game Loading OBJ model from path: SP_E400MMC/Model/Converted/E400MMC_ADL_10.9m_Voith_LowHeight_obj/Interior/Cab/Ticketer/Ticketer_Screen_Calc_IssueChange.obj
[2026-09-22 23:05:02] Game Finding texture with name: trans.png in root: SP_E400MMC/Model/Converted/E400MMC_ADL_10.9m_Voith_LowHeight_obj/Interior/Cab/Ticketer
[2026-09-22 23:05:02] Game Found texture at recursive path with extension: SP_E400MMC/Texture/trans.dds
[2026-09-22 23:05:02] Game Loading texture from path: SP_E400MMC/Texture/trans.dds
[2026-09-22 23:05:02] Game Loading OBJ model from path: SP_E400MMC/Model/Converted/E400MMC_ADL_10.9m_Voith_LowHeight_obj/Interior/Cab/Ticketer/Ticketer_Screen_Calc_5Minus.obj
[2026-09-22 23:05:02] Game Finding texture with name: trans.png in root: SP_E400MMC/Model/Converted/E400MMC_ADL_10.9m_Voith_LowHeight_obj/Interior/Cab/Ticketer
[2026-09-22 23:05:02] Game Found texture at recursive path with extension: SP_E400MMC/Texture/trans.dds
[2026-09-22 23:05:02] Game Loading texture from path: SP_E400MMC/Texture/trans.dds
[2026-09-22 23:05:02] Game Loading OBJ model from path: SP_E400MMC/Model/Converted/E400MMC_ADL_10.9m_Voith_LowHeight_obj/Interior/Cab/Ticketer/Ticketer_Screen_Calc_5Plus.obj
[2026-09-22 23:05:02] Game Finding texture with name: trans.png in root: SP_E400MMC/Model/Converted/E400MMC_ADL_10.9m_Voith_LowHeight_obj/Interior/Cab/Ticketer
[2026-09-22 23:05:02] Game Found texture at recursive path with extension: SP_E400MMC/Texture/trans.dds
[2026-09-22 23:05:02] Game Loading texture from path: SP_E400MMC/Texture/trans.dds
[2026-09-22 23:05:02] Game Loading OBJ model from path: SP_E400MMC/Model/Converted/E400MMC_ADL_10.9m_Voith_LowHeight_obj/Interior/Cab/Ticketer/Ticketer_Screen_Calc_10Minus.obj
[2026-09-22 23:05:02] Game Finding texture with name: trans.png in root: SP_E400MMC/Model/Converted/E400MMC_ADL_10.9m_Voith_LowHeight_obj/Interior/Cab/Ticketer
[2026-09-22 23:05:02] Game Found texture at recursive path with extension: SP_E400MMC/Texture/trans.dds
[2026-09-22 23:05:02] Game Loading texture from path: SP_E400MMC/Texture/trans.dds
[2026-09-22 23:05:02] Game Loading OBJ model from path: SP_E400MMC/Model/Converted/E400MMC_ADL_10.9m_Voith_LowHeight_obj/Interior/Cab/Ticketer/Ticketer_Screen_Calc_10Plus.obj
[2026-09-22 23:05:02] Game Finding texture with name: trans.png in root: SP_E400MMC/Model/Converted/E400MMC_ADL_10.9m_Voith_LowHeight_obj/Interior/Cab/Ticketer
[2026-09-22 23:05:02] Game Found texture at recursive path with extension: SP_E400MMC/Texture/trans.dds
[2026-09-22 23:05:02] Game Loading texture from path: SP_E400MMC/Texture/trans.dds
[2026-09-22 23:05:02] Game Loading OBJ model from path: SP_E400MMC/Model/Converted/E400MMC_ADL_10.9m_Voith_LowHeight_obj/Interior/Cab/Ticketer/Ticketer_Screen_Calc_Back.obj
[2026-09-22 23:05:02] Game Finding texture with name: trans.png in root: SP_E400MMC/Model/Converted/E400MMC_ADL_10.9m_Voith_LowHeight_obj/Interior/Cab/Ticketer
[2026-09-22 23:05:02] Game Found texture at recursive path with extension: SP_E400MMC/Texture/trans.dds
[2026-09-22 23:05:02] Game Loading texture from path: SP_E400MMC/Texture/trans.dds
[2026-09-22 23:05:02] Game Loading OBJ model from path: SP_E400MMC/Model/Converted/E400MMC_ADL_10.9m_Voith_LowHeight_obj/Interior/Cab/Ticketer/Ticketer_Screen_StopList.obj
[2026-09-22 23:05:02] Game Finding texture with name: TicketerScreens/Screen_StopList.png in root: SP_E400MMC/Model/Converted/E400MMC_ADL_10.9m_Voith_LowHeight_obj/Interior/Cab/Ticketer
[2026-09-22 23:05:02] Game Found texture at recursive path with extension: SP_E400MMC/Texture/TicketerScreens/Screen_StopList.dds
[2026-09-22 23:05:02] Game Loading texture from path: SP_E400MMC/Texture/TicketerScreens/Screen_StopList.dds
[2026-09-22 23:05:02] Game Reading image from path: SP_E400MMC\Texture\TicketerScreens\Screen_StopList.dds
[2026-09-22 23:05:02] Game Loading OBJ model from path: SP_E400MMC/Model/Converted/E400MMC_ADL_10.9m_Voith_LowHeight_obj/Interior/Cab/Ticketer/Ticketer_Screen_StopList_Back.obj
[2026-09-22 23:05:02] Game Finding texture with name: trans.png in root: SP_E400MMC/Model/Converted/E400MMC_ADL_10.9m_Voith_LowHeight_obj/Interior/Cab/Ticketer
[2026-09-22 23:05:02] Game Found texture at recursive path with extension: SP_E400MMC/Texture/trans.dds
[2026-09-22 23:05:02] Game Loading texture from path: SP_E400MMC/Texture/trans.dds
[2026-09-22 23:05:02] Game Loading OBJ model from path: SP_E400MMC/Model/Converted/E400MMC_ADL_10.9m_Voith_LowHeight_obj/Interior/Cab/Ticketer/Ticketer_Screen_StopList_Up.obj
[2026-09-22 23:05:02] Game Finding texture with name: trans.png in root: SP_E400MMC/Model/Converted/E400MMC_ADL_10.9m_Voith_LowHeight_obj/Interior/Cab/Ticketer
[2026-09-22 23:05:02] Game Found texture at recursive path with extension: SP_E400MMC/Texture/trans.dds
[2026-09-22 23:05:02] Game Loading texture from path: SP_E400MMC/Texture/trans.dds
[2026-09-22 23:05:02] Game Loading OBJ model from path: SP_E400MMC/Model/Converted/E400MMC_ADL_10.9m_Voith_LowHeight_obj/Interior/Cab/Ticketer/Ticketer_Screen_StopList_Scroll.obj
[2026-09-22 23:05:02] Game Finding texture with name: trans.png in root: SP_E400MMC/Model/Converted/E400MMC_ADL_10.9m_Voith_LowHeight_obj/Interior/Cab/Ticketer
[2026-09-22 23:05:02] Game Found texture at recursive path with extension: SP_E400MMC/Texture/trans.dds
[2026-09-22 23:05:02] Game Loading texture from path: SP_E400MMC/Texture/trans.dds
[2026-09-22 23:05:02] Game Loading OBJ model from path: SP_E400MMC/Model/Converted/E400MMC_ADL_10.9m_Voith_LowHeight_obj/Interior/Cab/Ticketer/Ticketer_Screen_StopList_Down.obj
[2026-09-22 23:05:02] Game Finding texture with name: trans.png in root: SP_E400MMC/Model/Converted/E400MMC_ADL_10.9m_Voith_LowHeight_obj/Interior/Cab/Ticketer
[2026-09-22 23:05:02] Game Found texture at recursive path with extension: SP_E400MMC/Texture/trans.dds
[2026-09-22 23:05:02] Game Loading texture from path: SP_E400MMC/Texture/trans.dds
[2026-09-22 23:05:02] Game Loading OBJ model from path: SP_E400MMC/Model/Converted/E400MMC_ADL_10.9m_Voith_LowHeight_obj/Interior/Cab/Ticketer/Ticketer_Screen_StopList_Stop1.obj
[2026-09-22 23:05:02] Game Finding texture with name: reg.png in root: SP_E400MMC/Model/Converted/E400MMC_ADL_10.9m_Voith_LowHeight_obj/Interior/Cab/Ticketer
[2026-09-22 23:05:02] Game Found texture at recursive path with extension: SP_E400MMC/Texture/reg.dds
[2026-09-22 23:05:02] Game Loading texture from path: SP_E400MMC/Texture/reg.dds
[2026-09-22 23:05:02] Game Loading OBJ model from path: SP_E400MMC/Model/Converted/E400MMC_ADL_10.9m_Voith_LowHeight_obj/Interior/Cab/Ticketer/Ticketer_Screen_StopList_Stop2.obj
[2026-09-22 23:05:02] Game Finding texture with name: reg.png in root: SP_E400MMC/Model/Converted/E400MMC_ADL_10.9m_Voith_LowHeight_obj/Interior/Cab/Ticketer
[2026-09-22 23:05:02] Game Found texture at recursive path with extension: SP_E400MMC/Texture/reg.dds
[2026-09-22 23:05:02] Game Loading texture from path: SP_E400MMC/Texture/reg.dds
[2026-09-22 23:05:02] Game Loading OBJ model from path: SP_E400MMC/Model/Converted/E400MMC_ADL_10.9m_Voith_LowHeight_obj/Interior/Cab/Ticketer/Ticketer_Screen_StopList_Stop3.obj
[2026-09-22 23:05:02] Game Finding texture with name: reg.png in root: SP_E400MMC/Model/Converted/E400MMC_ADL_10.9m_Voith_LowHeight_obj/Interior/Cab/Ticketer
[2026-09-22 23:05:02] Game Found texture at recursive path with extension: SP_E400MMC/Texture/reg.dds
[2026-09-22 23:05:02] Game Loading texture from path: SP_E400MMC/Texture/reg.dds
[2026-09-22 23:05:02] Game Loading OBJ model from path: SP_E400MMC/Model/Converted/E400MMC_ADL_10.9m_Voith_LowHeight_obj/Interior/Cab/Ticketer/Ticketer_Screen_StopList_Stop4.obj
[2026-09-22 23:05:02] Game Finding texture with name: reg.png in root: SP_E400MMC/Model/Converted/E400MMC_ADL_10.9m_Voith_LowHeight_obj/Interior/Cab/Ticketer
[2026-09-22 23:05:02] Game Found texture at recursive path with extension: SP_E400MMC/Texture/reg.dds
[2026-09-22 23:05:02] Game Loading texture from path: SP_E400MMC/Texture/reg.dds
[2026-09-22 23:05:02] Game Loading OBJ model from path: SP_E400MMC/Model/Converted/E400MMC_ADL_10.9m_Voith_LowHeight_obj/Interior/Cab/Ticketer/Ticketer_Screen_StopList_Stop5.obj
[2026-09-22 23:05:02] Game Finding texture with name: reg.png in root: SP_E400MMC/Model/Converted/E400MMC_ADL_10.9m_Voith_LowHeight_obj/Interior/Cab/Ticketer
[2026-09-22 23:05:02] Game Found texture at recursive path with extension: SP_E400MMC/Texture/reg.dds
[2026-09-22 23:05:02] Game Loading texture from path: SP_E400MMC/Texture/reg.dds
[2026-09-22 23:05:02] Game Loading OBJ model from path: SP_E400MMC/Model/Converted/E400MMC_ADL_10.9m_Voith_LowHeight_obj/Interior/Cab/Ticketer/Ticketer_Screen_StopList_Stop6.obj
[2026-09-22 23:05:02] Game Finding texture with name: reg.png in root: SP_E400MMC/Model/Converted/E400MMC_ADL_10.9m_Voith_LowHeight_obj/Interior/Cab/Ticketer
[2026-09-22 23:05:02] Game Found texture at recursive path with extension: SP_E400MMC/Texture/reg.dds
[2026-09-22 23:05:02] Game Loading texture from path: SP_E400MMC/Texture/reg.dds
[2026-09-22 23:05:02] Game Loading OBJ model from path: SP_E400MMC/Model/Converted/E400MMC_ADL_10.9m_Voith_LowHeight_obj/Interior/Cab/Ticketer/Ticketer_Screen_StopList_Stop7.obj
[2026-09-22 23:05:02] Game Finding texture with name: reg.png in root: SP_E400MMC/Model/Converted/E400MMC_ADL_10.9m_Voith_LowHeight_obj/Interior/Cab/Ticketer
[2026-09-22 23:05:02] Game Found texture at recursive path with extension: SP_E400MMC/Texture/reg.dds
[2026-09-22 23:05:02] Game Loading texture from path: SP_E400MMC/Texture/reg.dds
[2026-09-22 23:05:02] Game Loading OBJ model from path: SP_E400MMC/Model/Converted/E400MMC_ADL_10.9m_Voith_LowHeight_obj/Interior/Cab/Ticketer/Ticketer_Screen_StopList_Stop8.obj
[2026-09-22 23:05:02] Game Finding texture with name: reg.png in root: SP_E400MMC/Model/Converted/E400MMC_ADL_10.9m_Voith_LowHeight_obj/Interior/Cab/Ticketer
[2026-09-22 23:05:02] Game Found texture at recursive path with extension: SP_E400MMC/Texture/reg.dds
[2026-09-22 23:05:02] Game Loading texture from path: SP_E400MMC/Texture/reg.dds
[2026-09-22 23:05:02] Game Loading OBJ model from path: SP_E400MMC/Model/Converted/E400MMC_ADL_10.9m_Voith_LowHeight_obj/Interior/Cab/Ticketer/Ticketer_Screen_StopList_Stop9.obj
[2026-09-22 23:05:02] Game Finding texture with name: reg.png in root: SP_E400MMC/Model/Converted/E400MMC_ADL_10.9m_Voith_LowHeight_obj/Interior/Cab/Ticketer
[2026-09-22 23:05:02] Game Found texture at recursive path with extension: SP_E400MMC/Texture/reg.dds
[2026-09-22 23:05:02] Game Loading texture from path: SP_E400MMC/Texture/reg.dds
[2026-09-22 23:05:02] Game Loading OBJ model from path: SP_E400MMC/Model/Converted/E400MMC_ADL_10.9m_Voith_LowHeight_obj/Interior/Cab/Ticketer/Ticketer_Screen_StopList_Stop10.obj
[2026-09-22 23:05:02] Game Finding texture with name: reg.png in root: SP_E400MMC/Model/Converted/E400MMC_ADL_10.9m_Voith_LowHeight_obj/Interior/Cab/Ticketer
[2026-09-22 23:05:02] Game Found texture at recursive path with extension: SP_E400MMC/Texture/reg.dds
[2026-09-22 23:05:02] Game Loading texture from path: SP_E400MMC/Texture/reg.dds
[2026-09-22 23:05:02] Game Loading OBJ model from path: SP_E400MMC/Model/Converted/E400MMC_ADL_10.9m_Voith_LowHeight_obj/Interior/Cab/Ticketer/Ticketer_Screen_StopList_Stop1_Off.obj
[2026-09-22 23:05:02] Game Finding texture with name: reg.png in root: SP_E400MMC/Model/Converted/E400MMC_ADL_10.9m_Voith_LowHeight_obj/Interior/Cab/Ticketer
[2026-09-22 23:05:02] Game Found texture at recursive path with extension: SP_E400MMC/Texture/reg.dds
[2026-09-22 23:05:02] Game Loading texture from path: SP_E400MMC/Texture/reg.dds
[2026-09-22 23:05:02] Game Loading OBJ model from path: SP_E400MMC/Model/Converted/E400MMC_ADL_10.9m_Voith_LowHeight_obj/Interior/Cab/Ticketer/Ticketer_Screen_StopList_Stop2_Off.obj
[2026-09-22 23:05:02] Game Finding texture with name: reg.png in root: SP_E400MMC/Model/Converted/E400MMC_ADL_10.9m_Voith_LowHeight_obj/Interior/Cab/Ticketer
[2026-09-22 23:05:02] Game Found texture at recursive path with extension: SP_E400MMC/Texture/reg.dds
[2026-09-22 23:05:02] Game Loading texture from path: SP_E400MMC/Texture/reg.dds
[2026-09-22 23:05:02] Game Loading OBJ model from path: SP_E400MMC/Model/Converted/E400MMC_ADL_10.9m_Voith_LowHeight_obj/Interior/Cab/Ticketer/Ticketer_Screen_StopList_Stop3_Off.obj
[2026-09-22 23:05:02] Game Finding texture with name: reg.png in root: SP_E400MMC/Model/Converted/E400MMC_ADL_10.9m_Voith_LowHeight_obj/Interior/Cab/Ticketer
[2026-09-22 23:05:02] Game Found texture at recursive path with extension: SP_E400MMC/Texture/reg.dds
[2026-09-22 23:05:02] Game Loading texture from path: SP_E400MMC/Texture/reg.dds
[2026-09-22 23:05:02] Game Loading OBJ model from path: SP_E400MMC/Model/Converted/E400MMC_ADL_10.9m_Voith_LowHeight_obj/Interior/Cab/Ticketer/Ticketer_Screen_StopList_Stop4_Off.obj
[2026-09-22 23:05:02] Game Finding texture with name: reg.png in root: SP_E400MMC/Model/Converted/E400MMC_ADL_10.9m_Voith_LowHeight_obj/Interior/Cab/Ticketer
[2026-09-22 23:05:02] Game Found texture at recursive path with extension: SP_E400MMC/Texture/reg.dds
[2026-09-22 23:05:02] Game Loading texture from path: SP_E400MMC/Texture/reg.dds
[2026-09-22 23:05:02] Game Loading OBJ model from path: SP_E400MMC/Model/Converted/E400MMC_ADL_10.9m_Voith_LowHeight_obj/Interior/Cab/Ticketer/Ticketer_Screen_StopList_Stop5_Off.obj
[2026-09-22 23:05:02] Game Finding texture with name: reg.png in root: SP_E400MMC/Model/Converted/E400MMC_ADL_10.9m_Voith_LowHeight_obj/Interior/Cab/Ticketer
[2026-09-22 23:05:02] Game Found texture at recursive path with extension: SP_E400MMC/Texture/reg.dds
[2026-09-22 23:05:02] Game Loading texture from path: SP_E400MMC/Texture/reg.dds
[2026-09-22 23:05:02] Game Loading OBJ model from path: SP_E400MMC/Model/Converted/E400MMC_ADL_10.9m_Voith_LowHeight_obj/Interior/Cab/Ticketer/Ticketer_Screen_StopList_Stop6_Off.obj
[2026-09-22 23:05:02] Game Finding texture with name: reg.png in root: SP_E400MMC/Model/Converted/E400MMC_ADL_10.9m_Voith_LowHeight_obj/Interior/Cab/Ticketer
[2026-09-22 23:05:02] Game Found texture at recursive path with extension: SP_E400MMC/Texture/reg.dds
[2026-09-22 23:05:02] Game Loading texture from path: SP_E400MMC/Texture/reg.dds
[2026-09-22 23:05:02] Game Loading OBJ model from path: SP_E400MMC/Model/Converted/E400MMC_ADL_10.9m_Voith_LowHeight_obj/Interior/Cab/Ticketer/Ticketer_Screen_StopList_Stop7_Off.obj
[2026-09-22 23:05:02] Game Finding texture with name: reg.png in root: SP_E400MMC/Model/Converted/E400MMC_ADL_10.9m_Voith_LowHeight_obj/Interior/Cab/Ticketer
[2026-09-22 23:05:02] Game Found texture at recursive path with extension: SP_E400MMC/Texture/reg.dds
[2026-09-22 23:05:02] Game Loading texture from path: SP_E400MMC/Texture/reg.dds
[2026-09-22 23:05:02] Game Loading OBJ model from path: SP_E400MMC/Model/Converted/E400MMC_ADL_10.9m_Voith_LowHeight_obj/Interior/Cab/Ticketer/Ticketer_Screen_StopList_Stop8_Off.obj
[2026-09-22 23:05:02] Game Finding texture with name: reg.png in root: SP_E400MMC/Model/Converted/E400MMC_ADL_10.9m_Voith_LowHeight_obj/Interior/Cab/Ticketer
[2026-09-22 23:05:02] Game Found texture at recursive path with extension: SP_E400MMC/Texture/reg.dds
[2026-09-22 23:05:02] Game Loading texture from path: SP_E400MMC/Texture/reg.dds
[2026-09-22 23:05:02] Game Loading OBJ model from path: SP_E400MMC/Model/Converted/E400MMC_ADL_10.9m_Voith_LowHeight_obj/Interior/Cab/Ticketer/Ticketer_Screen_StopList_Stop9_Off.obj
[2026-09-22 23:05:02] Game Finding texture with name: reg.png in root: SP_E400MMC/Model/Converted/E400MMC_ADL_10.9m_Voith_LowHeight_obj/Interior/Cab/Ticketer
[2026-09-22 23:05:02] Game Found texture at recursive path with extension: SP_E400MMC/Texture/reg.dds
[2026-09-22 23:05:02] Game Loading texture from path: SP_E400MMC/Texture/reg.dds
[2026-09-22 23:05:02] Game Loading OBJ model from path: SP_E400MMC/Model/Converted/E400MMC_ADL_10.9m_Voith_LowHeight_obj/Interior/Cab/Ticketer/Ticketer_Screen_StopList_Stop10_Off.obj
[2026-09-22 23:05:02] Game Finding texture with name: reg.png in root: SP_E400MMC/Model/Converted/E400MMC_ADL_10.9m_Voith_LowHeight_obj/Interior/Cab/Ticketer
[2026-09-22 23:05:02] Game Found texture at recursive path with extension: SP_E400MMC/Texture/reg.dds
[2026-09-22 23:05:02] Game Loading texture from path: SP_E400MMC/Texture/reg.dds
[2026-09-22 23:05:02] Game Loading OBJ model from path: SP_E400MMC/Model/Converted/E400MMC_ADL_10.9m_Voith_LowHeight_obj/Interior/Cab/Ticketer/Ticketer_Screen_StopList_TT.obj
[2026-09-22 23:05:02] Game Finding texture with name: reg.png in root: SP_E400MMC/Model/Converted/E400MMC_ADL_10.9m_Voith_LowHeight_obj/Interior/Cab/Ticketer
[2026-09-22 23:05:02] Game Found texture at recursive path with extension: SP_E400MMC/Texture/reg.dds
[2026-09-22 23:05:02] Game Finding texture with name: reg.png in root: SP_E400MMC/Model/Converted/E400MMC_ADL_10.9m_Voith_LowHeight_obj/Interior/Cab/Ticketer
[2026-09-22 23:05:02] Game Found texture at recursive path with extension: SP_E400MMC/Texture/reg.dds
[2026-09-22 23:05:02] Game Loading texture from path: SP_E400MMC/Texture/reg.dds
[2026-09-22 23:05:02] Game Loading OBJ model from path: SP_E400MMC/Model/Converted/E400MMC_ADL_10.9m_Voith_LowHeight_obj/Interior/Cab/Ticketer/Ticketer_Screen_Options.obj
[2026-09-22 23:05:02] Game Finding texture with name: TicketerScreens/Screen_Options1.png in root: SP_E400MMC/Model/Converted/E400MMC_ADL_10.9m_Voith_LowHeight_obj/Interior/Cab/Ticketer
[2026-09-22 23:05:02] Game Found texture at recursive path with extension: SP_E400MMC/Texture/TicketerScreens/Screen_Options1.dds
[2026-09-22 23:05:02] Game Loading texture from path: SP_E400MMC/Texture/TicketerScreens/Screen_Options1.dds
[2026-09-22 23:05:02] Game Reading image from path: SP_E400MMC\Texture\TicketerScreens\Screen_Options1.dds
[2026-09-22 23:05:02] Game Loading OBJ model from path: SP_E400MMC/Model/Converted/E400MMC_ADL_10.9m_Voith_LowHeight_obj/Interior/Cab/Ticketer/Ticketer_Screen_Options1_Back.obj
[2026-09-22 23:05:02] Game Finding texture with name: trans.png in root: SP_E400MMC/Model/Converted/E400MMC_ADL_10.9m_Voith_LowHeight_obj/Interior/Cab/Ticketer
[2026-09-22 23:05:02] Game Found texture at recursive path with extension: SP_E400MMC/Texture/trans.dds
[2026-09-22 23:05:02] Game Loading texture from path: SP_E400MMC/Texture/trans.dds
[2026-09-22 23:05:02] Game Loading OBJ model from path: SP_E400MMC/Model/Converted/E400MMC_ADL_10.9m_Voith_LowHeight_obj/Interior/Cab/Ticketer/Ticketer_Screen_Options1_More.obj
[2026-09-22 23:05:02] Game Finding texture with name: trans.png in root: SP_E400MMC/Model/Converted/E400MMC_ADL_10.9m_Voith_LowHeight_obj/Interior/Cab/Ticketer
[2026-09-22 23:05:02] Game Found texture at recursive path with extension: SP_E400MMC/Texture/trans.dds
[2026-09-22 23:05:02] Game Loading texture from path: SP_E400MMC/Texture/trans.dds
[2026-09-22 23:05:02] Game Loading OBJ model from path: SP_E400MMC/Model/Converted/E400MMC_ADL_10.9m_Voith_LowHeight_obj/Interior/Cab/Ticketer/Ticketer_Screen_Options1_EndTrip.obj
[2026-09-22 23:05:02] Game Finding texture with name: trans.png in root: SP_E400MMC/Model/Converted/E400MMC_ADL_10.9m_Voith_LowHeight_obj/Interior/Cab/Ticketer
[2026-09-22 23:05:02] Game Found texture at recursive path with extension: SP_E400MMC/Texture/trans.dds
[2026-09-22 23:05:02] Game Loading texture from path: SP_E400MMC/Texture/trans.dds
[2026-09-22 23:05:02] Game Loading OBJ model from path: SP_E400MMC/Model/Converted/E400MMC_ADL_10.9m_Voith_LowHeight_obj/Interior/Cab/Ticketer/Ticketer_Screen_Options1_Lock.obj
[2026-09-22 23:05:02] Game Finding texture with name: trans.png in root: SP_E400MMC/Model/Converted/E400MMC_ADL_10.9m_Voith_LowHeight_obj/Interior/Cab/Ticketer
[2026-09-22 23:05:02] Game Found texture at recursive path with extension: SP_E400MMC/Texture/trans.dds
[2026-09-22 23:05:02] Game Loading texture from path: SP_E400MMC/Texture/trans.dds
[2026-09-22 23:05:02] Game Loading OBJ model from path: SP_E400MMC/Model/Converted/E400MMC_ADL_10.9m_Voith_LowHeight_obj/Interior/Cab/Ticketer/Ticketer_Screen_Options1_TripSummary.obj
[2026-09-22 23:05:02] Game Finding texture with name: trans.png in root: SP_E400MMC/Model/Converted/E400MMC_ADL_10.9m_Voith_LowHeight_obj/Interior/Cab/Ticketer
[2026-09-22 23:05:02] Game Found texture at recursive path with extension: SP_E400MMC/Texture/trans.dds
[2026-09-22 23:05:02] Game Loading texture from path: SP_E400MMC/Texture/trans.dds
[2026-09-22 23:05:02] Game Loading OBJ model from path: SP_E400MMC/Model/Converted/E400MMC_ADL_10.9m_Voith_LowHeight_obj/Interior/Cab/Ticketer/Ticketer_Screen_Options1_DutySummary.obj
[2026-09-22 23:05:02] Game Finding texture with name: trans.png in root: SP_E400MMC/Model/Converted/E400MMC_ADL_10.9m_Voith_LowHeight_obj/Interior/Cab/Ticketer
[2026-09-22 23:05:02] Game Found texture at recursive path with extension: SP_E400MMC/Texture/trans.dds
[2026-09-22 23:05:02] Game Loading texture from path: SP_E400MMC/Texture/trans.dds
[2026-09-22 23:05:02] Game Loading OBJ model from path: SP_E400MMC/Model/Converted/E400MMC_ADL_10.9m_Voith_LowHeight_obj/Interior/Cab/Ticketer/Ticketer_Screen_Options1_PassengerOccupancy.obj
[2026-09-22 23:05:02] Game Finding texture with name: trans.png in root: SP_E400MMC/Model/Converted/E400MMC_ADL_10.9m_Voith_LowHeight_obj/Interior/Cab/Ticketer
[2026-09-22 23:05:02] Game Found texture at recursive path with extension: SP_E400MMC/Texture/trans.dds
[2026-09-22 23:05:02] Game Loading texture from path: SP_E400MMC/Texture/trans.dds
[2026-09-22 23:05:02] Game Loading OBJ model from path: SP_E400MMC/Model/Converted/E400MMC_ADL_10.9m_Voith_LowHeight_obj/Interior/Cab/Ticketer/Ticketer_Screen_Options1_LogOff.obj
[2026-09-22 23:05:02] Game Finding texture with name: trans.png in root: SP_E400MMC/Model/Converted/E400MMC_ADL_10.9m_Voith_LowHeight_obj/Interior/Cab/Ticketer
[2026-09-22 23:05:02] Game Found texture at recursive path with extension: SP_E400MMC/Texture/trans.dds
[2026-09-22 23:05:02] Game Loading texture from path: SP_E400MMC/Texture/trans.dds
[2026-09-22 23:05:02] Game Loading OBJ model from path: SP_E400MMC/Model/Converted/E400MMC_ADL_10.9m_Voith_LowHeight_obj/Interior/Cab/Ticketer/Ticketer_Screen_Options2_Messages.obj
[2026-09-22 23:05:02] Game Finding texture with name: trans.png in root: SP_E400MMC/Model/Converted/E400MMC_ADL_10.9m_Voith_LowHeight_obj/Interior/Cab/Ticketer
[2026-09-22 23:05:02] Game Found texture at recursive path with extension: SP_E400MMC/Texture/trans.dds
[2026-09-22 23:05:02] Game Loading texture from path: SP_E400MMC/Texture/trans.dds
[2026-09-22 23:05:02] Game Loading OBJ model from path: SP_E400MMC/Model/Converted/E400MMC_ADL_10.9m_Voith_LowHeight_obj/Interior/Cab/Ticketer/Ticketer_Screen_Options2_CommsStatus.obj
[2026-09-22 23:05:02] Game Finding texture with name: trans.png in root: SP_E400MMC/Model/Converted/E400MMC_ADL_10.9m_Voith_LowHeight_obj/Interior/Cab/Ticketer
[2026-09-22 23:05:02] Game Found texture at recursive path with extension: SP_E400MMC/Texture/trans.dds
[2026-09-22 23:05:02] Game Loading texture from path: SP_E400MMC/Texture/trans.dds
[2026-09-22 23:05:02] Game Loading OBJ model from path: SP_E400MMC/Model/Converted/E400MMC_ADL_10.9m_Voith_LowHeight_obj/Interior/Cab/Ticketer/Ticketer_Screen_Options2_Reboot.obj
[2026-09-22 23:05:02] Game Finding texture with name: trans.png in root: SP_E400MMC/Model/Converted/E400MMC_ADL_10.9m_Voith_LowHeight_obj/Interior/Cab/Ticketer
[2026-09-22 23:05:02] Game Found texture at recursive path with extension: SP_E400MMC/Texture/trans.dds
[2026-09-22 23:05:02] Game Loading texture from path: SP_E400MMC/Texture/trans.dds
[2026-09-22 23:05:02] Game Loading OBJ model from path: SP_E400MMC/Model/Converted/E400MMC_ADL_10.9m_Voith_LowHeight_obj/Interior/Cab/Ticketer/Ticketer_Screen_Options2_TestPrint.obj
[2026-09-22 23:05:02] Game Finding texture with name: trans.png in root: SP_E400MMC/Model/Converted/E400MMC_ADL_10.9m_Voith_LowHeight_obj/Interior/Cab/Ticketer
[2026-09-22 23:05:02] Game Found texture at recursive path with extension: SP_E400MMC/Texture/trans.dds
[2026-09-22 23:05:02] Game Loading texture from path: SP_E400MMC/Texture/trans.dds
[2026-09-22 23:05:02] Game Loading OBJ model from path: SP_E400MMC/Model/Converted/E400MMC_ADL_10.9m_Voith_LowHeight_obj/Interior/Cab/Ticketer/Ticketer_Screen_Options2_Settings.obj
[2026-09-22 23:05:02] Game Finding texture with name: trans.png in root: SP_E400MMC/Model/Converted/E400MMC_ADL_10.9m_Voith_LowHeight_obj/Interior/Cab/Ticketer
[2026-09-22 23:05:02] Game Found texture at recursive path with extension: SP_E400MMC/Texture/trans.dds
[2026-09-22 23:05:02] Game Loading texture from path: SP_E400MMC/Texture/trans.dds
[2026-09-22 23:05:02] Game Loading OBJ model from path: SP_E400MMC/Model/Converted/E400MMC_ADL_10.9m_Voith_LowHeight_obj/Interior/Cab/Ticketer/Ticketer_Screen_Options_TT.obj
[2026-09-22 23:05:02] Game Finding texture with name: reg.png in root: SP_E400MMC/Model/Converted/E400MMC_ADL_10.9m_Voith_LowHeight_obj/Interior/Cab/Ticketer
[2026-09-22 23:05:02] Game Found texture at recursive path with extension: SP_E400MMC/Texture/reg.dds
[2026-09-22 23:05:02] Game Finding texture with name: reg.png in root: SP_E400MMC/Model/Converted/E400MMC_ADL_10.9m_Voith_LowHeight_obj/Interior/Cab/Ticketer
[2026-09-22 23:05:02] Game Found texture at recursive path with extension: SP_E400MMC/Texture/reg.dds
[2026-09-22 23:05:02] Game Loading texture from path: SP_E400MMC/Texture/reg.dds
[2026-09-22 23:05:02] Game Loading OBJ model from path: SP_E400MMC/Model/Converted/E400MMC_ADL_10.9m_Voith_LowHeight_obj/Interior/Cab/Ticketer/Ticketer_Screen_Options1_TT.obj
[2026-09-22 23:05:02] Game Finding texture with name: reg.png in root: SP_E400MMC/Model/Converted/E400MMC_ADL_10.9m_Voith_LowHeight_obj/Interior/Cab/Ticketer
[2026-09-22 23:05:02] Game Found texture at recursive path with extension: SP_E400MMC/Texture/reg.dds
[2026-09-22 23:05:02] Game Loading texture from path: SP_E400MMC/Texture/reg.dds
[2026-09-22 23:05:02] Game Loading OBJ model from path: SP_E400MMC/Model/Converted/E400MMC_ADL_10.9m_Voith_LowHeight_obj/Interior/Cab/Ticketer/Ticketer_Screen_Reboot1.obj
[2026-09-22 23:05:02] Game Finding texture with name: TicketerScreens/Screen_Reboot1.png in root: SP_E400MMC/Model/Converted/E400MMC_ADL_10.9m_Voith_LowHeight_obj/Interior/Cab/Ticketer
[2026-09-22 23:05:02] Game Found texture at recursive path with extension: SP_E400MMC/Texture/TicketerScreens/Screen_Reboot1.dds
[2026-09-22 23:05:02] Game Loading texture from path: SP_E400MMC/Texture/TicketerScreens/Screen_Reboot1.dds
[2026-09-22 23:05:02] Game Reading image from path: SP_E400MMC\Texture\TicketerScreens\Screen_Reboot1.dds
[2026-09-22 23:05:02] Game Loading OBJ model from path: SP_E400MMC/Model/Converted/E400MMC_ADL_10.9m_Voith_LowHeight_obj/Interior/Cab/Ticketer/Ticketer_Screen_Reboot2.obj
[2026-09-22 23:05:02] Game Finding texture with name: TicketerScreens/Screen_Reboot2.png in root: SP_E400MMC/Model/Converted/E400MMC_ADL_10.9m_Voith_LowHeight_obj/Interior/Cab/Ticketer
[2026-09-22 23:05:02] Game Found texture at recursive path with extension: SP_E400MMC/Texture/TicketerScreens/Screen_Reboot2.dds
[2026-09-22 23:05:02] Game Loading texture from path: SP_E400MMC/Texture/TicketerScreens/Screen_Reboot2.dds
[2026-09-22 23:05:02] Game Reading image from path: SP_E400MMC\Texture\TicketerScreens\Screen_Reboot2.dds
[2026-09-22 23:05:02] Game Loading OBJ model from path: SP_E400MMC/Model/Converted/E400MMC_ADL_10.9m_Voith_LowHeight_obj/Interior/Cab/Ticketer/Ticketer_Screen_Reboot_Yes.obj
[2026-09-22 23:05:02] Game Finding texture with name: trans.png in root: SP_E400MMC/Model/Converted/E400MMC_ADL_10.9m_Voith_LowHeight_obj/Interior/Cab/Ticketer
[2026-09-22 23:05:02] Game Found texture at recursive path with extension: SP_E400MMC/Texture/trans.dds
[2026-09-22 23:05:02] Game Loading texture from path: SP_E400MMC/Texture/trans.dds
[2026-09-22 23:05:02] Game Loading OBJ model from path: SP_E400MMC/Model/Converted/E400MMC_ADL_10.9m_Voith_LowHeight_obj/Interior/Cab/Ticketer/Ticketer_Screen_Reboot_No.obj
[2026-09-22 23:05:02] Game Finding texture with name: trans.png in root: SP_E400MMC/Model/Converted/E400MMC_ADL_10.9m_Voith_LowHeight_obj/Interior/Cab/Ticketer
[2026-09-22 23:05:02] Game Found texture at recursive path with extension: SP_E400MMC/Texture/trans.dds
[2026-09-22 23:05:02] Game Loading texture from path: SP_E400MMC/Texture/trans.dds
[2026-09-22 23:05:02] Game Loading OBJ model from path: SP_E400MMC/Model/Converted/E400MMC_ADL_10.9m_Voith_LowHeight_obj/Interior/Cab/Ticketer/Ticketer_Screen_PendingMessages.obj
[2026-09-22 23:05:02] Game Finding texture with name: TicketerScreens/Screen_PendingMessages.png in root: SP_E400MMC/Model/Converted/E400MMC_ADL_10.9m_Voith_LowHeight_obj/Interior/Cab/Ticketer
[2026-09-22 23:05:02] Game Found texture at recursive path with extension: SP_E400MMC/Texture/TicketerScreens/Screen_PendingMessages.dds
[2026-09-22 23:05:02] Game Finding texture with name: reg.png in root: SP_E400MMC/Model/Converted/E400MMC_ADL_10.9m_Voith_LowHeight_obj/Interior/Cab/Ticketer
[2026-09-22 23:05:03] Game Found texture at recursive path with extension: SP_E400MMC/Texture/reg.dds
[2026-09-22 23:05:03] Game Loading texture from path: SP_E400MMC/Texture/reg.dds
[2026-09-22 23:05:03] Game Loading texture from path: SP_E400MMC/Texture/TicketerScreens/Screen_PendingMessages.dds
[2026-09-22 23:05:03] Game Reading image from path: SP_E400MMC\Texture\TicketerScreens\Screen_PendingMessages.dds
[2026-09-22 23:05:03] Game Loading OBJ model from path: SP_E400MMC/Model/Converted/E400MMC_ADL_10.9m_Voith_LowHeight_obj/Interior/Cab/Ticketer/Ticketer_Screen_PendingMessages_Back.obj
[2026-09-22 23:05:03] Game Finding texture with name: trans.png in root: SP_E400MMC/Model/Converted/E400MMC_ADL_10.9m_Voith_LowHeight_obj/Interior/Cab/Ticketer
[2026-09-22 23:05:03] Game Found texture at recursive path with extension: SP_E400MMC/Texture/trans.dds
[2026-09-22 23:05:03] Game Loading texture from path: SP_E400MMC/Texture/trans.dds
[2026-09-22 23:05:03] Game Loading OBJ model from path: SP_E400MMC/Model/Converted/E400MMC_ADL_10.9m_Voith_LowHeight_obj/Interior/Cab/Ticketer/Ticketer_Screen_Backlight.obj
[2026-09-22 23:05:03] Game Finding texture with name: TicketerScreens/Backlight/Screen_Backlight_100.png in root: SP_E400MMC/Model/Converted/E400MMC_ADL_10.9m_Voith_LowHeight_obj/Interior/Cab/Ticketer
[2026-09-22 23:05:03] Game Found texture at recursive path with extension: SP_E400MMC/Texture/TicketerScreens/Backlight/Screen_Backlight_100.dds
[2026-09-22 23:05:03] Game Loading texture from path: SP_E400MMC/Texture/TicketerScreens/Backlight/Screen_Backlight_100.dds
[2026-09-22 23:05:03] Game Reading image from path: SP_E400MMC\Texture\TicketerScreens\Backlight\Screen_Backlight_100.dds
[2026-09-22 23:05:03] Game Loading OBJ model from path: SP_E400MMC/Model/Converted/E400MMC_ADL_10.9m_Voith_LowHeight_obj/Interior/Cab/Ticketer/Ticketer_Screen_Backlight_Scroll.obj
[2026-09-22 23:05:03] Game Finding texture with name: trans.png in root: SP_E400MMC/Model/Converted/E400MMC_ADL_10.9m_Voith_LowHeight_obj/Interior/Cab/Ticketer
[2026-09-22 23:05:03] Game Found texture at recursive path with extension: SP_E400MMC/Texture/trans.dds
[2026-09-22 23:05:03] Game Loading texture from path: SP_E400MMC/Texture/trans.dds
[2026-09-22 23:05:03] Game Loading OBJ model from path: SP_E400MMC/Model/Converted/E400MMC_ADL_10.9m_Voith_LowHeight_obj/Interior/Cab/Ticketer/Ticketer_Screen_Backlight_Back.obj
[2026-09-22 23:05:03] Game Finding texture with name: trans.png in root: SP_E400MMC/Model/Converted/E400MMC_ADL_10.9m_Voith_LowHeight_obj/Interior/Cab/Ticketer
[2026-09-22 23:05:03] Game Found texture at recursive path with extension: SP_E400MMC/Texture/trans.dds
[2026-09-22 23:05:03] Game Loading texture from path: SP_E400MMC/Texture/trans.dds
[2026-09-22 23:05:03] Game Loading OBJ model from path: SP_E400MMC/Model/Converted/E400MMC_ADL_10.9m_Voith_LowHeight_obj/Interior/Cab/Ticketer/Ticketer_Screen_Button_Messaging.obj
[2026-09-22 23:05:03] Game Finding texture with name: TicketerScreens/Screen_Messaging_Green.png in root: SP_E400MMC/Model/Converted/E400MMC_ADL_10.9m_Voith_LowHeight_obj/Interior/Cab/Ticketer
[2026-09-22 23:05:03] Game Found texture at recursive path with extension: SP_E400MMC/Texture/TicketerScreens/Screen_Messaging_Green.dds
[2026-09-22 23:05:03] Game Finding texture with name: reg.png in root: SP_E400MMC/Model/Converted/E400MMC_ADL_10.9m_Voith_LowHeight_obj/Interior/Cab/Ticketer
[2026-09-22 23:05:03] Game Found texture at recursive path with extension: SP_E400MMC/Texture/reg.dds
[2026-09-22 23:05:03] Game Loading texture from path: SP_E400MMC/Texture/TicketerScreens/Screen_Messaging_Green.dds
[2026-09-22 23:05:03] Game Reading image from path: SP_E400MMC\Texture\TicketerScreens\Screen_Messaging_Green.dds
[2026-09-22 23:05:03] Game Loading texture from path: SP_E400MMC/Texture/reg.dds
[2026-09-22 23:05:03] Game Loading OBJ model from path: SP_E400MMC/Model/Converted/E400MMC_ADL_10.9m_Voith_LowHeight_obj/Interior/Cab/Ticketer/Ticketer_Screen_MessagingPopup.obj
[2026-09-22 23:05:03] Game Finding texture with name: TicketerScreens/Screen_MessagesPopup.png in root: SP_E400MMC/Model/Converted/E400MMC_ADL_10.9m_Voith_LowHeight_obj/Interior/Cab/Ticketer
[2026-09-22 23:05:03] Game Found texture at recursive path with extension: SP_E400MMC/Texture/TicketerScreens/Screen_MessagesPopup.dds
[2026-09-22 23:05:03] Game Finding texture with name: reg.png in root: SP_E400MMC/Model/Converted/E400MMC_ADL_10.9m_Voith_LowHeight_obj/Interior/Cab/Ticketer
[2026-09-22 23:05:03] Game Found texture at recursive path with extension: SP_E400MMC/Texture/reg.dds
[2026-09-22 23:05:03] Game Loading texture from path: SP_E400MMC/Texture/TicketerScreens/Screen_MessagesPopup.dds
[2026-09-22 23:05:03] Game Reading image from path: SP_E400MMC\Texture\TicketerScreens\Screen_MessagesPopup.dds
[2026-09-22 23:05:03] Game Loading texture from path: SP_E400MMC/Texture/reg.dds
[2026-09-22 23:05:03] Game Loading OBJ model from path: SP_E400MMC/Model/Converted/E400MMC_ADL_10.9m_Voith_LowHeight_obj/Interior/Cab/Ticketer/Ticketer_Screen_MessagingPopup_Incidents.obj
[2026-09-22 23:05:03] Game Finding texture with name: trans.png in root: SP_E400MMC/Model/Converted/E400MMC_ADL_10.9m_Voith_LowHeight_obj/Interior/Cab/Ticketer
[2026-09-22 23:05:03] Game Found texture at recursive path with extension: SP_E400MMC/Texture/trans.dds
[2026-09-22 23:05:03] Game Loading texture from path: SP_E400MMC/Texture/trans.dds
[2026-09-22 23:05:03] Game Loading OBJ model from path: SP_E400MMC/Model/Converted/E400MMC_ADL_10.9m_Voith_LowHeight_obj/Interior/Cab/Ticketer/Ticketer_Screen_MessagingPopup_Messages.obj
[2026-09-22 23:05:03] Game Finding texture with name: trans.png in root: SP_E400MMC/Model/Converted/E400MMC_ADL_10.9m_Voith_LowHeight_obj/Interior/Cab/Ticketer
[2026-09-22 23:05:03] Game Found texture at recursive path with extension: SP_E400MMC/Texture/trans.dds
[2026-09-22 23:05:03] Game Loading texture from path: SP_E400MMC/Texture/trans.dds
[2026-09-22 23:05:03] Game Loading OBJ model from path: SP_E400MMC/Model/Converted/E400MMC_ADL_10.9m_Voith_LowHeight_obj/Interior/Cab/Ticketer/Ticketer_Screen_Messaging.obj
[2026-09-22 23:05:03] Game Finding texture with name: TicketerScreens/Screen_Messaging.png in root: SP_E400MMC/Model/Converted/E400MMC_ADL_10.9m_Voith_LowHeight_obj/Interior/Cab/Ticketer
[2026-09-22 23:05:03] Game Found texture at recursive path with extension: SP_E400MMC/Texture/TicketerScreens/Screen_Messaging.dds
[2026-09-22 23:05:03] Game Finding texture with name: reg.png in root: SP_E400MMC/Model/Converted/E400MMC_ADL_10.9m_Voith_LowHeight_obj/Interior/Cab/Ticketer
[2026-09-22 23:05:03] Game Found texture at recursive path with extension: SP_E400MMC/Texture/reg.dds
[2026-09-22 23:05:03] Game Loading texture from path: SP_E400MMC/Texture/TicketerScreens/Screen_Messaging.dds
[2026-09-22 23:05:03] Game Reading image from path: SP_E400MMC\Texture\TicketerScreens\Screen_Messaging.dds
[2026-09-22 23:05:03] Game Loading texture from path: SP_E400MMC/Texture/reg.dds
[2026-09-22 23:05:03] Game Loading OBJ model from path: SP_E400MMC/Model/Converted/E400MMC_ADL_10.9m_Voith_LowHeight_obj/Interior/Cab/Ticketer/Ticketer_Screen_Messaging_Message.obj
[2026-09-22 23:05:03] Game Finding texture with name: TicketerScreens/Screen_Messaging_Backing.png in root: SP_E400MMC/Model/Converted/E400MMC_ADL_10.9m_Voith_LowHeight_obj/Interior/Cab/Ticketer
[2026-09-22 23:05:03] Game Found texture at recursive path with extension: SP_E400MMC/Texture/TicketerScreens/Screen_Messaging_Backing.dds
[2026-09-22 23:05:03] Game Finding texture with name: reg.png in root: SP_E400MMC/Model/Converted/E400MMC_ADL_10.9m_Voith_LowHeight_obj/Interior/Cab/Ticketer
[2026-09-22 23:05:03] Game Found texture at recursive path with extension: SP_E400MMC/Texture/reg.dds
[2026-09-22 23:05:03] Game Loading texture from path: SP_E400MMC/Texture/TicketerScreens/Screen_Messaging_Backing.dds
[2026-09-22 23:05:03] Game Reading image from path: SP_E400MMC\Texture\TicketerScreens\Screen_Messaging_Backing.dds
[2026-09-22 23:05:03] Game Loading texture from path: SP_E400MMC/Texture/reg.dds
[2026-09-22 23:05:03] Game Loading OBJ model from path: SP_E400MMC/Model/Converted/E400MMC_ADL_10.9m_Voith_LowHeight_obj/Interior/Cab/Ticketer/Ticketer_Screen_Messaging_FullMessage.obj
[2026-09-22 23:05:03] Game Finding texture with name: TicketerScreens/Screen_Messaging_Message.png in root: SP_E400MMC/Model/Converted/E400MMC_ADL_10.9m_Voith_LowHeight_obj/Interior/Cab/Ticketer
[2026-09-22 23:05:03] Game Found texture at recursive path with extension: SP_E400MMC/Texture/TicketerScreens/Screen_Messaging_Message.dds
[2026-09-22 23:05:03] Game Finding texture with name: reg.png in root: SP_E400MMC/Model/Converted/E400MMC_ADL_10.9m_Voith_LowHeight_obj/Interior/Cab/Ticketer
[2026-09-22 23:05:03] Game Found texture at recursive path with extension: SP_E400MMC/Texture/reg.dds
[2026-09-22 23:05:03] Game Finding texture with name: reg.png in root: SP_E400MMC/Model/Converted/E400MMC_ADL_10.9m_Voith_LowHeight_obj/Interior/Cab/Ticketer
[2026-09-22 23:05:03] Game Found texture at recursive path with extension: SP_E400MMC/Texture/reg.dds
[2026-09-22 23:05:03] Game Loading texture from path: SP_E400MMC/Texture/TicketerScreens/Screen_Messaging_Message.dds
[2026-09-22 23:05:03] Game Reading image from path: SP_E400MMC\Texture\TicketerScreens\Screen_Messaging_Message.dds
[2026-09-22 23:05:03] Game Loading texture from path: SP_E400MMC/Texture/reg.dds
[2026-09-22 23:05:03] Game Loading OBJ model from path: SP_E400MMC/Model/Converted/E400MMC_ADL_10.9m_Voith_LowHeight_obj/Interior/Cab/Ticketer/Ticketer_Screen_Messaging_Back.obj
[2026-09-22 23:05:03] Game Finding texture with name: trans.png in root: SP_E400MMC/Model/Converted/E400MMC_ADL_10.9m_Voith_LowHeight_obj/Interior/Cab/Ticketer
[2026-09-22 23:05:03] Game Found texture at recursive path with extension: SP_E400MMC/Texture/trans.dds
[2026-09-22 23:05:03] Game Loading texture from path: SP_E400MMC/Texture/trans.dds
[2026-09-22 23:05:03] Game Loading OBJ model from path: SP_E400MMC/Model/Converted/E400MMC_ADL_10.9m_Voith_LowHeight_obj/Interior/Cab/Ticketer/Ticketer_Screen_Messaging_Read.obj
[2026-09-22 23:05:03] Game Finding texture with name: trans.png in root: SP_E400MMC/Model/Converted/E400MMC_ADL_10.9m_Voith_LowHeight_obj/Interior/Cab/Ticketer
[2026-09-22 23:05:03] Game Found texture at recursive path with extension: SP_E400MMC/Texture/trans.dds
[2026-09-22 23:05:03] Game Loading texture from path: SP_E400MMC/Texture/trans.dds
[2026-09-22 23:05:03] Game Loading OBJ model from path: SP_E400MMC/Model/Converted/E400MMC_ADL_10.9m_Voith_LowHeight_obj/Interior/Cab/Ticketer/Ticketer_Screen_ActivitySuspended.obj
[2026-09-22 23:05:03] Game Finding texture with name: TicketerScreens/Screen_ActivitySuspended.png in root: SP_E400MMC/Model/Converted/E400MMC_ADL_10.9m_Voith_LowHeight_obj/Interior/Cab/Ticketer
[2026-09-22 23:05:03] Game Found texture at recursive path with extension: SP_E400MMC/Texture/TicketerScreens/Screen_ActivitySuspended.dds
[2026-09-22 23:05:03] Game Loading texture from path: SP_E400MMC/Texture/TicketerScreens/Screen_ActivitySuspended.dds
[2026-09-22 23:05:03] Game Reading image from path: SP_E400MMC\Texture\TicketerScreens\Screen_ActivitySuspended.dds
[2026-09-22 23:05:03] Game Loading OBJ model from path: SP_E400MMC/Model/Converted/E400MMC_ADL_10.9m_Voith_LowHeight_obj/Interior/Cab/Ticketer/Ticketer_Screen_ActivitySuspended_Resume.obj
[2026-09-22 23:05:03] Game Finding texture with name: trans.png in root: SP_E400MMC/Model/Converted/E400MMC_ADL_10.9m_Voith_LowHeight_obj/Interior/Cab/Ticketer
[2026-09-22 23:05:03] Game Found texture at recursive path with extension: SP_E400MMC/Texture/trans.dds
[2026-09-22 23:05:03] Game Loading texture from path: SP_E400MMC/Texture/trans.dds
[2026-09-22 23:05:03] Game Loading OBJ model from path: SP_E400MMC/Model/Converted/E400MMC_ADL_10.9m_Voith_LowHeight_obj/Interior/Cab/Ticketer/Ticketer_Screen_ActivitySuspended_LogOff.obj
[2026-09-22 23:05:03] Game Finding texture with name: trans.png in root: SP_E400MMC/Model/Converted/E400MMC_ADL_10.9m_Voith_LowHeight_obj/Interior/Cab/Ticketer
[2026-09-22 23:05:03] Game Found texture at recursive path with extension: SP_E400MMC/Texture/trans.dds
[2026-09-22 23:05:03] Game Loading texture from path: SP_E400MMC/Texture/trans.dds
[2026-09-22 23:05:03] Game Loading OBJ model from path: SP_E400MMC/Model/Converted/E400MMC_ADL_10.9m_Voith_LowHeight_obj/Interior/Cab/Ticketer/Ticketer_Screen_ActivitySuspended_TT.obj
[2026-09-22 23:05:03] Game Finding texture with name: reg.png in root: SP_E400MMC/Model/Converted/E400MMC_ADL_10.9m_Voith_LowHeight_obj/Interior/Cab/Ticketer
[2026-09-22 23:05:03] Game Found texture at recursive path with extension: SP_E400MMC/Texture/reg.dds
[2026-09-22 23:05:03] Game Loading texture from path: SP_E400MMC/Texture/reg.dds
[2026-09-22 23:05:03] Game Loading OBJ model from path: SP_E400MMC/Model/Converted/E400MMC_ADL_10.9m_Voith_LowHeight_obj/Interior/Cab/Ticketer/Ticketer_Screen_TripSummary.obj
[2026-09-22 23:05:03] Game Finding texture with name: TicketerScreens/Screen_TripSummary.png in root: SP_E400MMC/Model/Converted/E400MMC_ADL_10.9m_Voith_LowHeight_obj/Interior/Cab/Ticketer
[2026-09-22 23:05:03] Game Found texture at recursive path with extension: SP_E400MMC/Texture/TicketerScreens/Screen_TripSummary.dds
[2026-09-22 23:05:03] Game Loading texture from path: SP_E400MMC/Texture/TicketerScreens/Screen_TripSummary.dds
[2026-09-22 23:05:03] Game Reading image from path: SP_E400MMC\Texture\TicketerScreens\Screen_TripSummary.dds
[2026-09-22 23:05:03] Game Loading OBJ model from path: SP_E400MMC/Model/Converted/E400MMC_ADL_10.9m_Voith_LowHeight_obj/Interior/Cab/Ticketer/Ticketer_Screen_DutySummary.obj
[2026-09-22 23:05:03] Game Finding texture with name: TicketerScreens/Screen_DutySummary.png in root: SP_E400MMC/Model/Converted/E400MMC_ADL_10.9m_Voith_LowHeight_obj/Interior/Cab/Ticketer
[2026-09-22 23:05:03] Game Found texture at recursive path with extension: SP_E400MMC/Texture/TicketerScreens/Screen_DutySummary.dds
[2026-09-22 23:05:03] Game Finding texture with name: reg.png in root: SP_E400MMC/Model/Converted/E400MMC_ADL_10.9m_Voith_LowHeight_obj/Interior/Cab/Ticketer
[2026-09-22 23:05:03] Game Found texture at recursive path with extension: SP_E400MMC/Texture/reg.dds
[2026-09-22 23:05:03] Game Finding texture with name: reg.png in root: SP_E400MMC/Model/Converted/E400MMC_ADL_10.9m_Voith_LowHeight_obj/Interior/Cab/Ticketer
[2026-09-22 23:05:03] Game Found texture at recursive path with extension: SP_E400MMC/Texture/reg.dds
[2026-09-22 23:05:03] Game Finding texture with name: reg.png in root: SP_E400MMC/Model/Converted/E400MMC_ADL_10.9m_Voith_LowHeight_obj/Interior/Cab/Ticketer
[2026-09-22 23:05:03] Game Found texture at recursive path with extension: SP_E400MMC/Texture/reg.dds
[2026-09-22 23:05:03] Game Loading texture from path: SP_E400MMC/Texture/TicketerScreens/Screen_DutySummary.dds
[2026-09-22 23:05:03] Game Reading image from path: SP_E400MMC\Texture\TicketerScreens\Screen_DutySummary.dds
[2026-09-22 23:05:03] Game Loading texture from path: SP_E400MMC/Texture/reg.dds
[2026-09-22 23:05:03] Game Loading OBJ model from path: SP_E400MMC/Model/Converted/E400MMC_ADL_10.9m_Voith_LowHeight_obj/Interior/Cab/Ticketer/Ticketer_Screen_DutySummary_Back.obj
[2026-09-22 23:05:03] Game Finding texture with name: trans.png in root: SP_E400MMC/Model/Converted/E400MMC_ADL_10.9m_Voith_LowHeight_obj/Interior/Cab/Ticketer
[2026-09-22 23:05:03] Game Found texture at recursive path with extension: SP_E400MMC/Texture/trans.dds
[2026-09-22 23:05:03] Game Loading texture from path: SP_E400MMC/Texture/trans.dds
[2026-09-22 23:05:03] Game Loading OBJ model from path: SP_E400MMC/Model/Converted/E400MMC_ADL_10.9m_Voith_LowHeight_obj/Interior/Cab/Ticketer/Ticketer_Screen_DutySummary_Print.obj
[2026-09-22 23:05:03] Game Finding texture with name: trans.png in root: SP_E400MMC/Model/Converted/E400MMC_ADL_10.9m_Voith_LowHeight_obj/Interior/Cab/Ticketer
[2026-09-22 23:05:03] Game Found texture at recursive path with extension: SP_E400MMC/Texture/trans.dds
[2026-09-22 23:05:03] Game Loading texture from path: SP_E400MMC/Texture/trans.dds
[2026-09-22 23:05:03] Game Loading OBJ model from path: SP_E400MMC/Model/Converted/E400MMC_ADL_10.9m_Voith_LowHeight_obj/Interior/Cab/Ticketer/Ticketer_Screen_TripSummary_Print.obj
[2026-09-22 23:05:03] Game Finding texture with name: trans.png in root: SP_E400MMC/Model/Converted/E400MMC_ADL_10.9m_Voith_LowHeight_obj/Interior/Cab/Ticketer
[2026-09-22 23:05:03] Game Found texture at recursive path with extension: SP_E400MMC/Texture/trans.dds
[2026-09-22 23:05:03] Game Loading texture from path: SP_E400MMC/Texture/trans.dds
[2026-09-22 23:05:03] Game Loading OBJ model from path: SP_E400MMC/Model/Converted/E400MMC_ADL_10.9m_Voith_LowHeight_obj/Interior/Cab/Ticketer/Ticketer_Screen_TripSummary_Ticket1.obj
[2026-09-22 23:05:03] Game Finding texture with name: TicketerScreens/Screen_TripSummary_Ticket.png in root: SP_E400MMC/Model/Converted/E400MMC_ADL_10.9m_Voith_LowHeight_obj/Interior/Cab/Ticketer
[2026-09-22 23:05:03] Game Found texture at recursive path with extension: SP_E400MMC/Texture/TicketerScreens/Screen_TripSummary_Ticket.dds
[2026-09-22 23:05:03] Game Finding texture with name: reg.png in root: SP_E400MMC/Model/Converted/E400MMC_ADL_10.9m_Voith_LowHeight_obj/Interior/Cab/Ticketer
[2026-09-22 23:05:03] Game Found texture at recursive path with extension: SP_E400MMC/Texture/reg.dds
[2026-09-22 23:05:03] Game Finding texture with name: reg.png in root: SP_E400MMC/Model/Converted/E400MMC_ADL_10.9m_Voith_LowHeight_obj/Interior/Cab/Ticketer
[2026-09-22 23:05:03] Game Found texture at recursive path with extension: SP_E400MMC/Texture/reg.dds
[2026-09-22 23:05:03] Game Finding texture with name: reg.png in root: SP_E400MMC/Model/Converted/E400MMC_ADL_10.9m_Voith_LowHeight_obj/Interior/Cab/Ticketer
[2026-09-22 23:05:03] Game Found texture at recursive path with extension: SP_E400MMC/Texture/reg.dds
[2026-09-22 23:05:03] Game Loading texture from path: SP_E400MMC/Texture/TicketerScreens/Screen_TripSummary_Ticket.dds
[2026-09-22 23:05:03] Game Reading image from path: SP_E400MMC\Texture\TicketerScreens\Screen_TripSummary_Ticket.dds
[2026-09-22 23:05:03] Game Loading texture from path: SP_E400MMC/Texture/reg.dds
[2026-09-22 23:05:03] Game Loading OBJ model from path: SP_E400MMC/Model/Converted/E400MMC_ADL_10.9m_Voith_LowHeight_obj/Interior/Cab/Ticketer/Ticketer_Screen_TripSummary_Ticket2.obj
[2026-09-22 23:05:03] Game Finding texture with name: TicketerScreens/Screen_TripSummary_Ticket.png in root: SP_E400MMC/Model/Converted/E400MMC_ADL_10.9m_Voith_LowHeight_obj/Interior/Cab/Ticketer
[2026-09-22 23:05:03] Game Found texture at recursive path with extension: SP_E400MMC/Texture/TicketerScreens/Screen_TripSummary_Ticket.dds
[2026-09-22 23:05:03] Game Finding texture with name: reg.png in root: SP_E400MMC/Model/Converted/E400MMC_ADL_10.9m_Voith_LowHeight_obj/Interior/Cab/Ticketer
[2026-09-22 23:05:03] Game Found texture at recursive path with extension: SP_E400MMC/Texture/reg.dds
[2026-09-22 23:05:03] Game Finding texture with name: reg.png in root: SP_E400MMC/Model/Converted/E400MMC_ADL_10.9m_Voith_LowHeight_obj/Interior/Cab/Ticketer
[2026-09-22 23:05:03] Game Found texture at recursive path with extension: SP_E400MMC/Texture/reg.dds
[2026-09-22 23:05:03] Game Finding texture with name: reg.png in root: SP_E400MMC/Model/Converted/E400MMC_ADL_10.9m_Voith_LowHeight_obj/Interior/Cab/Ticketer
[2026-09-22 23:05:03] Game Found texture at recursive path with extension: SP_E400MMC/Texture/reg.dds
[2026-09-22 23:05:03] Game Loading texture from path: SP_E400MMC/Texture/TicketerScreens/Screen_TripSummary_Ticket.dds
[2026-09-22 23:05:03] Game Loading texture from path: SP_E400MMC/Texture/reg.dds
[2026-09-22 23:05:03] Game Loading OBJ model from path: SP_E400MMC/Model/Converted/E400MMC_ADL_10.9m_Voith_LowHeight_obj/Interior/Cab/Ticketer/Ticketer_Screen_TripSummary_Ticket3.obj
[2026-09-22 23:05:03] Game Finding texture with name: TicketerScreens/Screen_TripSummary_Ticket.png in root: SP_E400MMC/Model/Converted/E400MMC_ADL_10.9m_Voith_LowHeight_obj/Interior/Cab/Ticketer
[2026-09-22 23:05:03] Game Found texture at recursive path with extension: SP_E400MMC/Texture/TicketerScreens/Screen_TripSummary_Ticket.dds
[2026-09-22 23:05:03] Game Finding texture with name: reg.png in root: SP_E400MMC/Model/Converted/E400MMC_ADL_10.9m_Voith_LowHeight_obj/Interior/Cab/Ticketer
[2026-09-22 23:05:03] Game Found texture at recursive path with extension: SP_E400MMC/Texture/reg.dds
[2026-09-22 23:05:03] Game Finding texture with name: reg.png in root: SP_E400MMC/Model/Converted/E400MMC_ADL_10.9m_Voith_LowHeight_obj/Interior/Cab/Ticketer
[2026-09-22 23:05:03] Game Found texture at recursive path with extension: SP_E400MMC/Texture/reg.dds
[2026-09-22 23:05:03] Game Finding texture with name: reg.png in root: SP_E400MMC/Model/Converted/E400MMC_ADL_10.9m_Voith_LowHeight_obj/Interior/Cab/Ticketer
[2026-09-22 23:05:03] Game Found texture at recursive path with extension: SP_E400MMC/Texture/reg.dds
[2026-09-22 23:05:03] Game Loading texture from path: SP_E400MMC/Texture/TicketerScreens/Screen_TripSummary_Ticket.dds
[2026-09-22 23:05:03] Game Loading texture from path: SP_E400MMC/Texture/reg.dds
[2026-09-22 23:05:03] Game Loading OBJ model from path: SP_E400MMC/Model/Converted/E400MMC_ADL_10.9m_Voith_LowHeight_obj/Interior/Cab/Ticketer/Ticketer_Screen_TripSummary_Ticket4.obj
[2026-09-22 23:05:03] Game Finding texture with name: TicketerScreens/Screen_TripSummary_Ticket.png in root: SP_E400MMC/Model/Converted/E400MMC_ADL_10.9m_Voith_LowHeight_obj/Interior/Cab/Ticketer
[2026-09-22 23:05:03] Game Found texture at recursive path with extension: SP_E400MMC/Texture/TicketerScreens/Screen_TripSummary_Ticket.dds
[2026-09-22 23:05:03] Game Finding texture with name: reg.png in root: SP_E400MMC/Model/Converted/E400MMC_ADL_10.9m_Voith_LowHeight_obj/Interior/Cab/Ticketer
[2026-09-22 23:05:03] Game Found texture at recursive path with extension: SP_E400MMC/Texture/reg.dds
[2026-09-22 23:05:03] Game Finding texture with name: reg.png in root: SP_E400MMC/Model/Converted/E400MMC_ADL_10.9m_Voith_LowHeight_obj/Interior/Cab/Ticketer
[2026-09-22 23:05:03] Game Found texture at recursive path with extension: SP_E400MMC/Texture/reg.dds
[2026-09-22 23:05:03] Game Finding texture with name: reg.png in root: SP_E400MMC/Model/Converted/E400MMC_ADL_10.9m_Voith_LowHeight_obj/Interior/Cab/Ticketer
[2026-09-22 23:05:03] Game Found texture at recursive path with extension: SP_E400MMC/Texture/reg.dds
[2026-09-22 23:05:03] Game Loading texture from path: SP_E400MMC/Texture/TicketerScreens/Screen_TripSummary_Ticket.dds
[2026-09-22 23:05:03] Game Loading texture from path: SP_E400MMC/Texture/reg.dds
[2026-09-22 23:05:03] Game Loading OBJ model from path: SP_E400MMC/Model/Converted/E400MMC_ADL_10.9m_Voith_LowHeight_obj/Interior/Cab/Ticketer/Ticketer_Screen_TripSummary_Ticket5.obj
[2026-09-22 23:05:03] Game Finding texture with name: TicketerScreens/Screen_TripSummary_Ticket.png in root: SP_E400MMC/Model/Converted/E400MMC_ADL_10.9m_Voith_LowHeight_obj/Interior/Cab/Ticketer
[2026-09-22 23:05:03] Game Found texture at recursive path with extension: SP_E400MMC/Texture/TicketerScreens/Screen_TripSummary_Ticket.dds
[2026-09-22 23:05:03] Game Finding texture with name: reg.png in root: SP_E400MMC/Model/Converted/E400MMC_ADL_10.9m_Voith_LowHeight_obj/Interior/Cab/Ticketer
[2026-09-22 23:05:03] Game Found texture at recursive path with extension: SP_E400MMC/Texture/reg.dds
[2026-09-22 23:05:03] Game Finding texture with name: reg.png in root: SP_E400MMC/Model/Converted/E400MMC_ADL_10.9m_Voith_LowHeight_obj/Interior/Cab/Ticketer
[2026-09-22 23:05:03] Game Found texture at recursive path with extension: SP_E400MMC/Texture/reg.dds
[2026-09-22 23:05:03] Game Finding texture with name: reg.png in root: SP_E400MMC/Model/Converted/E400MMC_ADL_10.9m_Voith_LowHeight_obj/Interior/Cab/Ticketer
[2026-09-22 23:05:03] Game Found texture at recursive path with extension: SP_E400MMC/Texture/reg.dds
[2026-09-22 23:05:03] Game Loading texture from path: SP_E400MMC/Texture/TicketerScreens/Screen_TripSummary_Ticket.dds
[2026-09-22 23:05:03] Game Loading texture from path: SP_E400MMC/Texture/reg.dds
[2026-09-22 23:05:03] Game Loading OBJ model from path: SP_E400MMC/Model/Converted/E400MMC_ADL_10.9m_Voith_LowHeight_obj/Interior/Cab/Ticketer/Ticketer_Screen_TripSummary_Ticket6.obj
[2026-09-22 23:05:03] Game Finding texture with name: TicketerScreens/Screen_TripSummary_Ticket.png in root: SP_E400MMC/Model/Converted/E400MMC_ADL_10.9m_Voith_LowHeight_obj/Interior/Cab/Ticketer
[2026-09-22 23:05:03] Game Found texture at recursive path with extension: SP_E400MMC/Texture/TicketerScreens/Screen_TripSummary_Ticket.dds
[2026-09-22 23:05:03] Game Finding texture with name: reg.png in root: SP_E400MMC/Model/Converted/E400MMC_ADL_10.9m_Voith_LowHeight_obj/Interior/Cab/Ticketer
[2026-09-22 23:05:03] Game Found texture at recursive path with extension: SP_E400MMC/Texture/reg.dds
[2026-09-22 23:05:03] Game Finding texture with name: reg.png in root: SP_E400MMC/Model/Converted/E400MMC_ADL_10.9m_Voith_LowHeight_obj/Interior/Cab/Ticketer
[2026-09-22 23:05:03] Game Found texture at recursive path with extension: SP_E400MMC/Texture/reg.dds
[2026-09-22 23:05:03] Game Finding texture with name: reg.png in root: SP_E400MMC/Model/Converted/E400MMC_ADL_10.9m_Voith_LowHeight_obj/Interior/Cab/Ticketer
[2026-09-22 23:05:03] Game Found texture at recursive path with extension: SP_E400MMC/Texture/reg.dds
[2026-09-22 23:05:03] Game Loading texture from path: SP_E400MMC/Texture/TicketerScreens/Screen_TripSummary_Ticket.dds
[2026-09-22 23:05:03] Game Loading texture from path: SP_E400MMC/Texture/reg.dds
[2026-09-22 23:05:03] Game Loading OBJ model from path: SP_E400MMC/Model/Converted/E400MMC_ADL_10.9m_Voith_LowHeight_obj/Interior/Cab/Ticketer/Ticketer_Screen_TripSummary_Ticket7.obj
[2026-09-22 23:05:03] Game Finding texture with name: TicketerScreens/Screen_TripSummary_Ticket.png in root: SP_E400MMC/Model/Converted/E400MMC_ADL_10.9m_Voith_LowHeight_obj/Interior/Cab/Ticketer
[2026-09-22 23:05:03] Game Found texture at recursive path with extension: SP_E400MMC/Texture/TicketerScreens/Screen_TripSummary_Ticket.dds
[2026-09-22 23:05:03] Game Finding texture with name: reg.png in root: SP_E400MMC/Model/Converted/E400MMC_ADL_10.9m_Voith_LowHeight_obj/Interior/Cab/Ticketer
[2026-09-22 23:05:03] Game Found texture at recursive path with extension: SP_E400MMC/Texture/reg.dds
[2026-09-22 23:05:03] Game Finding texture with name: reg.png in root: SP_E400MMC/Model/Converted/E400MMC_ADL_10.9m_Voith_LowHeight_obj/Interior/Cab/Ticketer
[2026-09-22 23:05:03] Game Found texture at recursive path with extension: SP_E400MMC/Texture/reg.dds
[2026-09-22 23:05:03] Game Finding texture with name: reg.png in root: SP_E400MMC/Model/Converted/E400MMC_ADL_10.9m_Voith_LowHeight_obj/Interior/Cab/Ticketer
[2026-09-22 23:05:03] Game Found texture at recursive path with extension: SP_E400MMC/Texture/reg.dds
[2026-09-22 23:05:03] Game Loading texture from path: SP_E400MMC/Texture/TicketerScreens/Screen_TripSummary_Ticket.dds
[2026-09-22 23:05:03] Game Loading texture from path: SP_E400MMC/Texture/reg.dds
[2026-09-22 23:05:03] Game Loading OBJ model from path: SP_E400MMC/Model/Converted/E400MMC_ADL_10.9m_Voith_LowHeight_obj/Interior/Cab/Ticketer/Ticketer_Screen_TripSummary_Ticket8.obj
[2026-09-22 23:05:03] Game Finding texture with name: TicketerScreens/Screen_TripSummary_Ticket.png in root: SP_E400MMC/Model/Converted/E400MMC_ADL_10.9m_Voith_LowHeight_obj/Interior/Cab/Ticketer
[2026-09-22 23:05:03] Game Found texture at recursive path with extension: SP_E400MMC/Texture/TicketerScreens/Screen_TripSummary_Ticket.dds
[2026-09-22 23:05:03] Game Finding texture with name: reg.png in root: SP_E400MMC/Model/Converted/E400MMC_ADL_10.9m_Voith_LowHeight_obj/Interior/Cab/Ticketer
[2026-09-22 23:05:03] Game Found texture at recursive path with extension: SP_E400MMC/Texture/reg.dds
[2026-09-22 23:05:03] Game Finding texture with name: reg.png in root: SP_E400MMC/Model/Converted/E400MMC_ADL_10.9m_Voith_LowHeight_obj/Interior/Cab/Ticketer
[2026-09-22 23:05:03] Game Found texture at recursive path with extension: SP_E400MMC/Texture/reg.dds
[2026-09-22 23:05:03] Game Finding texture with name: reg.png in root: SP_E400MMC/Model/Converted/E400MMC_ADL_10.9m_Voith_LowHeight_obj/Interior/Cab/Ticketer
[2026-09-22 23:05:03] Game Found texture at recursive path with extension: SP_E400MMC/Texture/reg.dds
[2026-09-22 23:05:03] Game Loading texture from path: SP_E400MMC/Texture/TicketerScreens/Screen_TripSummary_Ticket.dds
[2026-09-22 23:05:03] Game Loading texture from path: SP_E400MMC/Texture/reg.dds
[2026-09-22 23:05:03] Game Loading OBJ model from path: SP_E400MMC/Model/Converted/E400MMC_ADL_10.9m_Voith_LowHeight_obj/Interior/Cab/Ticketer/Ticketer_Screen_TripSummary_Ticket9.obj
[2026-09-22 23:05:03] Game Finding texture with name: TicketerScreens/Screen_TripSummary_Ticket.png in root: SP_E400MMC/Model/Converted/E400MMC_ADL_10.9m_Voith_LowHeight_obj/Interior/Cab/Ticketer
[2026-09-22 23:05:03] Game Found texture at recursive path with extension: SP_E400MMC/Texture/TicketerScreens/Screen_TripSummary_Ticket.dds
[2026-09-22 23:05:03] Game Finding texture with name: reg.png in root: SP_E400MMC/Model/Converted/E400MMC_ADL_10.9m_Voith_LowHeight_obj/Interior/Cab/Ticketer
[2026-09-22 23:05:03] Game Found texture at recursive path with extension: SP_E400MMC/Texture/reg.dds
[2026-09-22 23:05:03] Game Finding texture with name: reg.png in root: SP_E400MMC/Model/Converted/E400MMC_ADL_10.9m_Voith_LowHeight_obj/Interior/Cab/Ticketer
[2026-09-22 23:05:03] Game Found texture at recursive path with extension: SP_E400MMC/Texture/reg.dds
[2026-09-22 23:05:03] Game Finding texture with name: reg.png in root: SP_E400MMC/Model/Converted/E400MMC_ADL_10.9m_Voith_LowHeight_obj/Interior/Cab/Ticketer
[2026-09-22 23:05:03] Game Found texture at recursive path with extension: SP_E400MMC/Texture/reg.dds
[2026-09-22 23:05:03] Game Loading texture from path: SP_E400MMC/Texture/TicketerScreens/Screen_TripSummary_Ticket.dds
[2026-09-22 23:05:03] Game Loading texture from path: SP_E400MMC/Texture/reg.dds
[2026-09-22 23:05:03] Game Loading OBJ model from path: SP_E400MMC/Model/Converted/E400MMC_ADL_10.9m_Voith_LowHeight_obj/Interior/Cab/Ticketer/Ticketer_Screen_TripSummary_Ticket10.obj
[2026-09-22 23:05:03] Game Finding texture with name: TicketerScreens/Screen_TripSummary_Ticket.png in root: SP_E400MMC/Model/Converted/E400MMC_ADL_10.9m_Voith_LowHeight_obj/Interior/Cab/Ticketer
[2026-09-22 23:05:03] Game Found texture at recursive path with extension: SP_E400MMC/Texture/TicketerScreens/Screen_TripSummary_Ticket.dds
[2026-09-22 23:05:03] Game Finding texture with name: reg.png in root: SP_E400MMC/Model/Converted/E400MMC_ADL_10.9m_Voith_LowHeight_obj/Interior/Cab/Ticketer
[2026-09-22 23:05:03] Game Found texture at recursive path with extension: SP_E400MMC/Texture/reg.dds
[2026-09-22 23:05:03] Game Finding texture with name: reg.png in root: SP_E400MMC/Model/Converted/E400MMC_ADL_10.9m_Voith_LowHeight_obj/Interior/Cab/Ticketer
[2026-09-22 23:05:03] Game Found texture at recursive path with extension: SP_E400MMC/Texture/reg.dds
[2026-09-22 23:05:03] Game Finding texture with name: reg.png in root: SP_E400MMC/Model/Converted/E400MMC_ADL_10.9m_Voith_LowHeight_obj/Interior/Cab/Ticketer
[2026-09-22 23:05:03] Game Found texture at recursive path with extension: SP_E400MMC/Texture/reg.dds
[2026-09-22 23:05:03] Game Loading texture from path: SP_E400MMC/Texture/TicketerScreens/Screen_TripSummary_Ticket.dds
[2026-09-22 23:05:03] Game Loading texture from path: SP_E400MMC/Texture/reg.dds
[2026-09-22 23:05:03] Game Loading OBJ model from path: SP_E400MMC/Model/Converted/E400MMC_ADL_10.9m_Voith_LowHeight_obj/Interior/Cab/Ticketer/Ticketer_Screen_TripSummary_Ticket11.obj
[2026-09-22 23:05:03] Game Finding texture with name: TicketerScreens/Screen_TripSummary_Ticket.png in root: SP_E400MMC/Model/Converted/E400MMC_ADL_10.9m_Voith_LowHeight_obj/Interior/Cab/Ticketer
[2026-09-22 23:05:03] Game Found texture at recursive path with extension: SP_E400MMC/Texture/TicketerScreens/Screen_TripSummary_Ticket.dds
[2026-09-22 23:05:03] Game Finding texture with name: reg.png in root: SP_E400MMC/Model/Converted/E400MMC_ADL_10.9m_Voith_LowHeight_obj/Interior/Cab/Ticketer
[2026-09-22 23:05:03] Game Found texture at recursive path with extension: SP_E400MMC/Texture/reg.dds
[2026-09-22 23:05:03] Game Finding texture with name: reg.png in root: SP_E400MMC/Model/Converted/E400MMC_ADL_10.9m_Voith_LowHeight_obj/Interior/Cab/Ticketer
[2026-09-22 23:05:03] Game Found texture at recursive path with extension: SP_E400MMC/Texture/reg.dds
[2026-09-22 23:05:03] Game Finding texture with name: reg.png in root: SP_E400MMC/Model/Converted/E400MMC_ADL_10.9m_Voith_LowHeight_obj/Interior/Cab/Ticketer
[2026-09-22 23:05:03] Game Found texture at recursive path with extension: SP_E400MMC/Texture/reg.dds
[2026-09-22 23:05:03] Game Loading texture from path: SP_E400MMC/Texture/TicketerScreens/Screen_TripSummary_Ticket.dds
[2026-09-22 23:05:03] Game Loading texture from path: SP_E400MMC/Texture/reg.dds
[2026-09-22 23:05:03] Game Loading OBJ model from path: SP_E400MMC/Model/Converted/E400MMC_ADL_10.9m_Voith_LowHeight_obj/Interior/Cab/Ticketer/Ticketer_Screen_TripSummary_Ticket12.obj
[2026-09-22 23:05:03] Game Finding texture with name: TicketerScreens/Screen_TripSummary_Ticket.png in root: SP_E400MMC/Model/Converted/E400MMC_ADL_10.9m_Voith_LowHeight_obj/Interior/Cab/Ticketer
[2026-09-22 23:05:03] Game Found texture at recursive path with extension: SP_E400MMC/Texture/TicketerScreens/Screen_TripSummary_Ticket.dds
[2026-09-22 23:05:03] Game Finding texture with name: reg.png in root: SP_E400MMC/Model/Converted/E400MMC_ADL_10.9m_Voith_LowHeight_obj/Interior/Cab/Ticketer
[2026-09-22 23:05:03] Game Found texture at recursive path with extension: SP_E400MMC/Texture/reg.dds
[2026-09-22 23:05:03] Game Finding texture with name: reg.png in root: SP_E400MMC/Model/Converted/E400MMC_ADL_10.9m_Voith_LowHeight_obj/Interior/Cab/Ticketer
[2026-09-22 23:05:03] Game Found texture at recursive path with extension: SP_E400MMC/Texture/reg.dds
[2026-09-22 23:05:03] Game Finding texture with name: reg.png in root: SP_E400MMC/Model/Converted/E400MMC_ADL_10.9m_Voith_LowHeight_obj/Interior/Cab/Ticketer
[2026-09-22 23:05:03] Game Found texture at recursive path with extension: SP_E400MMC/Texture/reg.dds
[2026-09-22 23:05:03] Game Loading texture from path: SP_E400MMC/Texture/TicketerScreens/Screen_TripSummary_Ticket.dds
[2026-09-22 23:05:03] Game Loading texture from path: SP_E400MMC/Texture/reg.dds
[2026-09-22 23:05:03] Game Loading OBJ model from path: SP_E400MMC/Model/Converted/E400MMC_ADL_10.9m_Voith_LowHeight_obj/Interior/Cab/Ticketer/Ticketer_Screen_TripSummary_TT.obj
[2026-09-22 23:05:03] Game Finding texture with name: reg.png in root: SP_E400MMC/Model/Converted/E400MMC_ADL_10.9m_Voith_LowHeight_obj/Interior/Cab/Ticketer
[2026-09-22 23:05:03] Game Found texture at recursive path with extension: SP_E400MMC/Texture/reg.dds
[2026-09-22 23:05:03] Game Finding texture with name: reg.png in root: SP_E400MMC/Model/Converted/E400MMC_ADL_10.9m_Voith_LowHeight_obj/Interior/Cab/Ticketer
[2026-09-22 23:05:03] Game Found texture at recursive path with extension: SP_E400MMC/Texture/reg.dds
[2026-09-22 23:05:03] Game Finding texture with name: reg.png in root: SP_E400MMC/Model/Converted/E400MMC_ADL_10.9m_Voith_LowHeight_obj/Interior/Cab/Ticketer
[2026-09-22 23:05:03] Game Found texture at recursive path with extension: SP_E400MMC/Texture/reg.dds
[2026-09-22 23:05:03] Game Loading texture from path: SP_E400MMC/Texture/reg.dds
[2026-09-22 23:05:03] Game Loading OBJ model from path: SP_E400MMC/Model/Converted/E400MMC_ADL_10.9m_Voith_LowHeight_obj/Interior/Cab/Ticketer/Ticketer_Screen_TripSummary_Back.obj
[2026-09-22 23:05:03] Game Finding texture with name: trans.png in root: SP_E400MMC/Model/Converted/E400MMC_ADL_10.9m_Voith_LowHeight_obj/Interior/Cab/Ticketer
[2026-09-22 23:05:03] Game Found texture at recursive path with extension: SP_E400MMC/Texture/trans.dds
[2026-09-22 23:05:03] Game Loading texture from path: SP_E400MMC/Texture/trans.dds
[2026-09-22 23:05:03] Game Loading OBJ model from path: SP_E400MMC/Model/Converted/E400MMC_ADL_10.9m_Voith_LowHeight_obj/Interior/Cab/Ticketer/Ticketer_Screen_TripSummary_EndTrip.obj
[2026-09-22 23:05:03] Game Finding texture with name: trans.png in root: SP_E400MMC/Model/Converted/E400MMC_ADL_10.9m_Voith_LowHeight_obj/Interior/Cab/Ticketer
[2026-09-22 23:05:03] Game Found texture at recursive path with extension: SP_E400MMC/Texture/trans.dds
[2026-09-22 23:05:03] Game Loading texture from path: SP_E400MMC/Texture/trans.dds
[2026-09-22 23:05:03] Game Loading OBJ model from path: SP_E400MMC/Model/Converted/E400MMC_ADL_10.9m_Voith_LowHeight_obj/Interior/Cab/Ticketer/Ticketer_Screen_Occupancy.obj
[2026-09-22 23:05:03] Game Finding texture with name: TicketerScreens/Screen_Occupancy_Green.png in root: SP_E400MMC/Model/Converted/E400MMC_ADL_10.9m_Voith_LowHeight_obj/Interior/Cab/Ticketer
[2026-09-22 23:05:03] Game Found texture at recursive path with extension: SP_E400MMC/Texture/TicketerScreens/Screen_Occupancy_Green.dds
[2026-09-22 23:05:03] Game Loading texture from path: SP_E400MMC/Texture/TicketerScreens/Screen_Occupancy_Green.dds
[2026-09-22 23:05:03] Game Reading image from path: SP_E400MMC\Texture\TicketerScreens\Screen_Occupancy_Green.dds
[2026-09-22 23:05:03] Game Loading OBJ model from path: SP_E400MMC/Model/Converted/E400MMC_ADL_10.9m_Voith_LowHeight_obj/Interior/Cab/Ticketer/Ticketer_Screen_Occupancy_TT.obj
[2026-09-22 23:05:03] Game Finding texture with name: reg.png in root: SP_E400MMC/Model/Converted/E400MMC_ADL_10.9m_Voith_LowHeight_obj/Interior/Cab/Ticketer
[2026-09-22 23:05:03] Game Found texture at recursive path with extension: SP_E400MMC/Texture/reg.dds
[2026-09-22 23:05:03] Game Finding texture with name: reg.png in root: SP_E400MMC/Model/Converted/E400MMC_ADL_10.9m_Voith_LowHeight_obj/Interior/Cab/Ticketer
[2026-09-22 23:05:03] Game Found texture at recursive path with extension: SP_E400MMC/Texture/reg.dds
[2026-09-22 23:05:03] Game Finding texture with name: reg.png in root: SP_E400MMC/Model/Converted/E400MMC_ADL_10.9m_Voith_LowHeight_obj/Interior/Cab/Ticketer
[2026-09-22 23:05:03] Game Found texture at recursive path with extension: SP_E400MMC/Texture/reg.dds
[2026-09-22 23:05:03] Game Finding texture with name: reg.png in root: SP_E400MMC/Model/Converted/E400MMC_ADL_10.9m_Voith_LowHeight_obj/Interior/Cab/Ticketer
[2026-09-22 23:05:03] Game Found texture at recursive path with extension: SP_E400MMC/Texture/reg.dds
[2026-09-22 23:05:03] Game Finding texture with name: reg.png in root: SP_E400MMC/Model/Converted/E400MMC_ADL_10.9m_Voith_LowHeight_obj/Interior/Cab/Ticketer
[2026-09-22 23:05:03] Game Found texture at recursive path with extension: SP_E400MMC/Texture/reg.dds
[2026-09-22 23:05:03] Game Loading texture from path: SP_E400MMC/Texture/reg.dds
[2026-09-22 23:05:03] Game Loading OBJ model from path: SP_E400MMC/Model/Converted/E400MMC_ADL_10.9m_Voith_LowHeight_obj/Interior/Cab/Ticketer/Ticketer_Screen_Occupancy_Wheelchair.obj
[2026-09-22 23:05:03] Game Finding texture with name: TicketerScreens/Screen_Occupancy_Occupy.png in root: SP_E400MMC/Model/Converted/E400MMC_ADL_10.9m_Voith_LowHeight_obj/Interior/Cab/Ticketer
[2026-09-22 23:05:03] Game Found texture at recursive path with extension: SP_E400MMC/Texture/TicketerScreens/Screen_Occupancy_Occupy.dds
[2026-09-22 23:05:03] Game Loading texture from path: SP_E400MMC/Texture/TicketerScreens/Screen_Occupancy_Occupy.dds
[2026-09-22 23:05:03] Game Reading image from path: SP_E400MMC\Texture\TicketerScreens\Screen_Occupancy_Occupy.dds
[2026-09-22 23:05:03] Game Loading OBJ model from path: SP_E400MMC/Model/Converted/E400MMC_ADL_10.9m_Voith_LowHeight_obj/Interior/Cab/Ticketer/Ticketer_Screen_Occupancy_Back.obj
[2026-09-22 23:05:03] Game Finding texture with name: trans.png in root: SP_E400MMC/Model/Converted/E400MMC_ADL_10.9m_Voith_LowHeight_obj/Interior/Cab/Ticketer
[2026-09-22 23:05:03] Game Found texture at recursive path with extension: SP_E400MMC/Texture/trans.dds
[2026-09-22 23:05:03] Game Loading texture from path: SP_E400MMC/Texture/trans.dds
[2026-09-22 23:05:03] Game Loading OBJ model from path: SP_E400MMC/Model/Converted/E400MMC_ADL_10.9m_Voith_LowHeight_obj/Interior/Cab/Ticketer/Ticketer_Screen_Occupancy_Continue.obj
[2026-09-22 23:05:03] Game Finding texture with name: trans.png in root: SP_E400MMC/Model/Converted/E400MMC_ADL_10.9m_Voith_LowHeight_obj/Interior/Cab/Ticketer
[2026-09-22 23:05:03] Game Found texture at recursive path with extension: SP_E400MMC/Texture/trans.dds
[2026-09-22 23:05:03] Game Loading texture from path: SP_E400MMC/Texture/trans.dds
[2026-09-22 23:05:03] Game Loading OBJ model from path: SP_E400MMC/Model/Converted/E400MMC_ADL_10.9m_Voith_LowHeight_obj/Interior/Cab/Ticketer/Ticketer_Screen_Occupancy_Alight1.obj
[2026-09-22 23:05:03] Game Finding texture with name: trans.png in root: SP_E400MMC/Model/Converted/E400MMC_ADL_10.9m_Voith_LowHeight_obj/Interior/Cab/Ticketer
[2026-09-22 23:05:03] Game Found texture at recursive path with extension: SP_E400MMC/Texture/trans.dds
[2026-09-22 23:05:03] Game Loading texture from path: SP_E400MMC/Texture/trans.dds
[2026-09-22 23:05:03] Game Loading OBJ model from path: SP_E400MMC/Model/Converted/E400MMC_ADL_10.9m_Voith_LowHeight_obj/Interior/Cab/Ticketer/Ticketer_Screen_Occupancy_Alight2.obj
[2026-09-22 23:05:03] Game Finding texture with name: trans.png in root: SP_E400MMC/Model/Converted/E400MMC_ADL_10.9m_Voith_LowHeight_obj/Interior/Cab/Ticketer
[2026-09-22 23:05:03] Game Found texture at recursive path with extension: SP_E400MMC/Texture/trans.dds
[2026-09-22 23:05:03] Game Loading texture from path: SP_E400MMC/Texture/trans.dds
[2026-09-22 23:05:03] Game Loading OBJ model from path: SP_E400MMC/Model/Converted/E400MMC_ADL_10.9m_Voith_LowHeight_obj/Interior/Cab/Ticketer/Ticketer_Screen_Occupancy_Alight3.obj
[2026-09-22 23:05:03] Game Finding texture with name: trans.png in root: SP_E400MMC/Model/Converted/E400MMC_ADL_10.9m_Voith_LowHeight_obj/Interior/Cab/Ticketer
[2026-09-22 23:05:03] Game Found texture at recursive path with extension: SP_E400MMC/Texture/trans.dds
[2026-09-22 23:05:03] Game Loading texture from path: SP_E400MMC/Texture/trans.dds
[2026-09-22 23:05:03] Game Loading OBJ model from path: SP_E400MMC/Model/Converted/E400MMC_ADL_10.9m_Voith_LowHeight_obj/Interior/Cab/Ticketer/Ticketer_Screen_Occupancy_Alight4.obj
[2026-09-22 23:05:03] Game Finding texture with name: trans.png in root: SP_E400MMC/Model/Converted/E400MMC_ADL_10.9m_Voith_LowHeight_obj/Interior/Cab/Ticketer
[2026-09-22 23:05:03] Game Found texture at recursive path with extension: SP_E400MMC/Texture/trans.dds
[2026-09-22 23:05:03] Game Loading texture from path: SP_E400MMC/Texture/trans.dds
[2026-09-22 23:05:03] Game Loading OBJ model from path: SP_E400MMC/Model/Converted/E400MMC_ADL_10.9m_Voith_LowHeight_obj/Interior/Cab/Ticketer/Ticketer_Screen_Occupancy_Alight5.obj
[2026-09-22 23:05:03] Game Finding texture with name: trans.png in root: SP_E400MMC/Model/Converted/E400MMC_ADL_10.9m_Voith_LowHeight_obj/Interior/Cab/Ticketer
[2026-09-22 23:05:03] Game Found texture at recursive path with extension: SP_E400MMC/Texture/trans.dds
[2026-09-22 23:05:03] Game Loading texture from path: SP_E400MMC/Texture/trans.dds
[2026-09-22 23:05:03] Game Loading OBJ model from path: SP_E400MMC/Model/Converted/E400MMC_ADL_10.9m_Voith_LowHeight_obj/Interior/Cab/Ticketer/Ticketer_Screen_Occupancy_Add1.obj
[2026-09-22 23:05:03] Game Finding texture with name: trans.png in root: SP_E400MMC/Model/Converted/E400MMC_ADL_10.9m_Voith_LowHeight_obj/Interior/Cab/Ticketer
[2026-09-22 23:05:03] Game Found texture at recursive path with extension: SP_E400MMC/Texture/trans.dds
[2026-09-22 23:05:03] Game Loading texture from path: SP_E400MMC/Texture/trans.dds
[2026-09-22 23:05:03] Game Loading OBJ model from path: SP_E400MMC/Model/Converted/E400MMC_ADL_10.9m_Voith_LowHeight_obj/Interior/Cab/Ticketer/Ticketer_Screen_Occupancy_Reset0.obj
[2026-09-22 23:05:03] Game Finding texture with name: trans.png in root: SP_E400MMC/Model/Converted/E400MMC_ADL_10.9m_Voith_LowHeight_obj/Interior/Cab/Ticketer
[2026-09-22 23:05:03] Game Found texture at recursive path with extension: SP_E400MMC/Texture/trans.dds
[2026-09-22 23:05:03] Game Loading texture from path: SP_E400MMC/Texture/trans.dds
[2026-09-22 23:05:03] Game Loading OBJ model from path: SP_E400MMC/Model/Converted/E400MMC_ADL_10.9m_Voith_LowHeight_obj/Interior/Cab/Ticketer/Ticketer_Screen_Clock_TT.obj
[2026-09-22 23:05:03] Game Finding texture with name: reg.png in root: SP_E400MMC/Model/Converted/E400MMC_ADL_10.9m_Voith_LowHeight_obj/Interior/Cab/Ticketer
[2026-09-22 23:05:03] Game Found texture at recursive path with extension: SP_E400MMC/Texture/reg.dds
[2026-09-22 23:05:03] Game Finding texture with name: reg.png in root: SP_E400MMC/Model/Converted/E400MMC_ADL_10.9m_Voith_LowHeight_obj/Interior/Cab/Ticketer
[2026-09-22 23:05:03] Game Found texture at recursive path with extension: SP_E400MMC/Texture/reg.dds
[2026-09-22 23:05:03] Game Loading texture from path: SP_E400MMC/Texture/reg.dds
[2026-09-22 23:05:03] Game Loading OBJ model from path: SP_E400MMC/Model/Converted/E400MMC_ADL_10.9m_Voith_LowHeight_obj/Interior/Cab/Ticketer/Ticketer_Screen_Clock.obj
[2026-09-22 23:05:03] Game Finding texture with name: TicketerScreens/Screen_Clock.png in root: SP_E400MMC/Model/Converted/E400MMC_ADL_10.9m_Voith_LowHeight_obj/Interior/Cab/Ticketer
[2026-09-22 23:05:03] Game Found texture at recursive path with extension: SP_E400MMC/Texture/TicketerScreens/Screen_Clock.dds
[2026-09-22 23:05:03] Game Finding texture with name: reg.png in root: SP_E400MMC/Model/Converted/E400MMC_ADL_10.9m_Voith_LowHeight_obj/Interior/Cab/Ticketer
[2026-09-22 23:05:03] Game Found texture at recursive path with extension: SP_E400MMC/Texture/reg.dds
[2026-09-22 23:05:03] Game Loading texture from path: SP_E400MMC/Texture/TicketerScreens/Screen_Clock.dds
[2026-09-22 23:05:03] Game Reading image from path: SP_E400MMC\Texture\TicketerScreens\Screen_Clock.dds
[2026-09-22 23:05:03] Game Loading texture from path: SP_E400MMC/Texture/reg.dds
[2026-09-22 23:05:03] Game Loading OBJ model from path: SP_E400MMC/Model/Converted/E400MMC_ADL_10.9m_Voith_LowHeight_obj/Interior/Cab/Ticketer/Ticketer_Screen_Accepted.obj
[2026-09-22 23:05:03] Game Finding texture with name: TicketerScreens/Screen_Accepted.png in root: SP_E400MMC/Model/Converted/E400MMC_ADL_10.9m_Voith_LowHeight_obj/Interior/Cab/Ticketer
[2026-09-22 23:05:03] Game Found texture at recursive path with extension: SP_E400MMC/Texture/TicketerScreens/Screen_Accepted.dds
[2026-09-22 23:05:03] Game Finding texture with name: reg.png in root: SP_E400MMC/Model/Converted/E400MMC_ADL_10.9m_Voith_LowHeight_obj/Interior/Cab/Ticketer
[2026-09-22 23:05:03] Game Found texture at recursive path with extension: SP_E400MMC/Texture/reg.dds
[2026-09-22 23:05:03] Game Loading texture from path: SP_E400MMC/Texture/TicketerScreens/Screen_Accepted.dds
[2026-09-22 23:05:03] Game Reading image from path: SP_E400MMC\Texture\TicketerScreens\Screen_Accepted.dds
[2026-09-22 23:05:03] Game Loading texture from path: SP_E400MMC/Texture/reg.dds
[2026-09-22 23:05:03] Game Loading OBJ model from path: SP_E400MMC/Model/Converted/E400MMC_ADL_10.9m_Voith_LowHeight_obj/Interior/Cab/Ticketer/Ticketer_Screen_InMotion.obj
[2026-09-22 23:05:03] Game Finding texture with name: TicketerScreens/Screen_InMotion_Green.png in root: SP_E400MMC/Model/Converted/E400MMC_ADL_10.9m_Voith_LowHeight_obj/Interior/Cab/Ticketer
[2026-09-22 23:05:03] Game Found texture at recursive path with extension: SP_E400MMC/Texture/TicketerScreens/Screen_InMotion_Green.dds
[2026-09-22 23:05:03] Game Loading texture from path: SP_E400MMC/Texture/TicketerScreens/Screen_InMotion_Green.dds
[2026-09-22 23:05:03] Game Reading image from path: SP_E400MMC\Texture\TicketerScreens\Screen_InMotion_Green.dds
[2026-09-22 23:05:03] Game Loading OBJ model from path: SP_E400MMC/Model/Converted/E400MMC_ADL_10.9m_Voith_LowHeight_obj/Interior/Cab/Ticketer/Ticketer_Screen_Button_ConnectivityStatus.obj
[2026-09-22 23:05:03] Game Finding texture with name: trans.png in root: SP_E400MMC/Model/Converted/E400MMC_ADL_10.9m_Voith_LowHeight_obj/Interior/Cab/Ticketer
[2026-09-22 23:05:03] Game Found texture at recursive path with extension: SP_E400MMC/Texture/trans.dds
[2026-09-22 23:05:03] Game Loading texture from path: SP_E400MMC/Texture/trans.dds
[2026-09-22 23:05:03] Game Loading OBJ model from path: SP_E400MMC/Model/Converted/E400MMC_ADL_10.9m_Voith_LowHeight_obj/Interior/Cab/Ticketer/Ticketer_Screen_Button_SmartcardStatus.obj
[2026-09-22 23:05:03] Game Finding texture with name: trans.png in root: SP_E400MMC/Model/Converted/E400MMC_ADL_10.9m_Voith_LowHeight_obj/Interior/Cab/Ticketer
[2026-09-22 23:05:03] Game Found texture at recursive path with extension: SP_E400MMC/Texture/trans.dds
[2026-09-22 23:05:03] Game Loading texture from path: SP_E400MMC/Texture/trans.dds
[2026-09-22 23:05:03] Game Loading OBJ model from path: SP_E400MMC/Model/Converted/E400MMC_ADL_10.9m_Voith_LowHeight_obj/Interior/Cab/Ticketer/Ticketer_Screen_Button_PrinterStatus.obj
[2026-09-22 23:05:03] Game Finding texture with name: trans.png in root: SP_E400MMC/Model/Converted/E400MMC_ADL_10.9m_Voith_LowHeight_obj/Interior/Cab/Ticketer
[2026-09-22 23:05:03] Game Found texture at recursive path with extension: SP_E400MMC/Texture/trans.dds
[2026-09-22 23:05:03] Game Loading texture from path: SP_E400MMC/Texture/trans.dds
[2026-09-22 23:05:03] Game Loading OBJ model from path: SP_E400MMC/Model/Converted/E400MMC_ADL_10.9m_Voith_LowHeight_obj/Interior/Cab/Ticketer/Ticketer_Screen_StatusPopup.obj
[2026-09-22 23:05:04] Game Finding texture with name: trans.png in root: SP_E400MMC/Model/Converted/E400MMC_ADL_10.9m_Voith_LowHeight_obj/Interior/Cab/Ticketer
[2026-09-22 23:05:04] Game Found texture at recursive path with extension: SP_E400MMC/Texture/trans.dds
[2026-09-22 23:05:04] Game Finding texture with name: reg.png in root: SP_E400MMC/Model/Converted/E400MMC_ADL_10.9m_Voith_LowHeight_obj/Interior/Cab/Ticketer
[2026-09-22 23:05:04] Game Found texture at recursive path with extension: SP_E400MMC/Texture/reg.dds
[2026-09-22 23:05:04] Game Loading texture from path: SP_E400MMC/Texture/trans.dds
[2026-09-22 23:05:04] Game Loading texture from path: SP_E400MMC/Texture/reg.dds
[2026-09-22 23:05:04] Game Loading OBJ model from path: SP_E400MMC/Model/Converted/E400MMC_ADL_10.9m_Voith_LowHeight_obj/Interior/Cab/Ticketer/Ticketer_Screen_InMotion_TT.obj
[2026-09-22 23:05:04] Game Finding texture with name: reg.png in root: SP_E400MMC/Model/Converted/E400MMC_ADL_10.9m_Voith_LowHeight_obj/Interior/Cab/Ticketer
[2026-09-22 23:05:04] Game Found texture at recursive path with extension: SP_E400MMC/Texture/reg.dds
[2026-09-22 23:05:04] Game Finding texture with name: reg.png in root: SP_E400MMC/Model/Converted/E400MMC_ADL_10.9m_Voith_LowHeight_obj/Interior/Cab/Ticketer
[2026-09-22 23:05:04] Game Found texture at recursive path with extension: SP_E400MMC/Texture/reg.dds
[2026-09-22 23:05:04] Game Loading texture from path: SP_E400MMC/Texture/reg.dds
[2026-09-22 23:05:04] Game Loading OBJ model from path: SP_E400MMC/Model/Converted/E400MMC_ADL_10.9m_Voith_LowHeight_obj/Interior/Cab/Ticketer/Ticketer_Screen_MasterOff.obj
[2026-09-22 23:05:04] Game Finding texture with name: TicketerScreens/Screen_MasterOff.png in root: SP_E400MMC/Model/Converted/E400MMC_ADL_10.9m_Voith_LowHeight_obj/Interior/Cab/Ticketer
[2026-09-22 23:05:04] Game Found texture at recursive path with extension: SP_E400MMC/Texture/TicketerScreens/Screen_MasterOff.dds
[2026-09-22 23:05:04] Game Loading texture from path: SP_E400MMC/Texture/TicketerScreens/Screen_MasterOff.dds
[2026-09-22 23:05:04] Game Reading image from path: SP_E400MMC\Texture\TicketerScreens\Screen_MasterOff.dds
[2026-09-22 23:05:04] Game Loading OBJ model from path: SP_E400MMC/Model/Converted/E400MMC_ADL_10.9m_Voith_LowHeight_obj/Interior/Cab/Ticketer/Ticketer_Screen_TurningOff.obj
[2026-09-22 23:05:04] Game Finding texture with name: TicketerScreens/Screen_TurningOff.png in root: SP_E400MMC/Model/Converted/E400MMC_ADL_10.9m_Voith_LowHeight_obj/Interior/Cab/Ticketer
[2026-09-22 23:05:04] Game Found texture at recursive path with extension: SP_E400MMC/Texture/TicketerScreens/Screen_TurningOff.dds
[2026-09-22 23:05:04] Game Finding texture with name: reg.png in root: SP_E400MMC/Model/Converted/E400MMC_ADL_10.9m_Voith_LowHeight_obj/Interior/Cab/Ticketer
[2026-09-22 23:05:04] Game Found texture at recursive path with extension: SP_E400MMC/Texture/reg.dds
[2026-09-22 23:05:04] Game Loading texture from path: SP_E400MMC/Texture/TicketerScreens/Screen_TurningOff.dds
[2026-09-22 23:05:04] Game Reading image from path: SP_E400MMC\Texture\TicketerScreens\Screen_TurningOff.dds
[2026-09-22 23:05:04] Game Loading texture from path: SP_E400MMC/Texture/reg.dds
[2026-09-22 23:05:04] Game Loading OBJ model from path: SP_E400MMC/Model/Converted/E400MMC_ADL_10.9m_Voith_LowHeight_obj/Interior/Cab/Ticketer/Ticketer_Screen_MasterOff_LoggedIn.obj
[2026-09-22 23:05:04] Game Finding texture with name: TicketerScreens/Screen_MasterOff_LoggedIn.png in root: SP_E400MMC/Model/Converted/E400MMC_ADL_10.9m_Voith_LowHeight_obj/Interior/Cab/Ticketer
[2026-09-22 23:05:04] Game Found texture at recursive path with extension: SP_E400MMC/Texture/TicketerScreens/Screen_MasterOff_LoggedIn.dds
[2026-09-22 23:05:04] Game Finding texture with name: reg.png in root: SP_E400MMC/Model/Converted/E400MMC_ADL_10.9m_Voith_LowHeight_obj/Interior/Cab/Ticketer
[2026-09-22 23:05:04] Game Found texture at recursive path with extension: SP_E400MMC/Texture/reg.dds
[2026-09-22 23:05:04] Game Loading texture from path: SP_E400MMC/Texture/TicketerScreens/Screen_MasterOff_LoggedIn.dds
[2026-09-22 23:05:04] Game Reading image from path: SP_E400MMC\Texture\TicketerScreens\Screen_MasterOff_LoggedIn.dds
[2026-09-22 23:05:04] Game Loading texture from path: SP_E400MMC/Texture/reg.dds
[2026-09-22 23:05:04] Game Loading OBJ model from path: SP_E400MMC/Model/Converted/E400MMC_ADL_10.9m_Voith_LowHeight_obj/Interior/Cab/Ticketer/Ticketer_Screen_Delay15s.obj
[2026-09-22 23:05:04] Game Finding texture with name: TicketerScreens/Screen_Delay15s.png in root: SP_E400MMC/Model/Converted/E400MMC_ADL_10.9m_Voith_LowHeight_obj/Interior/Cab/Ticketer
[2026-09-22 23:05:04] Game Found texture at recursive path with extension: SP_E400MMC/Texture/TicketerScreens/Screen_Delay15s.dds
[2026-09-22 23:05:04] Game Finding texture with name: reg.png in root: SP_E400MMC/Model/Converted/E400MMC_ADL_10.9m_Voith_LowHeight_obj/Interior/Cab/Ticketer
[2026-09-22 23:05:04] Game Found texture at recursive path with extension: SP_E400MMC/Texture/reg.dds
[2026-09-22 23:05:04] Game Finding texture with name: reg.png in root: SP_E400MMC/Model/Converted/E400MMC_ADL_10.9m_Voith_LowHeight_obj/Interior/Cab/Ticketer
[2026-09-22 23:05:04] Game Found texture at recursive path with extension: SP_E400MMC/Texture/reg.dds
[2026-09-22 23:05:04] Game Finding texture with name: reg.png in root: SP_E400MMC/Model/Converted/E400MMC_ADL_10.9m_Voith_LowHeight_obj/Interior/Cab/Ticketer
[2026-09-22 23:05:04] Game Found texture at recursive path with extension: SP_E400MMC/Texture/reg.dds
[2026-09-22 23:05:04] Game Loading texture from path: SP_E400MMC/Texture/TicketerScreens/Screen_Delay15s.dds
[2026-09-22 23:05:04] Game Reading image from path: SP_E400MMC\Texture\TicketerScreens\Screen_Delay15s.dds
[2026-09-22 23:05:04] Game Loading texture from path: SP_E400MMC/Texture/reg.dds
[2026-09-22 23:05:04] Game Loading OBJ model from path: SP_E400MMC/Model/Converted/E400MMC_ADL_10.9m_Voith_LowHeight_obj/Interior/Cab/Ticketer/Ticketer_Screen_Delay30s.obj
[2026-09-22 23:05:04] Game Finding texture with name: TicketerScreens/Screen_Delay30s.png in root: SP_E400MMC/Model/Converted/E400MMC_ADL_10.9m_Voith_LowHeight_obj/Interior/Cab/Ticketer
[2026-09-22 23:05:04] Game Found texture at recursive path with extension: SP_E400MMC/Texture/TicketerScreens/Screen_Delay30s.dds
[2026-09-22 23:05:04] Game Finding texture with name: reg.png in root: SP_E400MMC/Model/Converted/E400MMC_ADL_10.9m_Voith_LowHeight_obj/Interior/Cab/Ticketer
[2026-09-22 23:05:04] Game Found texture at recursive path with extension: SP_E400MMC/Texture/reg.dds
[2026-09-22 23:05:04] Game Finding texture with name: reg.png in root: SP_E400MMC/Model/Converted/E400MMC_ADL_10.9m_Voith_LowHeight_obj/Interior/Cab/Ticketer
[2026-09-22 23:05:04] Game Found texture at recursive path with extension: SP_E400MMC/Texture/reg.dds
[2026-09-22 23:05:04] Game Finding texture with name: reg.png in root: SP_E400MMC/Model/Converted/E400MMC_ADL_10.9m_Voith_LowHeight_obj/Interior/Cab/Ticketer
[2026-09-22 23:05:04] Game Found texture at recursive path with extension: SP_E400MMC/Texture/reg.dds
[2026-09-22 23:05:04] Game Loading texture from path: SP_E400MMC/Texture/TicketerScreens/Screen_Delay30s.dds
[2026-09-22 23:05:04] Game Reading image from path: SP_E400MMC\Texture\TicketerScreens\Screen_Delay30s.dds
[2026-09-22 23:05:04] Game Loading texture from path: SP_E400MMC/Texture/reg.dds
[2026-09-22 23:05:04] Game Loading OBJ model from path: SP_E400MMC/Model/Converted/E400MMC_ADL_10.9m_Voith_LowHeight_obj/Interior/Cab/Ticketer/Ticketer_Screen_Delay45s.obj
[2026-09-22 23:05:04] Game Finding texture with name: TicketerScreens/Screen_Delay45s.png in root: SP_E400MMC/Model/Converted/E400MMC_ADL_10.9m_Voith_LowHeight_obj/Interior/Cab/Ticketer
[2026-09-22 23:05:04] Game Found texture at recursive path with extension: SP_E400MMC/Texture/TicketerScreens/Screen_Delay45s.dds
[2026-09-22 23:05:04] Game Finding texture with name: reg.png in root: SP_E400MMC/Model/Converted/E400MMC_ADL_10.9m_Voith_LowHeight_obj/Interior/Cab/Ticketer
[2026-09-22 23:05:04] Game Found texture at recursive path with extension: SP_E400MMC/Texture/reg.dds
[2026-09-22 23:05:04] Game Finding texture with name: reg.png in root: SP_E400MMC/Model/Converted/E400MMC_ADL_10.9m_Voith_LowHeight_obj/Interior/Cab/Ticketer
[2026-09-22 23:05:04] Game Found texture at recursive path with extension: SP_E400MMC/Texture/reg.dds
[2026-09-22 23:05:04] Game Finding texture with name: reg.png in root: SP_E400MMC/Model/Converted/E400MMC_ADL_10.9m_Voith_LowHeight_obj/Interior/Cab/Ticketer
[2026-09-22 23:05:04] Game Found texture at recursive path with extension: SP_E400MMC/Texture/reg.dds
[2026-09-22 23:05:04] Game Loading texture from path: SP_E400MMC/Texture/TicketerScreens/Screen_Delay45s.dds
[2026-09-22 23:05:04] Game Reading image from path: SP_E400MMC\Texture\TicketerScreens\Screen_Delay45s.dds
[2026-09-22 23:05:04] Game Loading texture from path: SP_E400MMC/Texture/reg.dds
[2026-09-22 23:05:04] Game Loading OBJ model from path: SP_E400MMC/Model/Converted/E400MMC_ADL_10.9m_Voith_LowHeight_obj/Interior/Cab/Ticketer/Ticketer_Screen_Delay60s.obj
[2026-09-22 23:05:04] Game Finding texture with name: TicketerScreens/Screen_Delay60s.png in root: SP_E400MMC/Model/Converted/E400MMC_ADL_10.9m_Voith_LowHeight_obj/Interior/Cab/Ticketer
[2026-09-22 23:05:04] Game Found texture at recursive path with extension: SP_E400MMC/Texture/TicketerScreens/Screen_Delay60s.dds
[2026-09-22 23:05:04] Game Finding texture with name: reg.png in root: SP_E400MMC/Model/Converted/E400MMC_ADL_10.9m_Voith_LowHeight_obj/Interior/Cab/Ticketer
[2026-09-22 23:05:04] Game Found texture at recursive path with extension: SP_E400MMC/Texture/reg.dds
[2026-09-22 23:05:04] Game Finding texture with name: reg.png in root: SP_E400MMC/Model/Converted/E400MMC_ADL_10.9m_Voith_LowHeight_obj/Interior/Cab/Ticketer
[2026-09-22 23:05:04] Game Found texture at recursive path with extension: SP_E400MMC/Texture/reg.dds
[2026-09-22 23:05:04] Game Finding texture with name: reg.png in root: SP_E400MMC/Model/Converted/E400MMC_ADL_10.9m_Voith_LowHeight_obj/Interior/Cab/Ticketer
[2026-09-22 23:05:04] Game Found texture at recursive path with extension: SP_E400MMC/Texture/reg.dds
[2026-09-22 23:05:04] Game Loading texture from path: SP_E400MMC/Texture/TicketerScreens/Screen_Delay60s.dds
[2026-09-22 23:05:04] Game Reading image from path: SP_E400MMC\Texture\TicketerScreens\Screen_Delay60s.dds
[2026-09-22 23:05:04] Game Loading texture from path: SP_E400MMC/Texture/reg.dds
[2026-09-22 23:05:04] Game Loading OBJ model from path: SP_E400MMC/Model/Converted/E400MMC_ADL_10.9m_Voith_LowHeight_obj/Interior/Cab/Ticketer/Ticketer_Screen_Delay60s.obj
[2026-09-22 23:05:04] Game Finding texture with name: TicketerScreens/Screen_Delay60s.png in root: SP_E400MMC/Model/Converted/E400MMC_ADL_10.9m_Voith_LowHeight_obj/Interior/Cab/Ticketer
[2026-09-22 23:05:04] Game Found texture at recursive path with extension: SP_E400MMC/Texture/TicketerScreens/Screen_Delay60s.dds
[2026-09-22 23:05:04] Game Finding texture with name: reg.png in root: SP_E400MMC/Model/Converted/E400MMC_ADL_10.9m_Voith_LowHeight_obj/Interior/Cab/Ticketer
[2026-09-22 23:05:04] Game Found texture at recursive path with extension: SP_E400MMC/Texture/reg.dds
[2026-09-22 23:05:04] Game Finding texture with name: reg.png in root: SP_E400MMC/Model/Converted/E400MMC_ADL_10.9m_Voith_LowHeight_obj/Interior/Cab/Ticketer
[2026-09-22 23:05:04] Game Found texture at recursive path with extension: SP_E400MMC/Texture/reg.dds
[2026-09-22 23:05:04] Game Finding texture with name: reg.png in root: SP_E400MMC/Model/Converted/E400MMC_ADL_10.9m_Voith_LowHeight_obj/Interior/Cab/Ticketer
[2026-09-22 23:05:04] Game Found texture at recursive path with extension: SP_E400MMC/Texture/reg.dds
[2026-09-22 23:05:04] Game Loading texture from path: SP_E400MMC/Texture/TicketerScreens/Screen_Delay60s.dds
[2026-09-22 23:05:04] Game Loading texture from path: SP_E400MMC/Texture/reg.dds
[2026-09-22 23:05:04] Game Loading OBJ model from path: SP_E400MMC/Model/Converted/E400MMC_ADL_10.9m_Voith_LowHeight_obj/Interior/Cab/Ticketer/Ticketer_Screen_Delay15s.obj
[2026-09-22 23:05:04] Game Finding texture with name: TicketerScreens/Screen_Delay15s.png in root: SP_E400MMC/Model/Converted/E400MMC_ADL_10.9m_Voith_LowHeight_obj/Interior/Cab/Ticketer
[2026-09-22 23:05:04] Game Found texture at recursive path with extension: SP_E400MMC/Texture/TicketerScreens/Screen_Delay15s.dds
[2026-09-22 23:05:04] Game Finding texture with name: reg.png in root: SP_E400MMC/Model/Converted/E400MMC_ADL_10.9m_Voith_LowHeight_obj/Interior/Cab/Ticketer
[2026-09-22 23:05:04] Game Found texture at recursive path with extension: SP_E400MMC/Texture/reg.dds
[2026-09-22 23:05:04] Game Finding texture with name: reg.png in root: SP_E400MMC/Model/Converted/E400MMC_ADL_10.9m_Voith_LowHeight_obj/Interior/Cab/Ticketer
[2026-09-22 23:05:04] Game Found texture at recursive path with extension: SP_E400MMC/Texture/reg.dds
[2026-09-22 23:05:04] Game Finding texture with name: reg.png in root: SP_E400MMC/Model/Converted/E400MMC_ADL_10.9m_Voith_LowHeight_obj/Interior/Cab/Ticketer
[2026-09-22 23:05:04] Game Found texture at recursive path with extension: SP_E400MMC/Texture/reg.dds
[2026-09-22 23:05:04] Game Loading texture from path: SP_E400MMC/Texture/TicketerScreens/Screen_Delay15s.dds
[2026-09-22 23:05:04] Game Loading texture from path: SP_E400MMC/Texture/reg.dds
[2026-09-22 23:05:04] Game Loading OBJ model from path: SP_E400MMC/Model/Converted/E400MMC_ADL_10.9m_Voith_LowHeight_obj/Interior/Cab/Ticketer/Ticketer_Screen_Delay30s.obj
[2026-09-22 23:05:04] Game Finding texture with name: TicketerScreens/Screen_Delay30s.png in root: SP_E400MMC/Model/Converted/E400MMC_ADL_10.9m_Voith_LowHeight_obj/Interior/Cab/Ticketer
[2026-09-22 23:05:04] Game Found texture at recursive path with extension: SP_E400MMC/Texture/TicketerScreens/Screen_Delay30s.dds
[2026-09-22 23:05:04] Game Finding texture with name: reg.png in root: SP_E400MMC/Model/Converted/E400MMC_ADL_10.9m_Voith_LowHeight_obj/Interior/Cab/Ticketer
[2026-09-22 23:05:04] Game Found texture at recursive path with extension: SP_E400MMC/Texture/reg.dds
[2026-09-22 23:05:04] Game Finding texture with name: reg.png in root: SP_E400MMC/Model/Converted/E400MMC_ADL_10.9m_Voith_LowHeight_obj/Interior/Cab/Ticketer
[2026-09-22 23:05:04] Game Found texture at recursive path with extension: SP_E400MMC/Texture/reg.dds
[2026-09-22 23:05:04] Game Finding texture with name: reg.png in root: SP_E400MMC/Model/Converted/E400MMC_ADL_10.9m_Voith_LowHeight_obj/Interior/Cab/Ticketer
[2026-09-22 23:05:04] Game Found texture at recursive path with extension: SP_E400MMC/Texture/reg.dds
[2026-09-22 23:05:04] Game Loading texture from path: SP_E400MMC/Texture/TicketerScreens/Screen_Delay30s.dds
[2026-09-22 23:05:04] Game Loading texture from path: SP_E400MMC/Texture/reg.dds
[2026-09-22 23:05:04] Game Loading OBJ model from path: SP_E400MMC/Model/Converted/E400MMC_ADL_10.9m_Voith_LowHeight_obj/Interior/Cab/Ticketer/Ticketer_Screen_Delay45s.obj
[2026-09-22 23:05:04] Game Finding texture with name: TicketerScreens/Screen_Delay45s.png in root: SP_E400MMC/Model/Converted/E400MMC_ADL_10.9m_Voith_LowHeight_obj/Interior/Cab/Ticketer
[2026-09-22 23:05:04] Game Found texture at recursive path with extension: SP_E400MMC/Texture/TicketerScreens/Screen_Delay45s.dds
[2026-09-22 23:05:04] Game Finding texture with name: reg.png in root: SP_E400MMC/Model/Converted/E400MMC_ADL_10.9m_Voith_LowHeight_obj/Interior/Cab/Ticketer
[2026-09-22 23:05:04] Game Found texture at recursive path with extension: SP_E400MMC/Texture/reg.dds
[2026-09-22 23:05:04] Game Finding texture with name: reg.png in root: SP_E400MMC/Model/Converted/E400MMC_ADL_10.9m_Voith_LowHeight_obj/Interior/Cab/Ticketer
[2026-09-22 23:05:04] Game Found texture at recursive path with extension: SP_E400MMC/Texture/reg.dds
[2026-09-22 23:05:04] Game Finding texture with name: reg.png in root: SP_E400MMC/Model/Converted/E400MMC_ADL_10.9m_Voith_LowHeight_obj/Interior/Cab/Ticketer
[2026-09-22 23:05:04] Game Found texture at recursive path with extension: SP_E400MMC/Texture/reg.dds
[2026-09-22 23:05:04] Game Loading texture from path: SP_E400MMC/Texture/TicketerScreens/Screen_Delay45s.dds
[2026-09-22 23:05:04] Game Loading texture from path: SP_E400MMC/Texture/reg.dds
[2026-09-22 23:05:04] Game Loading OBJ model from path: SP_E400MMC/Model/Converted/E400MMC_ADL_10.9m_Voith_LowHeight_obj/Interior/Cab/Ticketer/Ticketer_Screen_Delay60s.obj
[2026-09-22 23:05:04] Game Finding texture with name: TicketerScreens/Screen_Delay60s.png in root: SP_E400MMC/Model/Converted/E400MMC_ADL_10.9m_Voith_LowHeight_obj/Interior/Cab/Ticketer
[2026-09-22 23:05:04] Game Found texture at recursive path with extension: SP_E400MMC/Texture/TicketerScreens/Screen_Delay60s.dds
[2026-09-22 23:05:04] Game Finding texture with name: reg.png in root: SP_E400MMC/Model/Converted/E400MMC_ADL_10.9m_Voith_LowHeight_obj/Interior/Cab/Ticketer
[2026-09-22 23:05:04] Game Found texture at recursive path with extension: SP_E400MMC/Texture/reg.dds
[2026-09-22 23:05:04] Game Finding texture with name: reg.png in root: SP_E400MMC/Model/Converted/E400MMC_ADL_10.9m_Voith_LowHeight_obj/Interior/Cab/Ticketer
[2026-09-22 23:05:04] Game Found texture at recursive path with extension: SP_E400MMC/Texture/reg.dds
[2026-09-22 23:05:04] Game Finding texture with name: reg.png in root: SP_E400MMC/Model/Converted/E400MMC_ADL_10.9m_Voith_LowHeight_obj/Interior/Cab/Ticketer
[2026-09-22 23:05:04] Game Found texture at recursive path with extension: SP_E400MMC/Texture/reg.dds
[2026-09-22 23:05:04] Game Loading texture from path: SP_E400MMC/Texture/TicketerScreens/Screen_Delay60s.dds
[2026-09-22 23:05:04] Game Loading texture from path: SP_E400MMC/Texture/reg.dds
[2026-09-22 23:05:04] Game Loading OBJ model from path: SP_E400MMC/Model/Converted/E400MMC_ADL_10.9m_Voith_LowHeight_obj/Interior/Cab/Ticketer/Ticketer_Screen_Delay60s.obj
[2026-09-22 23:05:04] Game Finding texture with name: TicketerScreens/Screen_Delay60s.png in root: SP_E400MMC/Model/Converted/E400MMC_ADL_10.9m_Voith_LowHeight_obj/Interior/Cab/Ticketer
[2026-09-22 23:05:04] Game Found texture at recursive path with extension: SP_E400MMC/Texture/TicketerScreens/Screen_Delay60s.dds
[2026-09-22 23:05:04] Game Finding texture with name: reg.png in root: SP_E400MMC/Model/Converted/E400MMC_ADL_10.9m_Voith_LowHeight_obj/Interior/Cab/Ticketer
[2026-09-22 23:05:04] Game Found texture at recursive path with extension: SP_E400MMC/Texture/reg.dds
[2026-09-22 23:05:04] Game Finding texture with name: reg.png in root: SP_E400MMC/Model/Converted/E400MMC_ADL_10.9m_Voith_LowHeight_obj/Interior/Cab/Ticketer
[2026-09-22 23:05:04] Game Found texture at recursive path with extension: SP_E400MMC/Texture/reg.dds
[2026-09-22 23:05:04] Game Finding texture with name: reg.png in root: SP_E400MMC/Model/Converted/E400MMC_ADL_10.9m_Voith_LowHeight_obj/Interior/Cab/Ticketer
[2026-09-22 23:05:04] Game Found texture at recursive path with extension: SP_E400MMC/Texture/reg.dds
[2026-09-22 23:05:04] Game Loading texture from path: SP_E400MMC/Texture/TicketerScreens/Screen_Delay60s.dds
[2026-09-22 23:05:04] Game Loading texture from path: SP_E400MMC/Texture/reg.dds
[2026-09-22 23:05:04] Game Loading OBJ model from path: SP_E400MMC/Model/Converted/E400MMC_ADL_10.9m_Voith_LowHeight_obj/Interior/Cab/Ticketer/Ticketer_Miniscreen.obj
[2026-09-22 23:05:04] Game Finding texture with name: Ticketer_MiniScreen_Backing.png in root: SP_E400MMC/Model/Converted/E400MMC_ADL_10.9m_Voith_LowHeight_obj/Interior/Cab/Ticketer
[2026-09-22 23:05:04] Game Found texture at recursive path with extension: SP_E400MMC/Texture/Ticketer_MiniScreen_Backing.dds
[2026-09-22 23:05:04] Game Loading texture from path: SP_E400MMC/Texture/Ticketer_MiniScreen_Backing.dds
[2026-09-22 23:05:04] Game Reading image from path: SP_E400MMC\Texture\Ticketer_MiniScreen_Backing.dds
[2026-09-22 23:05:04] Game Loading OBJ model from path: SP_E400MMC/Model/Converted/E400MMC_ADL_10.9m_Voith_LowHeight_obj/Interior/Cab/Ticketer/Ticketer_Miniscreen_TT_1.obj
[2026-09-22 23:05:04] Game Finding texture with name: reg.png in root: SP_E400MMC/Model/Converted/E400MMC_ADL_10.9m_Voith_LowHeight_obj/Interior/Cab/Ticketer
[2026-09-22 23:05:04] Game Found texture at recursive path with extension: SP_E400MMC/Texture/reg.dds
[2026-09-22 23:05:04] Game Loading texture from path: SP_E400MMC/Texture/reg.dds
[2026-09-22 23:05:04] Game Loading OBJ model from path: SP_E400MMC/Model/Converted/E400MMC_ADL_10.9m_Voith_LowHeight_obj/Interior/Cab/Ticketer/Ticketer_Miniscreen_TT_2.obj
[2026-09-22 23:05:04] Game Finding texture with name: reg.png in root: SP_E400MMC/Model/Converted/E400MMC_ADL_10.9m_Voith_LowHeight_obj/Interior/Cab/Ticketer
[2026-09-22 23:05:04] Game Found texture at recursive path with extension: SP_E400MMC/Texture/reg.dds
[2026-09-22 23:05:04] Game Loading texture from path: SP_E400MMC/Texture/reg.dds
[2026-09-22 23:05:04] Game Loading OBJ model from path: SP_E400MMC/Model/Converted/E400MMC_ADL_10.9m_Voith_LowHeight_obj/Interior/Cab/Ticketer/Ticketer_Miniscreen_TT_3.obj
[2026-09-22 23:05:04] Game Finding texture with name: reg.png in root: SP_E400MMC/Model/Converted/E400MMC_ADL_10.9m_Voith_LowHeight_obj/Interior/Cab/Ticketer
[2026-09-22 23:05:04] Game Found texture at recursive path with extension: SP_E400MMC/Texture/reg.dds
[2026-09-22 23:05:04] Game Loading texture from path: SP_E400MMC/Texture/reg.dds
[2026-09-22 23:05:04] Game Loading OBJ model from path: SP_E400MMC/Model/Converted/E400MMC_ADL_10.9m_Voith_LowHeight_obj/Interior/Cab/Ticketer/Ticketer_Miniscreen_TT_4.obj
[2026-09-22 23:05:04] Game Finding texture with name: reg.png in root: SP_E400MMC/Model/Converted/E400MMC_ADL_10.9m_Voith_LowHeight_obj/Interior/Cab/Ticketer
[2026-09-22 23:05:04] Game Found texture at recursive path with extension: SP_E400MMC/Texture/reg.dds
[2026-09-22 23:05:04] Game Loading texture from path: SP_E400MMC/Texture/reg.dds
[2026-09-22 23:05:04] Game Loading OBJ model from path: SP_E400MMC/Model/Converted/E400MMC_ADL_10.9m_Voith_LowHeight_obj/Interior/Cab/Ticketer/Ticketer_LogonCard.obj
[2026-09-22 23:05:04] Game Finding texture with name: Ticketer_ITSOCard.png in root: SP_E400MMC/Model/Converted/E400MMC_ADL_10.9m_Voith_LowHeight_obj/Interior/Cab/Ticketer
[2026-09-22 23:05:04] Game Found texture at recursive path with extension: SP_E400MMC/Texture/Ticketer_ITSOCard.dds
[2026-09-22 23:05:04] Game Loading texture from path: SP_E400MMC/Texture/Ticketer_ITSOCard.dds
[2026-09-22 23:05:04] Game Reading image from path: SP_E400MMC\Texture\Ticketer_ITSOCard.dds
[2026-09-22 23:05:04] Game Loading OBJ model from path: SP_E400MMC/Model/Converted/E400MMC_ADL_10.9m_Voith_LowHeight_obj/Interior/Cab/Ticketer/Ticketer_LogonCard_Stored.obj
[2026-09-22 23:05:04] Game Finding texture with name: Ticketer_ITSOCard.png in root: SP_E400MMC/Model/Converted/E400MMC_ADL_10.9m_Voith_LowHeight_obj/Interior/Cab/Ticketer
[2026-09-22 23:05:04] Game Found texture at recursive path with extension: SP_E400MMC/Texture/Ticketer_ITSOCard.dds
[2026-09-22 23:05:04] Game Loading texture from path: SP_E400MMC/Texture/Ticketer_ITSOCard.dds
[2026-09-22 23:05:04] Game Loading OBJ model from path: SP_E400MMC/Model/Converted/E400MMC_ADL_10.9m_Voith_LowHeight_obj/Interior/Cab/Ticketer/Ticketer_DutyTotalsTicket.obj
[2026-09-22 23:05:04] Game Finding texture with name: Ticketer_DutyTotalsTicket.png in root: SP_E400MMC/Model/Converted/E400MMC_ADL_10.9m_Voith_LowHeight_obj/Interior/Cab/Ticketer
[2026-09-22 23:05:04] Game Found texture at recursive path with extension: SP_E400MMC/Texture/Ticketer_DutyTotalsTicket.dds
[2026-09-22 23:05:04] Game Loading texture from path: SP_E400MMC/Texture/Ticketer_DutyTotalsTicket.dds
[2026-09-22 23:05:04] Game Reading image from path: SP_E400MMC\Texture\Ticketer_DutyTotalsTicket.dds
[2026-09-22 23:05:04] Game Loading OBJ model from path: SP_E400MMC/Model/Converted/E400MMC_ADL_10.9m_Voith_LowHeight_obj/Interior/Cab/Ticketer/Ticketer_DutyTotalsTicket_Stored.obj
[2026-09-22 23:05:04] Game Finding texture with name: Ticketer_DutyTotalsTicket.png in root: SP_E400MMC/Model/Converted/E400MMC_ADL_10.9m_Voith_LowHeight_obj/Interior/Cab/Ticketer
[2026-09-22 23:05:04] Game Found texture at recursive path with extension: SP_E400MMC/Texture/Ticketer_DutyTotalsTicket.dds
[2026-09-22 23:05:04] Game Loading texture from path: SP_E400MMC/Texture/Ticketer_DutyTotalsTicket.dds
[2026-09-22 23:05:04] Game Loading OBJ model from path: SP_E400MMC/Model/Converted/E400MMC_ADL_10.9m_Voith_LowHeight_obj/Interior/Cab/Ticketer/Ticketer_TOTO.obj
[2026-09-22 23:05:04] Game Finding texture with name: Ticketer_TOTO.png in root: SP_E400MMC/Model/Converted/E400MMC_ADL_10.9m_Voith_LowHeight_obj/Interior/Cab/Ticketer
[2026-09-22 23:05:04] Game Found texture at recursive path with extension: SP_E400MMC/Texture/Ticketer_TOTO.dds
[2026-09-22 23:05:04] Game Finding texture with name: Ticketer_TOTO.png in root: SP_E400MMC/Model/Converted/E400MMC_ADL_10.9m_Voith_LowHeight_obj/Interior/Cab/Ticketer
[2026-09-22 23:05:04] Game Found texture at recursive path with extension: SP_E400MMC/Texture/Ticketer_TOTO.dds
[2026-09-22 23:05:04] Game Finding texture with name: Ticketer_TOTO.png in root: SP_E400MMC/Model/Converted/E400MMC_ADL_10.9m_Voith_LowHeight_obj/Interior/Cab/Ticketer
[2026-09-22 23:05:04] Game Found texture at recursive path with extension: SP_E400MMC/Texture/Ticketer_TOTO.dds
[2026-09-22 23:05:04] Game Finding texture with name: Ticketer_TOTO.png in root: SP_E400MMC/Model/Converted/E400MMC_ADL_10.9m_Voith_LowHeight_obj/Interior/Cab/Ticketer
[2026-09-22 23:05:04] Game Found texture at recursive path with extension: SP_E400MMC/Texture/Ticketer_TOTO.dds
[2026-09-22 23:05:04] Game Finding texture with name: Ticketer_TOTO.png in root: SP_E400MMC/Model/Converted/E400MMC_ADL_10.9m_Voith_LowHeight_obj/Interior/Cab/Ticketer
[2026-09-22 23:05:04] Game Found texture at recursive path with extension: SP_E400MMC/Texture/Ticketer_TOTO.dds
[2026-09-22 23:05:04] Game Loading texture from path: SP_E400MMC/Texture/Ticketer_TOTO.dds
[2026-09-22 23:05:04] Game Reading image from path: SP_E400MMC\Texture\Ticketer_TOTO.dds
[2026-09-22 23:05:04] Game Loading OBJ model from path: SP_E400MMC/Model/Converted/E400MMC_ADL_10.9m_Voith_LowHeight_obj/Interior/Cab/Ticketer/Ticketer_TOTO_Miniscreen.obj
[2026-09-22 23:05:04] Game Finding texture with name: Ticketer_MiniScreen_Backing.png in root: SP_E400MMC/Model/Converted/E400MMC_ADL_10.9m_Voith_LowHeight_obj/Interior/Cab/Ticketer
[2026-09-22 23:05:04] Game Found texture at recursive path with extension: SP_E400MMC/Texture/Ticketer_MiniScreen_Backing.dds
[2026-09-22 23:05:04] Game Loading texture from path: SP_E400MMC/Texture/Ticketer_MiniScreen_Backing.dds
[2026-09-22 23:05:04] Game Loading OBJ model from path: SP_E400MMC/Model/Converted/E400MMC_ADL_10.9m_Voith_LowHeight_obj/Interior/Cab/Ticketer/Ticketer_TOTO_Miniscreen_TT_1.obj
[2026-09-22 23:05:04] Game Finding texture with name: reg.png in root: SP_E400MMC/Model/Converted/E400MMC_ADL_10.9m_Voith_LowHeight_obj/Interior/Cab/Ticketer
[2026-09-22 23:05:04] Game Found texture at recursive path with extension: SP_E400MMC/Texture/reg.dds
[2026-09-22 23:05:04] Game Loading texture from path: SP_E400MMC/Texture/reg.dds
[2026-09-22 23:05:04] Game Loading OBJ model from path: SP_E400MMC/Model/Converted/E400MMC_ADL_10.9m_Voith_LowHeight_obj/Interior/Cab/Ticketer/Ticketer_TOTO_Miniscreen_TT_2.obj
[2026-09-22 23:05:04] Game Finding texture with name: reg.png in root: SP_E400MMC/Model/Converted/E400MMC_ADL_10.9m_Voith_LowHeight_obj/Interior/Cab/Ticketer
[2026-09-22 23:05:04] Game Found texture at recursive path with extension: SP_E400MMC/Texture/reg.dds
[2026-09-22 23:05:04] Game Loading texture from path: SP_E400MMC/Texture/reg.dds
[2026-09-22 23:05:04] Game Loading OBJ model from path: SP_E400MMC/Model/Converted/E400MMC_ADL_10.9m_Voith_LowHeight_obj/Interior/Cab/Ticketer/Ticketer_TOTO_BankCard.obj
[2026-09-22 23:05:04] Game Finding texture with name: Ticketer_BankCard.png in root: SP_E400MMC/Model/Converted/E400MMC_ADL_10.9m_Voith_LowHeight_obj/Interior/Cab/Ticketer
[2026-09-22 23:05:04] Game Found texture at recursive path with extension: SP_E400MMC/Texture/Ticketer_BankCard.dds
[2026-09-22 23:05:04] Game Loading texture from path: SP_E400MMC/Texture/Ticketer_BankCard.dds
[2026-09-22 23:05:04] Game Reading image from path: SP_E400MMC\Texture\Ticketer_BankCard.dds
[2026-09-22 23:05:04] Game Loading OBJ model from path: SP_E400MMC/Model/Converted/E400MMC_ADL_10.9m_Voith_LowHeight_obj/Interior/Cab/E4_PostIt_Ticketer.obj
[2026-09-22 23:05:04] Game Finding texture with name: E4_Cab_Misc.png in root: SP_E400MMC/Model/Converted/E400MMC_ADL_10.9m_Voith_LowHeight_obj/Interior/Cab
[2026-09-22 23:05:04] Game Found texture at recursive path with extension: SP_E400MMC/Texture/E4_Cab_Misc.dds
[2026-09-22 23:05:04] Game Loading texture from path: SP_E400MMC/Texture/E4_Cab_Misc.dds
[2026-09-22 23:05:04] Game Loading OBJ model from path: SP_E400MMC/Model/Converted/E400MMC_ADL_10.9m_Voith_LowHeight_obj/Interior/Cab/RIBAS/E4_RIBAS_Unit.obj
[2026-09-22 23:05:04] Game Finding texture with name: RIBAS/E4_RIBAS.png in root: SP_E400MMC/Model/Converted/E400MMC_ADL_10.9m_Voith_LowHeight_obj/Interior/Cab/RIBAS
[2026-09-22 23:05:04] Game Found texture at recursive path with extension: SP_E400MMC/Texture/RIBAS/E4_RIBAS.dds
[2026-09-22 23:05:04] Game Finding texture with name: RIBAS/E4_RIBAS.png in root: SP_E400MMC/Model/Converted/E400MMC_ADL_10.9m_Voith_LowHeight_obj/Interior/Cab/RIBAS
[2026-09-22 23:05:04] Game Found texture at recursive path with extension: SP_E400MMC/Texture/RIBAS/E4_RIBAS.dds
[2026-09-22 23:05:04] Game Finding texture with name: RIBAS/E4_RIBAS.png in root: SP_E400MMC/Model/Converted/E400MMC_ADL_10.9m_Voith_LowHeight_obj/Interior/Cab/RIBAS
[2026-09-22 23:05:04] Game Found texture at recursive path with extension: SP_E400MMC/Texture/RIBAS/E4_RIBAS.dds
[2026-09-22 23:05:04] Game Finding texture with name: RIBAS/E4_RIBAS.png in root: SP_E400MMC/Model/Converted/E400MMC_ADL_10.9m_Voith_LowHeight_obj/Interior/Cab/RIBAS
[2026-09-22 23:05:04] Game Found texture at recursive path with extension: SP_E400MMC/Texture/RIBAS/E4_RIBAS.dds
[2026-09-22 23:05:04] Game Finding texture with name: RIBAS/E4_RIBAS.png in root: SP_E400MMC/Model/Converted/E400MMC_ADL_10.9m_Voith_LowHeight_obj/Interior/Cab/RIBAS
[2026-09-22 23:05:04] Game Found texture at recursive path with extension: SP_E400MMC/Texture/RIBAS/E4_RIBAS.dds
[2026-09-22 23:05:04] Game Finding texture with name: RIBAS/E4_RIBAS.png in root: SP_E400MMC/Model/Converted/E400MMC_ADL_10.9m_Voith_LowHeight_obj/Interior/Cab/RIBAS
[2026-09-22 23:05:04] Game Found texture at recursive path with extension: SP_E400MMC/Texture/RIBAS/E4_RIBAS.dds
[2026-09-22 23:05:04] Game Loading texture from path: SP_E400MMC/Texture/RIBAS/E4_RIBAS.dds
[2026-09-22 23:05:04] Game Reading image from path: SP_E400MMC\Texture\RIBAS\E4_RIBAS.dds
[2026-09-22 23:05:04] Game Loading OBJ model from path: SP_E400MMC/Model/Converted/E400MMC_ADL_10.9m_Voith_LowHeight_obj/Interior/Cab/RIBAS/E4_RIBAS_1.obj
[2026-09-22 23:05:04] Game Finding texture with name: RIBAS/E4_RIBAS.png in root: SP_E400MMC/Model/Converted/E400MMC_ADL_10.9m_Voith_LowHeight_obj/Interior/Cab/RIBAS
[2026-09-22 23:05:04] Game Found texture at recursive path with extension: SP_E400MMC/Texture/RIBAS/E4_RIBAS.dds
[2026-09-22 23:05:04] Game Loading texture from path: SP_E400MMC/Texture/RIBAS/E4_RIBAS.dds
[2026-09-22 23:05:04] Game Loading OBJ model from path: SP_E400MMC/Model/Converted/E400MMC_ADL_10.9m_Voith_LowHeight_obj/Interior/Cab/RIBAS/E4_RIBAS_2.obj
[2026-09-22 23:05:04] Game Finding texture with name: RIBAS/E4_RIBAS.png in root: SP_E400MMC/Model/Converted/E400MMC_ADL_10.9m_Voith_LowHeight_obj/Interior/Cab/RIBAS
[2026-09-22 23:05:04] Game Found texture at recursive path with extension: SP_E400MMC/Texture/RIBAS/E4_RIBAS.dds
[2026-09-22 23:05:04] Game Loading texture from path: SP_E400MMC/Texture/RIBAS/E4_RIBAS.dds
[2026-09-22 23:05:04] Game Loading OBJ model from path: SP_E400MMC/Model/Converted/E400MMC_ADL_10.9m_Voith_LowHeight_obj/Interior/Cab/RIBAS/E4_RIBAS_3.obj
[2026-09-22 23:05:04] Game Finding texture with name: RIBAS/E4_RIBAS.png in root: SP_E400MMC/Model/Converted/E400MMC_ADL_10.9m_Voith_LowHeight_obj/Interior/Cab/RIBAS
[2026-09-22 23:05:04] Game Found texture at recursive path with extension: SP_E400MMC/Texture/RIBAS/E4_RIBAS.dds
[2026-09-22 23:05:04] Game Loading texture from path: SP_E400MMC/Texture/RIBAS/E4_RIBAS.dds
[2026-09-22 23:05:04] Game Loading OBJ model from path: SP_E400MMC/Model/Converted/E400MMC_ADL_10.9m_Voith_LowHeight_obj/Interior/Cab/RIBAS/E4_RIBAS_4.obj
[2026-09-22 23:05:04] Game Finding texture with name: RIBAS/E4_RIBAS.png in root: SP_E400MMC/Model/Converted/E400MMC_ADL_10.9m_Voith_LowHeight_obj/Interior/Cab/RIBAS
[2026-09-22 23:05:04] Game Found texture at recursive path with extension: SP_E400MMC/Texture/RIBAS/E4_RIBAS.dds
[2026-09-22 23:05:04] Game Loading texture from path: SP_E400MMC/Texture/RIBAS/E4_RIBAS.dds
[2026-09-22 23:05:04] Game Loading OBJ model from path: SP_E400MMC/Model/Converted/E400MMC_ADL_10.9m_Voith_LowHeight_obj/Interior/Cab/RIBAS/E4_RIBAS_5.obj
[2026-09-22 23:05:04] Game Finding texture with name: RIBAS/E4_RIBAS.png in root: SP_E400MMC/Model/Converted/E400MMC_ADL_10.9m_Voith_LowHeight_obj/Interior/Cab/RIBAS
[2026-09-22 23:05:04] Game Found texture at recursive path with extension: SP_E400MMC/Texture/RIBAS/E4_RIBAS.dds
[2026-09-22 23:05:04] Game Loading texture from path: SP_E400MMC/Texture/RIBAS/E4_RIBAS.dds
[2026-09-22 23:05:04] Game Loading OBJ model from path: SP_E400MMC/Model/Converted/E400MMC_ADL_10.9m_Voith_LowHeight_obj/Interior/Cab/RIBAS/E4_RIBAS_1.obj
[2026-09-22 23:05:04] Game Finding texture with name: RIBAS/E4_RIBAS.png in root: SP_E400MMC/Model/Converted/E400MMC_ADL_10.9m_Voith_LowHeight_obj/Interior/Cab/RIBAS
[2026-09-22 23:05:04] Game Found texture at recursive path with extension: SP_E400MMC/Texture/RIBAS/E4_RIBAS.dds
[2026-09-22 23:05:04] Game Loading texture from path: SP_E400MMC/Texture/RIBAS/E4_RIBAS.dds
[2026-09-22 23:05:04] Game Loading OBJ model from path: SP_E400MMC/Model/Converted/E400MMC_ADL_10.9m_Voith_LowHeight_obj/Interior/Cab/RIBAS/E4_RIBAS_2.obj
[2026-09-22 23:05:04] Game Finding texture with name: RIBAS/E4_RIBAS.png in root: SP_E400MMC/Model/Converted/E400MMC_ADL_10.9m_Voith_LowHeight_obj/Interior/Cab/RIBAS
[2026-09-22 23:05:04] Game Found texture at recursive path with extension: SP_E400MMC/Texture/RIBAS/E4_RIBAS.dds
[2026-09-22 23:05:04] Game Loading texture from path: SP_E400MMC/Texture/RIBAS/E4_RIBAS.dds
[2026-09-22 23:05:04] Game Loading OBJ model from path: SP_E400MMC/Model/Converted/E400MMC_ADL_10.9m_Voith_LowHeight_obj/Interior/Cab/RIBAS/E4_RIBAS_3.obj
[2026-09-22 23:05:04] Game Finding texture with name: RIBAS/E4_RIBAS.png in root: SP_E400MMC/Model/Converted/E400MMC_ADL_10.9m_Voith_LowHeight_obj/Interior/Cab/RIBAS
[2026-09-22 23:05:04] Game Found texture at recursive path with extension: SP_E400MMC/Texture/RIBAS/E4_RIBAS.dds
[2026-09-22 23:05:04] Game Loading texture from path: SP_E400MMC/Texture/RIBAS/E4_RIBAS.dds
[2026-09-22 23:05:04] Game Loading OBJ model from path: SP_E400MMC/Model/Converted/E400MMC_ADL_10.9m_Voith_LowHeight_obj/Interior/Cab/RIBAS/E4_RIBAS_4.obj
[2026-09-22 23:05:04] Game Finding texture with name: RIBAS/E4_RIBAS.png in root: SP_E400MMC/Model/Converted/E400MMC_ADL_10.9m_Voith_LowHeight_obj/Interior/Cab/RIBAS
[2026-09-22 23:05:04] Game Found texture at recursive path with extension: SP_E400MMC/Texture/RIBAS/E4_RIBAS.dds
[2026-09-22 23:05:04] Game Loading texture from path: SP_E400MMC/Texture/RIBAS/E4_RIBAS.dds
[2026-09-22 23:05:04] Game Loading OBJ model from path: SP_E400MMC/Model/Converted/E400MMC_ADL_10.9m_Voith_LowHeight_obj/Interior/Cab/RIBAS/E4_RIBAS_5.obj
[2026-09-22 23:05:04] Game Finding texture with name: RIBAS/E4_RIBAS.png in root: SP_E400MMC/Model/Converted/E400MMC_ADL_10.9m_Voith_LowHeight_obj/Interior/Cab/RIBAS
[2026-09-22 23:05:04] Game Found texture at recursive path with extension: SP_E400MMC/Texture/RIBAS/E4_RIBAS.dds
[2026-09-22 23:05:04] Game Loading texture from path: SP_E400MMC/Texture/RIBAS/E4_RIBAS.dds
[2026-09-22 23:05:04] Game Loading OBJ model from path: SP_E400MMC/Model/Converted/E400MMC_ADL_10.9m_Voith_LowHeight_obj/Doors/E4_Door_Static.obj
[2026-09-22 23:05:04] Game Finding texture with name: E4_Doors.png in root: SP_E400MMC/Model/Converted/E400MMC_ADL_10.9m_Voith_LowHeight_obj/Doors
[2026-09-22 23:05:04] Game Found texture at recursive path with extension: SP_E400MMC/Texture/E4_Doors.dds
[2026-09-22 23:05:04] Game Loading texture from path: SP_E400MMC/Texture/E4_Doors.dds
[2026-09-22 23:05:04] Game Reading image from path: SP_E400MMC\Texture\E4_Doors.dds
[2026-09-22 23:05:04] Game Loading OBJ model from path: SP_E400MMC/Model/Converted/E400MMC_ADL_10.9m_Voith_LowHeight_obj/Doors/E4_DoorL.obj
[2026-09-22 23:05:04] Game Finding texture with name: E4_Doors.png in root: SP_E400MMC/Model/Converted/E400MMC_ADL_10.9m_Voith_LowHeight_obj/Doors
[2026-09-22 23:05:04] Game Found texture at recursive path with extension: SP_E400MMC/Texture/E4_Doors.dds
[2026-09-22 23:05:04] Game Finding texture with name: E4_Interior_Poles.png in root: SP_E400MMC/Model/Converted/E400MMC_ADL_10.9m_Voith_LowHeight_obj/Doors
[2026-09-22 23:05:04] Game Found texture at recursive path with extension: SP_E400MMC/Texture/E4_Interior_Poles.dds
[2026-09-22 23:05:04] Game Finding texture with name: Glass.png in root: SP_E400MMC/Model/Converted/E400MMC_ADL_10.9m_Voith_LowHeight_obj/Doors
[2026-09-22 23:05:04] Game Found texture at recursive path with extension: SP_E400MMC/Texture/Glass.dds
[2026-09-22 23:05:04] Game Loading texture from path: SP_E400MMC/Texture/E4_Interior_Poles.dds
[2026-09-22 23:05:04] Game Loading OBJ model from path: SP_E400MMC/Model/Converted/E400MMC_ADL_10.9m_Voith_LowHeight_obj/Doors/E4_DoorR.obj
[2026-09-22 23:05:04] Game Finding texture with name: E4_Doors.png in root: SP_E400MMC/Model/Converted/E400MMC_ADL_10.9m_Voith_LowHeight_obj/Doors
[2026-09-22 23:05:04] Game Found texture at recursive path with extension: SP_E400MMC/Texture/E4_Doors.dds
[2026-09-22 23:05:04] Game Finding texture with name: E4_Interior_Poles.png in root: SP_E400MMC/Model/Converted/E400MMC_ADL_10.9m_Voith_LowHeight_obj/Doors
[2026-09-22 23:05:04] Game Found texture at recursive path with extension: SP_E400MMC/Texture/E4_Interior_Poles.dds
[2026-09-22 23:05:04] Game Finding texture with name: Glass.png in root: SP_E400MMC/Model/Converted/E400MMC_ADL_10.9m_Voith_LowHeight_obj/Doors
[2026-09-22 23:05:04] Game Found texture at recursive path with extension: SP_E400MMC/Texture/Glass.dds
[2026-09-22 23:05:04] Game Loading texture from path: SP_E400MMC/Texture/E4_Interior_Poles.dds
[2026-09-22 23:05:04] Game Loading OBJ model from path: SP_E400MMC/Model/Converted/E400MMC_ADL_10.9m_Voith_LowHeight_obj/Doors/E4_DoorL_Flap.obj
[2026-09-22 23:05:04] Game Finding texture with name: E4_Doors.png in root: SP_E400MMC/Model/Converted/E400MMC_ADL_10.9m_Voith_LowHeight_obj/Doors
[2026-09-22 23:05:04] Game Found texture at recursive path with extension: SP_E400MMC/Texture/E4_Doors.dds
[2026-09-22 23:05:04] Game Loading texture from path: SP_E400MMC/Texture/E4_Doors.dds
[2026-09-22 23:05:04] Game Loading OBJ model from path: SP_E400MMC/Model/Converted/E400MMC_ADL_10.9m_Voith_LowHeight_obj/Doors/E4_DoorR_Flap.obj
[2026-09-22 23:05:04] Game Finding texture with name: E4_Doors.png in root: SP_E400MMC/Model/Converted/E400MMC_ADL_10.9m_Voith_LowHeight_obj/Doors
[2026-09-22 23:05:04] Game Found texture at recursive path with extension: SP_E400MMC/Texture/E4_Doors.dds
[2026-09-22 23:05:04] Game Loading texture from path: SP_E400MMC/Texture/E4_Doors.dds
[2026-09-22 23:05:04] Game Loading OBJ model from path: SP_E400MMC/Model/Converted/E400MMC_ADL_10.9m_Voith_LowHeight_obj/Doors/E4_DoorL_Pole.obj
[2026-09-22 23:05:04] Game Finding texture with name: E4_Doors.png in root: SP_E400MMC/Model/Converted/E400MMC_ADL_10.9m_Voith_LowHeight_obj/Doors
[2026-09-22 23:05:04] Game Found texture at recursive path with extension: SP_E400MMC/Texture/E4_Doors.dds
[2026-09-22 23:05:04] Game Loading texture from path: SP_E400MMC/Texture/E4_Doors.dds
[2026-09-22 23:05:04] Game Loading OBJ model from path: SP_E400MMC/Model/Converted/E400MMC_ADL_10.9m_Voith_LowHeight_obj/Doors/E4_DoorR_Pole.obj
[2026-09-22 23:05:04] Game Finding texture with name: E4_Doors.png in root: SP_E400MMC/Model/Converted/E400MMC_ADL_10.9m_Voith_LowHeight_obj/Doors
[2026-09-22 23:05:04] Game Found texture at recursive path with extension: SP_E400MMC/Texture/E4_Doors.dds
[2026-09-22 23:05:04] Game Loading texture from path: SP_E400MMC/Texture/E4_Doors.dds
[2026-09-22 23:05:04] Game Loading OBJ model from path: SP_E400MMC/Model/Converted/E400MMC_ADL_10.9m_Voith_LowHeight_obj/Interior/E4_Interior_Glass_LD.obj
[2026-09-22 23:05:04] Game Finding texture with name: Glass.png in root: SP_E400MMC/Model/Converted/E400MMC_ADL_10.9m_Voith_LowHeight_obj/Interior
[2026-09-22 23:05:04] Game Found texture at recursive path with extension: SP_E400MMC/Texture/Glass.dds
[2026-09-22 23:05:04] Game Finding texture with name: E4_Interior_FrontGlass.png in root: SP_E400MMC/Model/Converted/E400MMC_ADL_10.9m_Voith_LowHeight_obj/Interior
[2026-09-22 23:05:04] Game Found texture at recursive path with extension: SP_E400MMC/Texture/E4_Interior_FrontGlass.dds
[2026-09-22 23:05:04] Game Loading texture from path: SP_E400MMC/Texture/E4_Interior_FrontGlass.dds
[2026-09-22 23:05:04] Game Reading image from path: SP_E400MMC\Texture\E4_Interior_FrontGlass.dds
[2026-09-22 23:05:04] Game Loading texture from path: SP_E400MMC/Texture/Glass.dds
[2026-09-22 23:05:04] Game Loading OBJ model from path: SP_E400MMC/Model/Converted/E400MMC_ADL_10.9m_Voith_LowHeight_obj/Windows/ADL/10.9m/LowHeight/E4_Windows_Inner.obj
[2026-09-22 23:05:04] Game Loading OBJ model from path: SP_E400MMC/Model/Converted/E400MMC_ADL_10.9m_Voith_LowHeight_obj/Windows/ADL/10.9m/LowHeight/E4_Windows_Outer.obj
[2026-09-22 23:05:04] Game Loading OBJ model from path: SP_E400MMC/Model/Converted/E400MMC_ADL_10.9m_Voith_LowHeight_obj/Windows/E4_Windows_SideDisplay_Bottom.obj
[2026-09-22 23:05:04] Game Loading OBJ model from path: SP_E400MMC/Model/Converted/E400MMC_ADL_10.9m_Voith_LowHeight_obj/Windows/E4_Windows_SideDisplay_Top.obj
[2026-09-22 23:05:04] Game Loading OBJ model from path: SP_E400MMC/Model/Converted/E400MMC_ADL_10.9m_Voith_LowHeight_obj/Windows/E4_Windows_CabWindow.obj
[2026-09-22 23:05:04] Game Loading OBJ model from path: SP_E400MMC/Model/Converted/E400MMC_ADL_10.9m_Voith_LowHeight_obj/Windows/E4_Windows_CabWindow_Large.obj
[2026-09-22 23:05:04] Game Loading OBJ model from path: SP_E400MMC/Model/Converted/E400MMC_ADL_10.9m_Voith_LowHeight_obj/Windows/E4_Windows_FrontGlassFiller.obj
[2026-09-22 23:05:04] Game Finding texture with name: Grey.png in root: SP_E400MMC/Model/Converted/E400MMC_ADL_10.9m_Voith_LowHeight_obj/Windows
[2026-09-22 23:05:04] Game Found texture at recursive path with extension: SP_E400MMC/Texture/Grey.bmp
[2026-09-22 23:05:04] Game Loading texture from path: SP_E400MMC/Texture/Grey.bmp
[2026-09-22 23:05:04] Game Loading OBJ model from path: SP_E400MMC/Model/Converted/E400MMC_ADL_10.9m_Voith_LowHeight_obj/Windows/LowHeight/E4_Windows_SunShield.obj
[2026-09-22 23:05:04] Game Finding texture with name: E4_SunShield.png in root: SP_E400MMC/Model/Converted/E400MMC_ADL_10.9m_Voith_LowHeight_obj/Windows/LowHeight
[2026-09-22 23:05:04] Game Found texture at recursive path with extension: SP_E400MMC/Texture/E4_SunShield.dds
[2026-09-22 23:05:04] Game Loading texture from path: SP_E400MMC/Texture/E4_SunShield.dds
[2026-09-22 23:05:04] Game Reading image from path: SP_E400MMC\Texture\E4_SunShield.dds
[2026-09-22 23:05:04] Game Loading OBJ model from path: SP_E400MMC/Model/Converted/E400MMC_ADL_10.9m_Voith_LowHeight_obj/Windows/ADL/10.9m/E4_Windows_ExitDoor.obj
[2026-09-22 23:05:04] Game Loading OBJ model from path: SP_E400MMC/Model/Converted/E400MMC_ADL_10.9m_Voith_LowHeight_obj/Windows/ADL/10.9m/LowHeight/E4_Windows_Skylights.obj
[2026-09-22 23:05:04] Game Loading OBJ model from path: SP_E400MMC/Model/Converted/E400MMC_ADL_10.9m_Voith_LowHeight_obj/Interior/Cab/E4_Cab_Window1.obj
[2026-09-22 23:05:04] Game Finding texture with name: E4_Cab_Misc.png in root: SP_E400MMC/Model/Converted/E400MMC_ADL_10.9m_Voith_LowHeight_obj/Interior/Cab
[2026-09-22 23:05:04] Game Found texture at recursive path with extension: SP_E400MMC/Texture/E4_Cab_Misc.dds
[2026-09-22 23:05:04] Game Finding texture with name: Glass.png in root: SP_E400MMC/Model/Converted/E400MMC_ADL_10.9m_Voith_LowHeight_obj/Interior/Cab
[2026-09-22 23:05:04] Game Found texture at recursive path with extension: SP_E400MMC/Texture/Glass.dds
[2026-09-22 23:05:04] Game Finding texture with name: E4_WindowStamp_B.png in root: SP_E400MMC/Model/Converted/E400MMC_ADL_10.9m_Voith_LowHeight_obj/Interior/Cab
[2026-09-22 23:05:04] Game Found texture at recursive path with extension: SP_E400MMC/Texture/E4_WindowStamp_B.dds
[2026-09-22 23:05:04] Game Loading texture from path: SP_E400MMC/Texture/E4_Cab_Misc.dds
[2026-09-22 23:05:04] Game Loading texture from path: SP_E400MMC/Texture/E4_WindowStamp_B.dds
[2026-09-22 23:05:04] Game Loading OBJ model from path: SP_E400MMC/Model/Converted/E400MMC_ADL_10.9m_Voith_LowHeight_obj/Interior/Cab/E4_Cab_Window2.obj
[2026-09-22 23:05:04] Game Finding texture with name: E4_Cab_Misc.png in root: SP_E400MMC/Model/Converted/E400MMC_ADL_10.9m_Voith_LowHeight_obj/Interior/Cab
[2026-09-22 23:05:04] Game Found texture at recursive path with extension: SP_E400MMC/Texture/E4_Cab_Misc.dds
[2026-09-22 23:05:04] Game Finding texture with name: Glass.png in root: SP_E400MMC/Model/Converted/E400MMC_ADL_10.9m_Voith_LowHeight_obj/Interior/Cab
[2026-09-22 23:05:04] Game Found texture at recursive path with extension: SP_E400MMC/Texture/Glass.dds
[2026-09-22 23:05:04] Game Finding texture with name: E4_WindowStamp_B.png in root: SP_E400MMC/Model/Converted/E400MMC_ADL_10.9m_Voith_LowHeight_obj/Interior/Cab
[2026-09-22 23:05:04] Game Found texture at recursive path with extension: SP_E400MMC/Texture/E4_WindowStamp_B.dds
[2026-09-22 23:05:04] Game Loading texture from path: SP_E400MMC/Texture/E4_Cab_Misc.dds
[2026-09-22 23:05:04] Game Loading texture from path: SP_E400MMC/Texture/E4_WindowStamp_B.dds
[2026-09-22 23:05:04] Game Loading OBJ model from path: SP_E400MMC/Model/Converted/E400MMC_ADL_10.9m_Voith_LowHeight_obj/Interior/Cab/E4_Cab_Window1_Large.obj
[2026-09-22 23:05:04] Game Finding texture with name: E4_Cab_Misc.png in root: SP_E400MMC/Model/Converted/E400MMC_ADL_10.9m_Voith_LowHeight_obj/Interior/Cab
[2026-09-22 23:05:04] Game Found texture at recursive path with extension: SP_E400MMC/Texture/E4_Cab_Misc.dds
[2026-09-22 23:05:04] Game Finding texture with name: Glass.png in root: SP_E400MMC/Model/Converted/E400MMC_ADL_10.9m_Voith_LowHeight_obj/Interior/Cab
[2026-09-22 23:05:04] Game Found texture at recursive path with extension: SP_E400MMC/Texture/Glass.dds
[2026-09-22 23:05:04] Game Finding texture with name: E4_WindowStamp_B.png in root: SP_E400MMC/Model/Converted/E400MMC_ADL_10.9m_Voith_LowHeight_obj/Interior/Cab
[2026-09-22 23:05:04] Game Found texture at recursive path with extension: SP_E400MMC/Texture/E4_WindowStamp_B.dds
[2026-09-22 23:05:04] Game Loading texture from path: SP_E400MMC/Texture/E4_Cab_Misc.dds
[2026-09-22 23:05:04] Game Loading texture from path: SP_E400MMC/Texture/E4_WindowStamp_B.dds
[2026-09-22 23:05:04] Game Loading OBJ model from path: SP_E400MMC/Model/Converted/E400MMC_ADL_10.9m_Voith_LowHeight_obj/Interior/Cab/E4_Cab_Window2_Large.obj
[2026-09-22 23:05:04] Game Finding texture with name: E4_Cab_Misc.png in root: SP_E400MMC/Model/Converted/E400MMC_ADL_10.9m_Voith_LowHeight_obj/Interior/Cab
[2026-09-22 23:05:05] Game Found texture at recursive path with extension: SP_E400MMC/Texture/E4_Cab_Misc.dds
[2026-09-22 23:05:05] Game Finding texture with name: Glass.png in root: SP_E400MMC/Model/Converted/E400MMC_ADL_10.9m_Voith_LowHeight_obj/Interior/Cab
[2026-09-22 23:05:05] Game Found texture at recursive path with extension: SP_E400MMC/Texture/Glass.dds
[2026-09-22 23:05:05] Game Finding texture with name: E4_WindowStamp_B.png in root: SP_E400MMC/Model/Converted/E400MMC_ADL_10.9m_Voith_LowHeight_obj/Interior/Cab
[2026-09-22 23:05:05] Game Found texture at recursive path with extension: SP_E400MMC/Texture/E4_WindowStamp_B.dds
[2026-09-22 23:05:05] Game Loading texture from path: SP_E400MMC/Texture/E4_Cab_Misc.dds
[2026-09-22 23:05:05] Game Loading texture from path: SP_E400MMC/Texture/E4_WindowStamp_B.dds
[2026-09-22 23:05:05] Game Loading OBJ model from path: SP_E400MMC/Model/Converted/E400MMC_ADL_10.9m_Voith_LowHeight_obj/Windows/ADL/10.9m/LowHeight/E4_Windows_Frits.obj
[2026-09-22 23:05:05] Game Finding texture with name: E4_WindowFrits.png in root: SP_E400MMC/Model/Converted/E400MMC_ADL_10.9m_Voith_LowHeight_obj/Windows/ADL/10.9m/LowHeight
[2026-09-22 23:05:05] Game Found texture at recursive path with extension: SP_E400MMC/Texture/E4_WindowFrits.dds
[2026-09-22 23:05:05] Game Loading texture from path: SP_E400MMC/Texture/E4_WindowFrits.dds
[2026-09-22 23:05:05] Game Reading image from path: SP_E400MMC\Texture\E4_WindowFrits.dds
[2026-09-22 23:05:05] Game Loading OBJ model from path: SP_E400MMC/Model/Converted/E400MMC_ADL_10.9m_Voith_LowHeight_obj/Windows/ADL/10.9m/E4_Windows_Frits_ExitDoor.obj
[2026-09-22 23:05:05] Game Finding texture with name: E4_WindowFrits.png in root: SP_E400MMC/Model/Converted/E400MMC_ADL_10.9m_Voith_LowHeight_obj/Windows/ADL/10.9m
[2026-09-22 23:05:05] Game Found texture at recursive path with extension: SP_E400MMC/Texture/E4_WindowFrits.dds
[2026-09-22 23:05:05] Game Loading texture from path: SP_E400MMC/Texture/E4_WindowFrits.dds
[2026-09-22 23:05:05] Game Loading OBJ model from path: SP_E400MMC/Model/Converted/E400MMC_ADL_10.9m_Voith_LowHeight_obj/Windows/ADL/10.9m/Decals/E4_Windows_Decals_Interior_Hopper_1.obj
[2026-09-22 23:05:05] Game Finding texture with name: E4_Windows_Decals_Interior.png in root: SP_E400MMC/Model/Converted/E400MMC_ADL_10.9m_Voith_LowHeight_obj/Windows/ADL/10.9m/Decals
[2026-09-22 23:05:05] Game Found texture at recursive path: SP_E400MMC/Texture/Repaints/ADL/11.5m Low Height/[EE] McGill's/E4_Windows_Decals_Interior.png
[2026-09-22 23:05:05] Game Loading texture from path: SP_E400MMC/Texture/Repaints/ADL/11.5m Low Height/[EE] McGill's/E4_Windows_Decals_Interior.png
[2026-09-22 23:05:05] Game Reading image from path: SP_E400MMC\Texture\Repaints\ADL\11.5m Low Height\[EE] McGill's\E4_Windows_Decals_Interior.png
[2026-09-22 23:05:05] Game Loading OBJ model from path: SP_E400MMC/Model/Converted/E400MMC_ADL_10.9m_Voith_LowHeight_obj/Windows/ADL/10.9m/Decals/E4_Windows_Decals_Interior_Hopper_2.obj
[2026-09-22 23:05:05] Game Finding texture with name: E4_Windows_Decals_Interior.png in root: SP_E400MMC/Model/Converted/E400MMC_ADL_10.9m_Voith_LowHeight_obj/Windows/ADL/10.9m/Decals
[2026-09-22 23:05:05] Game Found texture at recursive path: SP_E400MMC/Texture/Repaints/ADL/11.5m Low Height/[EE] McGill's/E4_Windows_Decals_Interior.png
[2026-09-22 23:05:05] Game Loading texture from path: SP_E400MMC/Texture/Repaints/ADL/11.5m Low Height/[EE] McGill's/E4_Windows_Decals_Interior.png
[2026-09-22 23:05:05] Game Loading OBJ model from path: SP_E400MMC/Model/Converted/E400MMC_ADL_10.9m_Voith_LowHeight_obj/Windows/ADL/10.9m/Decals/E4_Windows_Decals_Interior_Hopper_3.obj
[2026-09-22 23:05:05] Game Finding texture with name: E4_Windows_Decals_Interior.png in root: SP_E400MMC/Model/Converted/E400MMC_ADL_10.9m_Voith_LowHeight_obj/Windows/ADL/10.9m/Decals
[2026-09-22 23:05:05] Game Found texture at recursive path: SP_E400MMC/Texture/Repaints/ADL/11.5m Low Height/[EE] McGill's/E4_Windows_Decals_Interior.png
[2026-09-22 23:05:05] Game Loading texture from path: SP_E400MMC/Texture/Repaints/ADL/11.5m Low Height/[EE] McGill's/E4_Windows_Decals_Interior.png
[2026-09-22 23:05:05] Game Loading OBJ model from path: SP_E400MMC/Model/Converted/E400MMC_ADL_10.9m_Voith_LowHeight_obj/Windows/ADL/10.9m/LowHeight/Decals/E4_Windows_Decals_Interior_Hopper_4.obj
[2026-09-22 23:05:05] Game Finding texture with name: E4_Windows_Decals_Interior.png in root: SP_E400MMC/Model/Converted/E400MMC_ADL_10.9m_Voith_LowHeight_obj/Windows/ADL/10.9m/LowHeight/Decals
[2026-09-22 23:05:05] Game Found texture at recursive path: SP_E400MMC/Texture/Repaints/ADL/11.5m Low Height/[EE] McGill's/E4_Windows_Decals_Interior.png
[2026-09-22 23:05:05] Game Loading texture from path: SP_E400MMC/Texture/Repaints/ADL/11.5m Low Height/[EE] McGill's/E4_Windows_Decals_Interior.png
[2026-09-22 23:05:05] Game Loading OBJ model from path: SP_E400MMC/Model/Converted/E400MMC_ADL_10.9m_Voith_LowHeight_obj/Windows/ADL/10.9m/LowHeight/Decals/E4_Windows_Decals_Interior_Hopper_5.obj
[2026-09-22 23:05:05] Game Finding texture with name: E4_Windows_Decals_Interior.png in root: SP_E400MMC/Model/Converted/E400MMC_ADL_10.9m_Voith_LowHeight_obj/Windows/ADL/10.9m/LowHeight/Decals
[2026-09-22 23:05:05] Game Found texture at recursive path: SP_E400MMC/Texture/Repaints/ADL/11.5m Low Height/[EE] McGill's/E4_Windows_Decals_Interior.png
[2026-09-22 23:05:05] Game Loading texture from path: SP_E400MMC/Texture/Repaints/ADL/11.5m Low Height/[EE] McGill's/E4_Windows_Decals_Interior.png
[2026-09-22 23:05:05] Game Loading OBJ model from path: SP_E400MMC/Model/Converted/E400MMC_ADL_10.9m_Voith_LowHeight_obj/Windows/ADL/10.9m/LowHeight/Decals/E4_Windows_Decals_Interior_Hopper_6.obj
[2026-09-22 23:05:05] Game Finding texture with name: E4_Windows_Decals_Interior.png in root: SP_E400MMC/Model/Converted/E400MMC_ADL_10.9m_Voith_LowHeight_obj/Windows/ADL/10.9m/LowHeight/Decals
[2026-09-22 23:05:05] Game Found texture at recursive path: SP_E400MMC/Texture/Repaints/ADL/11.5m Low Height/[EE] McGill's/E4_Windows_Decals_Interior.png
[2026-09-22 23:05:05] Game Loading texture from path: SP_E400MMC/Texture/Repaints/ADL/11.5m Low Height/[EE] McGill's/E4_Windows_Decals_Interior.png
[2026-09-22 23:05:05] Game Loading OBJ model from path: SP_E400MMC/Model/Converted/E400MMC_ADL_10.9m_Voith_LowHeight_obj/Windows/ADL/10.9m/LowHeight/Decals/E4_Windows_Decals_Interior_Hopper_7.obj
[2026-09-22 23:05:05] Game Finding texture with name: E4_Windows_Decals_Interior.png in root: SP_E400MMC/Model/Converted/E400MMC_ADL_10.9m_Voith_LowHeight_obj/Windows/ADL/10.9m/LowHeight/Decals
[2026-09-22 23:05:05] Game Found texture at recursive path: SP_E400MMC/Texture/Repaints/ADL/11.5m Low Height/[EE] McGill's/E4_Windows_Decals_Interior.png
[2026-09-22 23:05:05] Game Loading texture from path: SP_E400MMC/Texture/Repaints/ADL/11.5m Low Height/[EE] McGill's/E4_Windows_Decals_Interior.png
[2026-09-22 23:05:05] Game Loading OBJ model from path: SP_E400MMC/Model/Converted/E400MMC_ADL_10.9m_Voith_LowHeight_obj/Windows/ADL/10.9m/LowHeight/Decals/E4_Windows_Decals_Interior_Hopper_8.obj
[2026-09-22 23:05:05] Game Finding texture with name: E4_Windows_Decals_Interior.png in root: SP_E400MMC/Model/Converted/E400MMC_ADL_10.9m_Voith_LowHeight_obj/Windows/ADL/10.9m/LowHeight/Decals
[2026-09-22 23:05:05] Game Found texture at recursive path: SP_E400MMC/Texture/Repaints/ADL/11.5m Low Height/[EE] McGill's/E4_Windows_Decals_Interior.png
[2026-09-22 23:05:05] Game Loading texture from path: SP_E400MMC/Texture/Repaints/ADL/11.5m Low Height/[EE] McGill's/E4_Windows_Decals_Interior.png
[2026-09-22 23:05:05] Game Loading OBJ model from path: SP_E400MMC/Model/Converted/E400MMC_ADL_10.9m_Voith_LowHeight_obj/Windows/ADL/10.9m/LowHeight/Decals/E4_Windows_Decals_Interior_Hopper_9.obj
[2026-09-22 23:05:05] Game Finding texture with name: E4_Windows_Decals_Interior.png in root: SP_E400MMC/Model/Converted/E400MMC_ADL_10.9m_Voith_LowHeight_obj/Windows/ADL/10.9m/LowHeight/Decals
[2026-09-22 23:05:05] Game Found texture at recursive path: SP_E400MMC/Texture/Repaints/ADL/11.5m Low Height/[EE] McGill's/E4_Windows_Decals_Interior.png
[2026-09-22 23:05:05] Game Loading texture from path: SP_E400MMC/Texture/Repaints/ADL/11.5m Low Height/[EE] McGill's/E4_Windows_Decals_Interior.png
[2026-09-22 23:05:05] Game Loading OBJ model from path: SP_E400MMC/Model/Converted/E400MMC_ADL_10.9m_Voith_LowHeight_obj/Windows/ADL/10.9m/LowHeight/Decals/E4_Windows_Decals_Interior.obj
[2026-09-22 23:05:05] Game Finding texture with name: E4_Windows_Decals_Interior.png in root: SP_E400MMC/Model/Converted/E400MMC_ADL_10.9m_Voith_LowHeight_obj/Windows/ADL/10.9m/LowHeight/Decals
[2026-09-22 23:05:05] Game Found texture at recursive path: SP_E400MMC/Texture/Repaints/ADL/11.5m Low Height/[EE] McGill's/E4_Windows_Decals_Interior.png
[2026-09-22 23:05:05] Game Loading texture from path: SP_E400MMC/Texture/Repaints/ADL/11.5m Low Height/[EE] McGill's/E4_Windows_Decals_Interior.png
[2026-09-22 23:05:05] Game Loading OBJ model from path: SP_E400MMC/Model/Converted/E400MMC_ADL_10.9m_Voith_LowHeight_obj/Windows/Decals/E4_Windows_Decals_Interior_DoorL.obj
[2026-09-22 23:05:05] Game Finding texture with name: E4_Windows_Decals_Interior.png in root: SP_E400MMC/Model/Converted/E400MMC_ADL_10.9m_Voith_LowHeight_obj/Windows/Decals
[2026-09-22 23:05:05] Game Found texture at recursive path: SP_E400MMC/Texture/Repaints/ADL/11.5m Low Height/[EE] McGill's/E4_Windows_Decals_Interior.png
[2026-09-22 23:05:05] Game Loading texture from path: SP_E400MMC/Texture/Repaints/ADL/11.5m Low Height/[EE] McGill's/E4_Windows_Decals_Interior.png
[2026-09-22 23:05:05] Game Loading OBJ model from path: SP_E400MMC/Model/Converted/E400MMC_ADL_10.9m_Voith_LowHeight_obj/Windows/Decals/E4_Windows_Decals_Interior_DoorR.obj
[2026-09-22 23:05:05] Game Finding texture with name: E4_Windows_Decals_Interior.png in root: SP_E400MMC/Model/Converted/E400MMC_ADL_10.9m_Voith_LowHeight_obj/Windows/Decals
[2026-09-22 23:05:05] Game Found texture at recursive path: SP_E400MMC/Texture/Repaints/ADL/11.5m Low Height/[EE] McGill's/E4_Windows_Decals_Interior.png
[2026-09-22 23:05:05] Game Loading texture from path: SP_E400MMC/Texture/Repaints/ADL/11.5m Low Height/[EE] McGill's/E4_Windows_Decals_Interior.png
[2026-09-22 23:05:05] Game Loading OBJ model from path: SP_E400MMC/Model/Converted/E400MMC_ADL_10.9m_Voith_LowHeight_obj/Windows/ADL/10.9m/Decals/E4_Windows_Decals_Interior_ExitDoor.obj
[2026-09-22 23:05:05] Game Finding texture with name: E4_Windows_Decals_Interior.png in root: SP_E400MMC/Model/Converted/E400MMC_ADL_10.9m_Voith_LowHeight_obj/Windows/ADL/10.9m/Decals
[2026-09-22 23:05:05] Game Found texture at recursive path: SP_E400MMC/Texture/Repaints/ADL/11.5m Low Height/[EE] McGill's/E4_Windows_Decals_Interior.png
[2026-09-22 23:05:05] Game Loading texture from path: SP_E400MMC/Texture/Repaints/ADL/11.5m Low Height/[EE] McGill's/E4_Windows_Decals_Interior.png
[2026-09-22 23:05:05] Game Loading OBJ model from path: SP_E400MMC/Model/Converted/E400MMC_ADL_10.9m_Voith_LowHeight_obj/Windows/ADL/10.9m/Decals/E4_Windows_Decals_Exterior_ExitDoor.obj
[2026-09-22 23:05:05] Game Finding texture with name: E4_Windows_Decals_Exterior.png in root: SP_E400MMC/Model/Converted/E400MMC_ADL_10.9m_Voith_LowHeight_obj/Windows/ADL/10.9m/Decals
[2026-09-22 23:05:05] Game Found texture at recursive path: SP_E400MMC/Texture/Repaints/ADL/10.3m/[EE] McGill's/E4_Windows_Decals_Exterior.png
[2026-09-22 23:05:05] Game Loading texture from path: SP_E400MMC/Texture/Repaints/ADL/10.3m/[EE] McGill's/E4_Windows_Decals_Exterior.png
[2026-09-22 23:05:05] Game Reading image from path: SP_E400MMC\Texture\Repaints\ADL\10.3m\[EE] McGill's\E4_Windows_Decals_Exterior.png
[2026-09-22 23:05:05] Game Loading OBJ model from path: SP_E400MMC/Model/Converted/E400MMC_ADL_10.9m_Voith_LowHeight_obj/Windows/ADL/10.9m/Decals/E4_Windows_Decals_Exterior_Hopper_1.obj
[2026-09-22 23:05:05] Game Finding texture with name: E4_Windows_Decals_Exterior.png in root: SP_E400MMC/Model/Converted/E400MMC_ADL_10.9m_Voith_LowHeight_obj/Windows/ADL/10.9m/Decals
[2026-09-22 23:05:05] Game Found texture at recursive path: SP_E400MMC/Texture/Repaints/ADL/10.3m/[EE] McGill's/E4_Windows_Decals_Exterior.png
[2026-09-22 23:05:05] Game Loading texture from path: SP_E400MMC/Texture/Repaints/ADL/10.3m/[EE] McGill's/E4_Windows_Decals_Exterior.png
[2026-09-22 23:05:05] Game Loading OBJ model from path: SP_E400MMC/Model/Converted/E400MMC_ADL_10.9m_Voith_LowHeight_obj/Windows/ADL/10.9m/Decals/E4_Windows_Decals_Exterior_Hopper_2.obj
[2026-09-22 23:05:05] Game Finding texture with name: E4_Windows_Decals_Exterior.png in root: SP_E400MMC/Model/Converted/E400MMC_ADL_10.9m_Voith_LowHeight_obj/Windows/ADL/10.9m/Decals
[2026-09-22 23:05:05] Game Found texture at recursive path: SP_E400MMC/Texture/Repaints/ADL/10.3m/[EE] McGill's/E4_Windows_Decals_Exterior.png
[2026-09-22 23:05:05] Game Loading texture from path: SP_E400MMC/Texture/Repaints/ADL/10.3m/[EE] McGill's/E4_Windows_Decals_Exterior.png
[2026-09-22 23:05:05] Game Loading OBJ model from path: SP_E400MMC/Model/Converted/E400MMC_ADL_10.9m_Voith_LowHeight_obj/Windows/ADL/10.9m/Decals/E4_Windows_Decals_Exterior_Hopper_3.obj
[2026-09-22 23:05:05] Game Finding texture with name: E4_Windows_Decals_Exterior.png in root: SP_E400MMC/Model/Converted/E400MMC_ADL_10.9m_Voith_LowHeight_obj/Windows/ADL/10.9m/Decals
[2026-09-22 23:05:05] Game Found texture at recursive path: SP_E400MMC/Texture/Repaints/ADL/10.3m/[EE] McGill's/E4_Windows_Decals_Exterior.png
[2026-09-22 23:05:05] Game Loading texture from path: SP_E400MMC/Texture/Repaints/ADL/10.3m/[EE] McGill's/E4_Windows_Decals_Exterior.png
[2026-09-22 23:05:05] Game Loading OBJ model from path: SP_E400MMC/Model/Converted/E400MMC_ADL_10.9m_Voith_LowHeight_obj/Windows/ADL/10.9m/LowHeight/Decals/E4_Windows_Decals_Exterior_Hopper_4.obj
[2026-09-22 23:05:05] Game Finding texture with name: E4_Windows_Decals_Exterior.png in root: SP_E400MMC/Model/Converted/E400MMC_ADL_10.9m_Voith_LowHeight_obj/Windows/ADL/10.9m/LowHeight/Decals
[2026-09-22 23:05:05] Game Found texture at recursive path: SP_E400MMC/Texture/Repaints/ADL/10.3m/[EE] McGill's/E4_Windows_Decals_Exterior.png
[2026-09-22 23:05:05] Game Loading texture from path: SP_E400MMC/Texture/Repaints/ADL/10.3m/[EE] McGill's/E4_Windows_Decals_Exterior.png
[2026-09-22 23:05:05] Game Loading OBJ model from path: SP_E400MMC/Model/Converted/E400MMC_ADL_10.9m_Voith_LowHeight_obj/Windows/ADL/10.9m/LowHeight/Decals/E4_Windows_Decals_Exterior_Hopper_5.obj
[2026-09-22 23:05:05] Game Finding texture with name: E4_Windows_Decals_Exterior.png in root: SP_E400MMC/Model/Converted/E400MMC_ADL_10.9m_Voith_LowHeight_obj/Windows/ADL/10.9m/LowHeight/Decals
[2026-09-22 23:05:05] Game Found texture at recursive path: SP_E400MMC/Texture/Repaints/ADL/10.3m/[EE] McGill's/E4_Windows_Decals_Exterior.png
[2026-09-22 23:05:05] Game Loading texture from path: SP_E400MMC/Texture/Repaints/ADL/10.3m/[EE] McGill's/E4_Windows_Decals_Exterior.png
[2026-09-22 23:05:05] Game Loading OBJ model from path: SP_E400MMC/Model/Converted/E400MMC_ADL_10.9m_Voith_LowHeight_obj/Windows/ADL/10.9m/LowHeight/Decals/E4_Windows_Decals_Exterior_Hopper_6.obj
[2026-09-22 23:05:05] Game Finding texture with name: E4_Windows_Decals_Exterior.png in root: SP_E400MMC/Model/Converted/E400MMC_ADL_10.9m_Voith_LowHeight_obj/Windows/ADL/10.9m/LowHeight/Decals
[2026-09-22 23:05:05] Game Found texture at recursive path: SP_E400MMC/Texture/Repaints/ADL/10.3m/[EE] McGill's/E4_Windows_Decals_Exterior.png
[2026-09-22 23:05:05] Game Loading texture from path: SP_E400MMC/Texture/Repaints/ADL/10.3m/[EE] McGill's/E4_Windows_Decals_Exterior.png
[2026-09-22 23:05:05] Game Loading OBJ model from path: SP_E400MMC/Model/Converted/E400MMC_ADL_10.9m_Voith_LowHeight_obj/Windows/ADL/10.9m/LowHeight/Decals/E4_Windows_Decals_Exterior_Hopper_7.obj
[2026-09-22 23:05:05] Game Finding texture with name: E4_Windows_Decals_Exterior.png in root: SP_E400MMC/Model/Converted/E400MMC_ADL_10.9m_Voith_LowHeight_obj/Windows/ADL/10.9m/LowHeight/Decals
[2026-09-22 23:05:05] Game Found texture at recursive path: SP_E400MMC/Texture/Repaints/ADL/10.3m/[EE] McGill's/E4_Windows_Decals_Exterior.png
[2026-09-22 23:05:05] Game Loading texture from path: SP_E400MMC/Texture/Repaints/ADL/10.3m/[EE] McGill's/E4_Windows_Decals_Exterior.png
[2026-09-22 23:05:05] Game Loading OBJ model from path: SP_E400MMC/Model/Converted/E400MMC_ADL_10.9m_Voith_LowHeight_obj/Windows/ADL/10.9m/LowHeight/Decals/E4_Windows_Decals_Exterior_Hopper_8.obj
[2026-09-22 23:05:05] Game Finding texture with name: E4_Windows_Decals_Exterior.png in root: SP_E400MMC/Model/Converted/E400MMC_ADL_10.9m_Voith_LowHeight_obj/Windows/ADL/10.9m/LowHeight/Decals
[2026-09-22 23:05:05] Game Found texture at recursive path: SP_E400MMC/Texture/Repaints/ADL/10.3m/[EE] McGill's/E4_Windows_Decals_Exterior.png
[2026-09-22 23:05:05] Game Loading texture from path: SP_E400MMC/Texture/Repaints/ADL/10.3m/[EE] McGill's/E4_Windows_Decals_Exterior.png
[2026-09-22 23:05:05] Game Loading OBJ model from path: SP_E400MMC/Model/Converted/E400MMC_ADL_10.9m_Voith_LowHeight_obj/Windows/ADL/10.9m/LowHeight/Decals/E4_Windows_Decals_Exterior_Hopper_9.obj
[2026-09-22 23:05:05] Game Finding texture with name: E4_Windows_Decals_Exterior.png in root: SP_E400MMC/Model/Converted/E400MMC_ADL_10.9m_Voith_LowHeight_obj/Windows/ADL/10.9m/LowHeight/Decals
[2026-09-22 23:05:05] Game Found texture at recursive path: SP_E400MMC/Texture/Repaints/ADL/10.3m/[EE] McGill's/E4_Windows_Decals_Exterior.png
[2026-09-22 23:05:05] Game Loading texture from path: SP_E400MMC/Texture/Repaints/ADL/10.3m/[EE] McGill's/E4_Windows_Decals_Exterior.png
[2026-09-22 23:05:05] Game Loading OBJ model from path: SP_E400MMC/Model/Converted/E400MMC_ADL_10.9m_Voith_LowHeight_obj/Windows/ADL/10.9m/LowHeight/Decals/E4_Windows_Decals_Exterior.obj
[2026-09-22 23:05:05] Game Finding texture with name: E4_Windows_Decals_Exterior.png in root: SP_E400MMC/Model/Converted/E400MMC_ADL_10.9m_Voith_LowHeight_obj/Windows/ADL/10.9m/LowHeight/Decals
[2026-09-22 23:05:05] Game Found texture at recursive path: SP_E400MMC/Texture/Repaints/ADL/10.3m/[EE] McGill's/E4_Windows_Decals_Exterior.png
[2026-09-22 23:05:05] Game Loading texture from path: SP_E400MMC/Texture/Repaints/ADL/10.3m/[EE] McGill's/E4_Windows_Decals_Exterior.png
[2026-09-22 23:05:05] Game Loading OBJ model from path: SP_E400MMC/Model/Converted/E400MMC_ADL_10.9m_Voith_LowHeight_obj/Windows/Decals/E4_Windows_Decals_Exterior_DoorL.obj
[2026-09-22 23:05:05] Game Finding texture with name: E4_Windows_Decals_Exterior.png in root: SP_E400MMC/Model/Converted/E400MMC_ADL_10.9m_Voith_LowHeight_obj/Windows/Decals
[2026-09-22 23:05:05] Game Found texture at recursive path: SP_E400MMC/Texture/Repaints/ADL/10.3m/[EE] McGill's/E4_Windows_Decals_Exterior.png
[2026-09-22 23:05:05] Game Loading texture from path: SP_E400MMC/Texture/Repaints/ADL/10.3m/[EE] McGill's/E4_Windows_Decals_Exterior.png
[2026-09-22 23:05:05] Game Loading OBJ model from path: SP_E400MMC/Model/Converted/E400MMC_ADL_10.9m_Voith_LowHeight_obj/Windows/Decals/E4_Windows_Decals_Exterior_DoorR.obj
[2026-09-22 23:05:05] Game Finding texture with name: E4_Windows_Decals_Exterior.png in root: SP_E400MMC/Model/Converted/E400MMC_ADL_10.9m_Voith_LowHeight_obj/Windows/Decals
[2026-09-22 23:05:05] Game Found texture at recursive path: SP_E400MMC/Texture/Repaints/ADL/10.3m/[EE] McGill's/E4_Windows_Decals_Exterior.png
[2026-09-22 23:05:05] Game Loading texture from path: SP_E400MMC/Texture/Repaints/ADL/10.3m/[EE] McGill's/E4_Windows_Decals_Exterior.png
[2026-09-22 23:05:05] Game Loading OBJ model from path: SP_E400MMC/Model/Converted/E400MMC_ADL_10.9m_Voith_LowHeight_obj/Interior/Cab/E4_CabWindowDecals.obj
[2026-09-22 23:05:05] Game Finding texture with name: E4_CabWindowDecals.png in root: SP_E400MMC/Model/Converted/E400MMC_ADL_10.9m_Voith_LowHeight_obj/Interior/Cab
[2026-09-22 23:05:05] Game Found texture at recursive path with extension: SP_E400MMC/Texture/E4_CabWindowDecals.dds
[2026-09-22 23:05:05] Game Loading texture from path: SP_E400MMC/Texture/E4_CabWindowDecals.dds
[2026-09-22 23:05:05] Game Reading image from path: SP_E400MMC\Texture\E4_CabWindowDecals.dds
[2026-09-22 23:05:05] Game Loading OBJ model from path: SP_E400MMC/Model/Converted/E400MMC_ADL_10.9m_Voith_LowHeight_obj/Windows/ADL/10.9m/LowHeight/E4_Windows_ADLStamps.obj
[2026-09-22 23:05:05] Game Finding texture with name: E4_WindowStamp_B.png in root: SP_E400MMC/Model/Converted/E400MMC_ADL_10.9m_Voith_LowHeight_obj/Windows/ADL/10.9m/LowHeight
[2026-09-22 23:05:05] Game Found texture at recursive path with extension: SP_E400MMC/Texture/E4_WindowStamp_B.dds
[2026-09-22 23:05:05] Game Finding texture with name: E4_WindowStamp_Finn.png in root: SP_E400MMC/Model/Converted/E400MMC_ADL_10.9m_Voith_LowHeight_obj/Windows/ADL/10.9m/LowHeight
[2026-09-22 23:05:05] Game Found texture at recursive path with extension: SP_E400MMC/Texture/E4_WindowStamp_Finn.dds
[2026-09-22 23:05:05] Game Loading texture from path: SP_E400MMC/Texture/E4_WindowStamp_B.dds
[2026-09-22 23:05:05] Game Loading texture from path: SP_E400MMC/Texture/E4_WindowStamp_Finn.dds
[2026-09-22 23:05:05] Game Reading image from path: SP_E400MMC\Texture\E4_WindowStamp_Finn.dds
[2026-09-22 23:05:05] Game Loading OBJ model from path: SP_E400MMC/Model/Converted/E400MMC_ADL_10.9m_Voith_LowHeight_obj/Windows/ADL/10.9m/E4_Windows_ADLStamps_ExitDoor.obj
[2026-09-22 23:05:05] Game Finding texture with name: E4_WindowStamp_B.png in root: SP_E400MMC/Model/Converted/E400MMC_ADL_10.9m_Voith_LowHeight_obj/Windows/ADL/10.9m
[2026-09-22 23:05:05] Game Found texture at recursive path with extension: SP_E400MMC/Texture/E4_WindowStamp_B.dds
[2026-09-22 23:05:05] Game Finding texture with name: E4_WindowStamp_Finn.png in root: SP_E400MMC/Model/Converted/E400MMC_ADL_10.9m_Voith_LowHeight_obj/Windows/ADL/10.9m
[2026-09-22 23:05:05] Game Found texture at recursive path with extension: SP_E400MMC/Texture/E4_WindowStamp_Finn.dds
[2026-09-22 23:05:05] Game Loading texture from path: SP_E400MMC/Texture/E4_WindowStamp_B.dds
[2026-09-22 23:05:05] Game Loading OBJ model from path: SP_E400MMC/Model/Converted/E400MMC_ADL_10.9m_Voith_LowHeight_obj/Windows/E4_Windows_ADLStamps_SideDisplay_Bottom.obj
[2026-09-22 23:05:05] Game Finding texture with name: E4_WindowStamp_B.png in root: SP_E400MMC/Model/Converted/E400MMC_ADL_10.9m_Voith_LowHeight_obj/Windows
[2026-09-22 23:05:05] Game Found texture at recursive path with extension: SP_E400MMC/Texture/E4_WindowStamp_B.dds
[2026-09-22 23:05:05] Game Loading texture from path: SP_E400MMC/Texture/E4_WindowStamp_B.dds
[2026-09-22 23:05:05] Game Loading OBJ model from path: SP_E400MMC/Model/Converted/E400MMC_ADL_10.9m_Voith_LowHeight_obj/Windows/E4_Windows_ADLStamps_SideDisplay_Top.obj
[2026-09-22 23:05:05] Game Finding texture with name: E4_WindowStamp_B.png in root: SP_E400MMC/Model/Converted/E400MMC_ADL_10.9m_Voith_LowHeight_obj/Windows
[2026-09-22 23:05:05] Game Found texture at recursive path with extension: SP_E400MMC/Texture/E4_WindowStamp_B.dds
[2026-09-22 23:05:05] Game Loading texture from path: SP_E400MMC/Texture/E4_WindowStamp_B.dds
[2026-09-22 23:05:05] Game Loading OBJ model from path: SP_E400MMC/Model/Converted/E400MMC_ADL_10.9m_Voith_LowHeight_obj/Interior/Cab/E4_Cab_assaultshield_Glass.obj
[2026-09-22 23:05:05] Game Finding texture with name: Glass.png in root: SP_E400MMC/Model/Converted/E400MMC_ADL_10.9m_Voith_LowHeight_obj/Interior/Cab
[2026-09-22 23:05:05] Game Found texture at recursive path with extension: SP_E400MMC/Texture/Glass.dds
[2026-09-22 23:05:05] Game Loading texture from path: SP_E400MMC/Texture/Glass.dds
[2026-09-22 23:05:05] Game Loading OBJ model from path: SP_E400MMC/Model/Converted/E400MMC_ADL_10.9m_Voith_LowHeight_obj/Interior/Cab/E4_Cab_assaultshield_Glass.obj
[2026-09-22 23:05:05] Game Finding texture with name: Glass.png in root: SP_E400MMC/Model/Converted/E400MMC_ADL_10.9m_Voith_LowHeight_obj/Interior/Cab
[2026-09-22 23:05:05] Game Found texture at recursive path with extension: SP_E400MMC/Texture/Glass.dds
[2026-09-22 23:05:05] Game Loading texture from path: SP_E400MMC/Texture/Glass.dds
[2026-09-22 23:05:05] Game Loading OBJ model from path: SP_E400MMC/Model/Converted/E400MMC_ADL_10.9m_Voith_LowHeight_obj/Interior/Cab/E4_Cab_Door_assaultshield_Fixed_Glass.obj
[2026-09-22 23:05:05] Game Finding texture with name: Glass.png in root: SP_E400MMC/Model/Converted/E400MMC_ADL_10.9m_Voith_LowHeight_obj/Interior/Cab
[2026-09-22 23:05:05] Game Found texture at recursive path with extension: SP_E400MMC/Texture/Glass.dds
[2026-09-22 23:05:05] Game Loading texture from path: SP_E400MMC/Texture/Glass.dds
[2026-09-22 23:05:05] Game Loading OBJ model from path: SP_E400MMC/Model/Converted/E400MMC_ADL_10.9m_Voith_LowHeight_obj/Interior/Cab/E4_Cab_Door_assaultshield_Openable.obj
[2026-09-22 23:05:05] Game Finding texture with name: E4_Cab_AssaultShield.png in root: SP_E400MMC/Model/Converted/E400MMC_ADL_10.9m_Voith_LowHeight_obj/Interior/Cab
[2026-09-22 23:05:05] Game Found texture at recursive path: SP_E400MMC/Texture/_!Templates/E4_Cab_AssaultShield.png
[2026-09-22 23:05:05] Game Finding texture with name: Glass.png in root: SP_E400MMC/Model/Converted/E400MMC_ADL_10.9m_Voith_LowHeight_obj/Interior/Cab
[2026-09-22 23:05:05] Game Found texture at recursive path with extension: SP_E400MMC/Texture/Glass.dds
[2026-09-22 23:05:05] Game Loading texture from path: SP_E400MMC/Texture/_!Templates/E4_Cab_AssaultShield.png
[2026-09-22 23:05:05] Game Loading texture from path: SP_E400MMC/Texture/Glass.dds
[2026-09-22 23:05:05] Game Loading OBJ model from path: SP_E400MMC/Model/Converted/E400MMC_ADL_10.9m_Voith_LowHeight_obj/Interior/Cab/E4_Cab_Door_assaultshield_Openable_Glass_Fixed.obj
[2026-09-22 23:05:05] Game Finding texture with name: Glass.png in root: SP_E400MMC/Model/Converted/E400MMC_ADL_10.9m_Voith_LowHeight_obj/Interior/Cab
[2026-09-22 23:05:05] Game Found texture at recursive path with extension: SP_E400MMC/Texture/Glass.dds
[2026-09-22 23:05:05] Game Loading texture from path: SP_E400MMC/Texture/Glass.dds
[2026-09-22 23:05:05] Game Loading OBJ model from path: SP_E400MMC/Model/Converted/E400MMC_ADL_10.9m_Voith_LowHeight_obj/Windows/ADL/10.9m/Rain/E4_Windows_Rain_Blank.obj
[2026-09-22 23:05:05] Game Loading OBJ model from path: SP_E400MMC/Model/Converted/E400MMC_ADL_10.9m_Voith_LowHeight_obj/Windows/ADL/10.9m/LowHeight/Rain/E4_Windows_Rain.obj
[2026-09-22 23:05:05] Game Loading OBJ model from path: SP_E400MMC/Model/Converted/E400MMC_ADL_10.9m_Voith_LowHeight_obj/Windows/Rain/E4_Windows_Rain_Windshield.obj
[2026-09-22 23:05:05] Game Loading OBJ model from path: SP_E400MMC/Model/Converted/E400MMC_ADL_10.9m_Voith_LowHeight_obj/Windows/Rain/E4_Windows_Rain_Windshield_Wet.obj
[2026-09-22 23:05:05] Game Loading OBJ model from path: SP_E400MMC/Model/Converted/E400MMC_ADL_10.9m_Voith_LowHeight_obj/Windows/Rain/E4_Windows_Rain_CabWindow1.obj
[2026-09-22 23:05:05] Game Loading OBJ model from path: SP_E400MMC/Model/Converted/E400MMC_ADL_10.9m_Voith_LowHeight_obj/Windows/Rain/E4_Windows_Rain_CabWindow2.obj
[2026-09-22 23:05:05] Game Loading OBJ model from path: SP_E400MMC/Model/Converted/E400MMC_ADL_10.9m_Voith_LowHeight_obj/Windows/Rain/E4_Windows_Rain_CabWindow.obj
[2026-09-22 23:05:05] Game Loading OBJ model from path: SP_E400MMC/Model/Converted/E400MMC_ADL_10.9m_Voith_LowHeight_obj/Windows/Rain/E4_Windows_Rain_CabWindow1_Large.obj
[2026-09-22 23:05:05] Game Loading OBJ model from path: SP_E400MMC/Model/Converted/E400MMC_ADL_10.9m_Voith_LowHeight_obj/Windows/Rain/E4_Windows_Rain_CabWindow2_Large.obj
[2026-09-22 23:05:05] Game Loading OBJ model from path: SP_E400MMC/Model/Converted/E400MMC_ADL_10.9m_Voith_LowHeight_obj/Windows/Rain/E4_Windows_Rain_CabWindow_Large.obj
[2026-09-22 23:05:05] Game Loading OBJ model from path: SP_E400MMC/Model/Converted/E400MMC_ADL_10.9m_Voith_LowHeight_obj/Windows/Rain/E4_Windows_Rain_DoorL.obj
[2026-09-22 23:05:05] Game Loading OBJ model from path: SP_E400MMC/Model/Converted/E400MMC_ADL_10.9m_Voith_LowHeight_obj/Windows/Rain/E4_Windows_Rain_DoorR.obj
[2026-09-22 23:05:05] Game Loading OBJ model from path: SP_E400MMC/Model/Converted/E400MMC_ADL_10.9m_Voith_LowHeight_obj/Windows/ADL/10.9m/Rain/E4_Windows_Rain_ExitDoor.obj
[2026-09-22 23:05:05] Game Loading OBJ model from path: SP_E400MMC/Model/Converted/E400MMC_ADL_10.9m_Voith_LowHeight_obj/Windows/ADL/10.9m/Rain/E4_Windows_Rain_Hopper1.obj
[2026-09-22 23:05:05] Game Loading OBJ model from path: SP_E400MMC/Model/Converted/E400MMC_ADL_10.9m_Voith_LowHeight_obj/Windows/ADL/10.9m/Rain/E4_Windows_Rain_Hopper2.obj
[2026-09-22 23:05:05] Game Loading OBJ model from path: SP_E400MMC/Model/Converted/E400MMC_ADL_10.9m_Voith_LowHeight_obj/Windows/ADL/10.9m/Rain/E4_Windows_Rain_Hopper3.obj
[2026-09-22 23:05:05] Game Loading OBJ model from path: SP_E400MMC/Model/Converted/E400MMC_ADL_10.9m_Voith_LowHeight_obj/Windows/ADL/10.9m/LowHeight/Rain/E4_Windows_Rain_Hopper4.obj
[2026-09-22 23:05:05] Game Loading OBJ model from path: SP_E400MMC/Model/Converted/E400MMC_ADL_10.9m_Voith_LowHeight_obj/Windows/ADL/10.9m/LowHeight/Rain/E4_Windows_Rain_Hopper5.obj
[2026-09-22 23:05:05] Game Loading OBJ model from path: SP_E400MMC/Model/Converted/E400MMC_ADL_10.9m_Voith_LowHeight_obj/Windows/ADL/10.9m/LowHeight/Rain/E4_Windows_Rain_Hopper6.obj
[2026-09-22 23:05:05] Game Loading OBJ model from path: SP_E400MMC/Model/Converted/E400MMC_ADL_10.9m_Voith_LowHeight_obj/Windows/ADL/10.9m/LowHeight/Rain/E4_Windows_Rain_Hopper7.obj
[2026-09-22 23:05:05] Game Loading OBJ model from path: SP_E400MMC/Model/Converted/E400MMC_ADL_10.9m_Voith_LowHeight_obj/Windows/ADL/10.9m/LowHeight/Rain/E4_Windows_Rain_Hopper8.obj
[2026-09-22 23:05:05] Game Loading OBJ model from path: SP_E400MMC/Model/Converted/E400MMC_ADL_10.9m_Voith_LowHeight_obj/Windows/ADL/10.9m/LowHeight/Rain/E4_Windows_Rain_Hopper9.obj
[2026-09-22 23:05:05] Game Loading OBJ model from path: SP_E400MMC/Model/Converted/E400MMC_ADL_10.9m_Voith_LowHeight_obj/Interior/ADL/10.9m/LowHeight/E4_Interior_Decals.obj
[2026-09-22 23:05:05] Game Finding texture with name: E4_Interior_Decals.png in root: SP_E400MMC/Model/Converted/E400MMC_ADL_10.9m_Voith_LowHeight_obj/Interior/ADL/10.9m/LowHeight
[2026-09-22 23:05:05] Game Found texture at recursive path with extension: SP_E400MMC/Texture/E4_Interior_Decals.dds
[2026-09-22 23:05:05] Game Loading texture from path: SP_E400MMC/Texture/E4_Interior_Decals.dds
[2026-09-22 23:05:05] Game Renderer initialized
[2026-09-22 23:05:05] Application Diagnostics files opened
[2026-09-22 23:05:05] Wheel cfgWheel=0 odeWheel=0 origin=(2.800190,1.101436,0.478902) rotationVar=Wheel_Rotation_0_L suspensionVar=Axle_Suspension_0_L steeringVar=Axle_Steering_0_L pose=(2.800190,1.101400,0.508876)
[2026-09-22 23:05:05] Wheel cfgWheel=1 odeWheel=1 origin=(2.800190,-1.101436,0.478902) rotationVar=Wheel_Rotation_0_R suspensionVar=Axle_Suspension_0_R steeringVar=Axle_Steering_0_R pose=(2.800190,-1.101400,0.508876)
[2026-09-22 23:05:05] Wheel cfgWheel=2 odeWheel=2 origin=(-2.924410,0.966357,0.478902) rotationVar=Wheel_Rotation_1_L suspensionVar=Axle_Suspension_1_L steeringVar= pose=(-2.924410,0.966360,0.508876)
[2026-09-22 23:05:05] Wheel cfgWheel=3 odeWheel=3 origin=(-2.924410,-0.966357,0.478902) rotationVar=Wheel_Rotation_1_R suspensionVar=Axle_Suspension_1_R steeringVar= pose=(-2.924410,-0.966360,0.508876)
[2026-09-22 23:05:19] Game Changed camera view to 0
[2026-09-22 23:05:20] Game Key W pressed
[2026-09-22 23:05:22] Simulation Upshifted to gear 2
[2026-09-22 23:05:24] Game Key W released
[2026-09-22 23:05:26] Simulation Downshifted to gear 1
